-30.000000 0.00000000000000000000
-29.990000 0.00000000000000000000
-29.980000 0.00000000000000000000
-29.970000 0.00000000000000000000
-29.960000 0.00000000000000000000
-29.950000 0.00000000000000000000
-29.940000 0.00000000000000000000
-29.930000 0.00000000000000000000
-29.920000 0.00000000000000000000
-29.910000 0.00000000000000000000
-29.900000 0.00000000000000000000
-29.890000 0.00000000000000000000
-29.880000 0.00000000000000000000
-29.870000 0.00000000000000000000
-29.860000 0.00000000000000000000
-29.850000 0.00000000000000000000
-29.840000 0.00000000000000000000
-29.830000 0.00000000000000000000
-29.820000 0.00000000000000000000
-29.810000 0.00000000000000000000
-29.800000 0.00000000000000000000
-29.790000 0.00000000000000000000
-29.780000 0.00000000000000000000
-29.770000 0.00000000000000000000
-29.760000 0.00000000000000000000
-29.750000 0.00000000000000000000
-29.740000 0.00000000000000000000
-29.730000 0.00000000000000000000
-29.720000 0.00000000000000000000
-29.710000 0.00000000000000000000
-29.700000 0.00000000000000000000
-29.690000 0.00000000000000000000
-29.680000 0.00000000000000000000
-29.670000 0.00000000000000000000
-29.660000 0.00000000000000000000
-29.650000 0.00000000000000000000
-29.640000 0.00000000000000000000
-29.630000 0.00000000000000000000
-29.620000 0.00000000000000000000
-29.610000 0.00000000000000000000
-29.600000 0.00000000000000000000
-29.590000 0.00000000000000000000
-29.580000 0.00000000000000000000
-29.570000 0.00000000000000000000
-29.560000 0.00000000000000000000
-29.550000 0.00000000000000000000
-29.540000 0.00000000000000000000
-29.530000 0.00000000000000000000
-29.520000 0.00000000000000000000
-29.510000 0.00000000000000000000
-29.500000 0.00000000000000000000
-29.490000 0.00000000000000000000
-29.480000 0.00000000000000000000
-29.470000 0.00000000000000000000
-29.460000 0.00000000000000000000
-29.450000 0.00000000000000000000
-29.440000 0.00000000000000000000
-29.430000 0.00000000000000000000
-29.420000 0.00000000000000000000
-29.410000 0.00000000000000000000
-29.400000 0.00000000000000000000
-29.390000 0.00000000000000000000
-29.380000 0.00000000000000000000
-29.370000 0.00000000000000000000
-29.360000 0.00000000000000000000
-29.350000 0.00000000000000000000
-29.340000 0.00000000000000000000
-29.330000 0.00000000000000000000
-29.320000 0.00000000000000000000
-29.310000 0.00000000000000000000
-29.300000 0.00000000000000000000
-29.290000 0.00000000000000000000
-29.280000 0.00000000000000000000
-29.270000 0.00000000000000000000
-29.260000 0.00000000000000000000
-29.250000 0.00000000000000000000
-29.240000 0.00000000000000000000
-29.230000 0.00000000000000000000
-29.220000 0.00000000000000000000
-29.210000 0.00000000000000000000
-29.200000 0.00000000000000000000
-29.190000 0.00000000000000000000
-29.180000 0.00000000000000000000
-29.170000 0.00000000000000000000
-29.160000 0.00000000000000000000
-29.150000 0.00000000000000000000
-29.140000 0.00000000000000000000
-29.130000 0.00000000000000000000
-29.120000 0.00000000000000000000
-29.110000 0.00000000000000000000
-29.100000 0.00000000000000000000
-29.090000 0.00000000000000000000
-29.080000 0.00000000000000000000
-29.070000 0.00000000000000000000
-29.060000 0.00000000000000000000
-29.050000 0.00000000000000000000
-29.040000 0.00000000000000000000
-29.030000 0.00000000000000000000
-29.020000 0.00000000000000000000
-29.010000 0.00000000000000000000
-29.000000 0.00000000000000000000
-28.990000 0.00000000000000000000
-28.980000 0.00000000000000000000
-28.970000 0.00000000000000000000
-28.960000 0.00000000000000000000
-28.950000 0.00000000000000000000
-28.940000 0.00000000000000000000
-28.930000 0.00000000000000000000
-28.920000 0.00000000000000000000
-28.910000 0.00000000000000000000
-28.900000 0.00000000000000000000
-28.890000 0.00000000000000000000
-28.880000 0.00000000000000000000
-28.870000 0.00000000000000000000
-28.860000 0.00000000000000000000
-28.850000 0.00000000000000000000
-28.840000 0.00000000000000000000
-28.830000 0.00000000000000000000
-28.820000 0.00000000000000000000
-28.810000 0.00000000000000000000
-28.800000 0.00000000000000000000
-28.790000 0.00000000000000000000
-28.780000 0.00000000000000000000
-28.770000 0.00000000000000000000
-28.760000 0.00000000000000000000
-28.750000 0.00000000000000000000
-28.740000 0.00000000000000000000
-28.730000 0.00000000000000000000
-28.720000 0.00000000000000000000
-28.710000 0.00000000000000000000
-28.700000 0.00000000000000000000
-28.690000 0.00000000000000000000
-28.680000 0.00000000000000000000
-28.670000 0.00000000000000000000
-28.660000 0.00000000000000000000
-28.650000 0.00000000000000000000
-28.640000 0.00000000000000000000
-28.630000 0.00000000000000000000
-28.620000 0.00000000000000000000
-28.610000 0.00000000000000000000
-28.600000 0.00000000000000000000
-28.590000 0.00000000000000000000
-28.580000 0.00000000000000000000
-28.570000 0.00000000000000000000
-28.560000 0.00000000000000000000
-28.550000 0.00000000000000000000
-28.540000 0.00000000000000000000
-28.530000 0.00000000000000000000
-28.520000 0.00000000000000000000
-28.510000 0.00000000000000000000
-28.500000 0.00000000000000000000
-28.490000 0.00000000000000000000
-28.480000 0.00000000000000000000
-28.470000 0.00000000000000000000
-28.460000 0.00000000000000000000
-28.450000 0.00000000000000000000
-28.440000 0.00000000000000000000
-28.430000 0.00000000000000000000
-28.420000 0.00000000000000000000
-28.410000 0.00000000000000000000
-28.400000 0.00000000000000000000
-28.390000 0.00000000000000000000
-28.380000 0.00000000000000000000
-28.370000 0.00000000000000000000
-28.360000 0.00000000000000000000
-28.350000 0.00000000000000000000
-28.340000 0.00000000000000000000
-28.330000 0.00000000000000000000
-28.320000 0.00000000000000000000
-28.310000 0.00000000000000000000
-28.300000 0.00000000000000000000
-28.290000 0.00000000000000000000
-28.280000 0.00000000000000000000
-28.270000 0.00000000000000000000
-28.260000 0.00000000000000000000
-28.250000 0.00000000000000000000
-28.240000 0.00000000000000000000
-28.230000 0.00000000000000000000
-28.220000 0.00000000000000000000
-28.210000 0.00000000000000000000
-28.200000 0.00000000000000000000
-28.190000 0.00000000000000000000
-28.180000 0.00000000000000000000
-28.170000 0.00000000000000000000
-28.160000 0.00000000000000000000
-28.150000 0.00000000000000000000
-28.140000 0.00000000000000000000
-28.130000 0.00000000000000000000
-28.120000 0.00000000000000000000
-28.110000 0.00000000000000000000
-28.100000 0.00000000000000000000
-28.090000 0.00000000000000000000
-28.080000 0.00000000000000000000
-28.070000 0.00000000000000000000
-28.060000 0.00000000000000000000
-28.050000 0.00000000000000000000
-28.040000 0.00000000000000000000
-28.030000 0.00000000000000000000
-28.020000 0.00000000000000000000
-28.010000 0.00000000000000000000
-28.000000 0.00000000000000000000
-27.990000 0.00000000000000000000
-27.980000 0.00000000000000000000
-27.970000 0.00000000000000000000
-27.960000 0.00000000000000000000
-27.950000 0.00000000000000000000
-27.940000 0.00000000000000000000
-27.930000 0.00000000000000000000
-27.920000 0.00000000000000000000
-27.910000 0.00000000000000000000
-27.900000 0.00000000000000000000
-27.890000 0.00000000000000000000
-27.880000 0.00000000000000000000
-27.870000 0.00000000000000000000
-27.860000 0.00000000000000000000
-27.850000 0.00000000000000000000
-27.840000 0.00000000000000000000
-27.830000 0.00000000000000000000
-27.820000 0.00000000000000000000
-27.810000 0.00000000000000000000
-27.800000 0.00000000000000000000
-27.790000 0.00000000000000000000
-27.780000 0.00000000000000000000
-27.770000 0.00000000000000000000
-27.760000 0.00000000000000000000
-27.750000 0.00000000000000000000
-27.740000 0.00000000000000000000
-27.730000 0.00000000000000000000
-27.720000 0.00000000000000000000
-27.710000 0.00000000000000000000
-27.700000 0.00000000000000000000
-27.690000 0.00000000000000000000
-27.680000 0.00000000000000000000
-27.670000 0.00000000000000000000
-27.660000 0.00000000000000000000
-27.650000 0.00000000000000000000
-27.640000 0.00000000000000000000
-27.630000 0.00000000000000000000
-27.620000 0.00000000000000000000
-27.610000 0.00000000000000000000
-27.600000 0.00000000000000000000
-27.590000 0.00000000000000000000
-27.580000 0.00000000000000000000
-27.570000 0.00000000000000000000
-27.560000 0.00000000000000000000
-27.550000 0.00000000000000000000
-27.540000 0.00000000000000000000
-27.530000 0.00000000000000000000
-27.520000 0.00000000000000000000
-27.510000 0.00000000000000000000
-27.500000 0.00000000000000000000
-27.490000 0.00000000000000000000
-27.480000 0.00000000000000000000
-27.470000 0.00000000000000000000
-27.460000 0.00000000000000000000
-27.450000 0.00000000000000000000
-27.440000 0.00000000000000000000
-27.430000 0.00000000000000000000
-27.420000 0.00000000000000000000
-27.410000 0.00000000000000000000
-27.400000 0.00000000000000000000
-27.390000 0.00000000000000000000
-27.380000 0.00000000000000000000
-27.370000 0.00000000000000000000
-27.360000 0.00000000000000000000
-27.350000 0.00000000000000000000
-27.340000 0.00000000000000000000
-27.330000 0.00000000000000000000
-27.320000 0.00000000000000000000
-27.310000 0.00000000000000000000
-27.300000 0.00000000000000000000
-27.290000 0.00000000000000000000
-27.280000 0.00000000000000000000
-27.270000 0.00000000000000000000
-27.260000 0.00000000000000000000
-27.250000 0.00000000000000000000
-27.240000 0.00000000000000000000
-27.230000 0.00000000000000000000
-27.220000 0.00000000000000000000
-27.210000 0.00000000000000000000
-27.200000 0.00000000000000000000
-27.190000 0.00000000000000000000
-27.180000 0.00000000000000000000
-27.170000 0.00000000000000000000
-27.160000 0.00000000000000000000
-27.150000 0.00000000000000000000
-27.140000 0.00000000000000000000
-27.130000 0.00000000000000000000
-27.120000 0.00000000000000000000
-27.110000 0.00000000000000000000
-27.100000 0.00000000000000000000
-27.090000 0.00000000000000000000
-27.080000 0.00000000000000000000
-27.070000 0.00000000000000000000
-27.060000 0.00000000000000000000
-27.050000 0.00000000000000000000
-27.040000 0.00000000000000000000
-27.030000 0.00000000000000000000
-27.020000 0.00000000000000000000
-27.010000 0.00000000000000000000
-27.000000 0.00000000000000000000
-26.990000 0.00000000000000000000
-26.980000 0.00000000000000000000
-26.970000 0.00000000000000000000
-26.960000 0.00000000000000000000
-26.950000 0.00000000000000000000
-26.940000 0.00000000000000000000
-26.930000 0.00000000000000000000
-26.920000 0.00000000000000000000
-26.910000 0.00000000000000000000
-26.900000 0.00000000000000000000
-26.890000 0.00000000000000000000
-26.880000 0.00000000000000000000
-26.870000 0.00000000000000000000
-26.860000 0.00000000000000000000
-26.850000 0.00000000000000000000
-26.840000 0.00000000000000000000
-26.830000 0.00000000000000000000
-26.820000 0.00000000000000000000
-26.810000 0.00000000000000000000
-26.800000 0.00000000000000000000
-26.790000 0.00000000000000000000
-26.780000 0.00000000000000000000
-26.770000 0.00000000000000000000
-26.760000 0.00000000000000000000
-26.750000 0.00000000000000000000
-26.740000 0.00000000000000000000
-26.730000 0.00000000000000000000
-26.720000 0.00000000000000000000
-26.710000 0.00000000000000000000
-26.700000 0.00000000000000000000
-26.690000 0.00000000000000000000
-26.680000 0.00000000000000000000
-26.670000 0.00000000000000000000
-26.660000 0.00000000000000000000
-26.650000 0.00000000000000000000
-26.640000 0.00000000000000000000
-26.630000 0.00000000000000000000
-26.620000 0.00000000000000000000
-26.610000 0.00000000000000000000
-26.600000 0.00000000000000000000
-26.590000 0.00000000000000000000
-26.580000 0.00000000000000000000
-26.570000 0.00000000000000000000
-26.560000 0.00000000000000000000
-26.550000 0.00000000000000000000
-26.540000 0.00000000000000000000
-26.530000 0.00000000000000000000
-26.520000 0.00000000000000000000
-26.510000 0.00000000000000000000
-26.500000 0.00000000000000000000
-26.490000 0.00000000000000000000
-26.480000 0.00000000000000000000
-26.470000 0.00000000000000000000
-26.460000 0.00000000000000000000
-26.450000 0.00000000000000000000
-26.440000 0.00000000000000000000
-26.430000 0.00000000000000000000
-26.420000 0.00000000000000000000
-26.410000 0.00000000000000000000
-26.400000 0.00000000000000000000
-26.390000 0.00000000000000000000
-26.380000 0.00000000000000000000
-26.370000 0.00000000000000000000
-26.360000 0.00000000000000000000
-26.350000 0.00000000000000000000
-26.340000 0.00000000000000000000
-26.330000 0.00000000000000000000
-26.320000 0.00000000000000000000
-26.310000 0.00000000000000000000
-26.300000 0.00000000000000000000
-26.290000 0.00000000000000000000
-26.280000 0.00000000000000000000
-26.270000 0.00000000000000000000
-26.260000 0.00000000000000000000
-26.250000 0.00000000000000000000
-26.240000 0.00000000000000000000
-26.230000 0.00000000000000000000
-26.220000 0.00000000000000000000
-26.210000 0.00000000000000000000
-26.200000 0.00000000000000000000
-26.190000 0.00000000000000000000
-26.180000 0.00000000000000000000
-26.170000 0.00000000000000000000
-26.160000 0.00000000000000000000
-26.150000 0.00000000000000000000
-26.140000 0.00000000000000000000
-26.130000 0.00000000000000000000
-26.120000 0.00000000000000000000
-26.110000 0.00000000000000000000
-26.100000 0.00000000000000000000
-26.090000 0.00000000000000000000
-26.080000 0.00000000000000000000
-26.070000 0.00000000000000000000
-26.060000 0.00000000000000000000
-26.050000 0.00000000000000000000
-26.040000 0.00000000000000000000
-26.030000 0.00000000000000000000
-26.020000 0.00000000000000000000
-26.010000 0.00000000000000000000
-26.000000 0.00000000000000000000
-25.990000 0.00000000000000000000
-25.980000 0.00000000000000000000
-25.970000 0.00000000000000000000
-25.960000 0.00000000000000000000
-25.950000 0.00000000000000000000
-25.940000 0.00000000000000000000
-25.930000 0.00000000000000000000
-25.920000 0.00000000000000000000
-25.910000 0.00000000000000000000
-25.900000 0.00000000000000000000
-25.890000 0.00000000000000000000
-25.880000 0.00000000000000000000
-25.870000 0.00000000000000000000
-25.860000 0.00000000000000000000
-25.850000 0.00000000000000000000
-25.840000 0.00000000000000000000
-25.830000 0.00000000000000000000
-25.820000 0.00000000000000000000
-25.810000 0.00000000000000000000
-25.800000 0.00000000000000000000
-25.790000 0.00000000000000000000
-25.780000 0.00000000000000000000
-25.770000 0.00000000000000000000
-25.760000 0.00000000000000000000
-25.750000 0.00000000000000000000
-25.740000 0.00000000000000000000
-25.730000 0.00000000000000000000
-25.720000 0.00000000000000000000
-25.710000 0.00000000000000000000
-25.700000 0.00000000000000000000
-25.690000 0.00000000000000000000
-25.680000 0.00000000000000000000
-25.670000 0.00000000000000000000
-25.660000 0.00000000000000000000
-25.650000 0.00000000000000000000
-25.640000 0.00000000000000000000
-25.630000 0.00000000000000000000
-25.620000 0.00000000000000000000
-25.610000 0.00000000000000000000
-25.600000 0.00000000000000000000
-25.590000 0.00000000000000000000
-25.580000 0.00000000000000000000
-25.570000 0.00000000000000000000
-25.560000 0.00000000000000000000
-25.550000 0.00000000000000000000
-25.540000 0.00000000000000000000
-25.530000 0.00000000000000000000
-25.520000 0.00000000000000000000
-25.510000 0.00000000000000000000
-25.500000 0.00000000000000000000
-25.490000 0.00000000000000000000
-25.480000 0.00000000000000000000
-25.470000 0.00000000000000000000
-25.460000 0.00000000000000000000
-25.450000 0.00000000000000000000
-25.440000 0.00000000000000000000
-25.430000 0.00000000000000000000
-25.420000 0.00000000000000000000
-25.410000 0.00000000000000000000
-25.400000 0.00000000000000000000
-25.390000 0.00000000000000000000
-25.380000 0.00000000000000000000
-25.370000 0.00000000000000000000
-25.360000 0.00000000000000000000
-25.350000 0.00000000000000000000
-25.340000 0.00000000000000000000
-25.330000 0.00000000000000000000
-25.320000 0.00000000000000000000
-25.310000 0.00000000000000000000
-25.300000 0.00000000000000000000
-25.290000 0.00000000000000000000
-25.280000 0.00000000000000000000
-25.270000 0.00000000000000000000
-25.260000 0.00000000000000000000
-25.250000 0.00000000000000000000
-25.240000 0.00000000000000000000
-25.230000 0.00000000000000000000
-25.220000 0.00000000000000000000
-25.210000 0.00000000000000000000
-25.200000 0.00000000000000000000
-25.190000 0.00000000000000000000
-25.180000 0.00000000000000000000
-25.170000 0.00000000000000000000
-25.160000 0.00000000000000000000
-25.150000 0.00000000000000000000
-25.140000 0.00000000000000000000
-25.130000 0.00000000000000000000
-25.120000 0.00000000000000000000
-25.110000 0.00000000000000000000
-25.100000 0.00000000000000000000
-25.090000 0.00000000000000000000
-25.080000 0.00000000000000000000
-25.070000 0.00000000000000000000
-25.060000 0.00000000000000000000
-25.050000 0.00000000000000000000
-25.040000 0.00000000000000000000
-25.030000 0.00000000000000000000
-25.020000 0.00000000000000000000
-25.010000 0.00000000000000000000
-25.000000 0.00000000000000000000
-24.990000 0.00000000000000000000
-24.980000 0.00000000000000000000
-24.970000 0.00000000000000000000
-24.960000 0.00000000000000000000
-24.950000 0.00000000000000000000
-24.940000 0.00000000000000000000
-24.930000 0.00000000000000000000
-24.920000 0.00000000000000000000
-24.910000 0.00000000000000000000
-24.900000 0.00000000000000000000
-24.890000 0.00000000000000000000
-24.880000 0.00000000000000000000
-24.870000 0.00000000000000000000
-24.860000 0.00000000000000000000
-24.850000 0.00000000000000000000
-24.840000 0.00000000000000000000
-24.830000 0.00000000000000000000
-24.820000 0.00000000000000000000
-24.810000 0.00000000000000000000
-24.800000 0.00000000000000000000
-24.790000 0.00000000000000000000
-24.780000 0.00000000000000000000
-24.770000 0.00000000000000000000
-24.760000 0.00000000000000000000
-24.750000 0.00000000000000000000
-24.740000 0.00000000000000000000
-24.730000 0.00000000000000000000
-24.720000 0.00000000000000000000
-24.710000 0.00000000000000000000
-24.700000 0.00000000000000000000
-24.690000 0.00000000000000000000
-24.680000 0.00000000000000000000
-24.670000 0.00000000000000000000
-24.660000 0.00000000000000000000
-24.650000 0.00000000000000000000
-24.640000 0.00000000000000000000
-24.630000 0.00000000000000000000
-24.620000 0.00000000000000000000
-24.610000 0.00000000000000000000
-24.600000 0.00000000000000000000
-24.590000 0.00000000000000000000
-24.580000 0.00000000000000000000
-24.570000 0.00000000000000000000
-24.560000 0.00000000000000000000
-24.550000 0.00000000000000000000
-24.540000 0.00000000000000000000
-24.530000 0.00000000000000000000
-24.520000 0.00000000000000000000
-24.510000 0.00000000000000000000
-24.500000 0.00000000000000000000
-24.490000 0.00000000000000000000
-24.480000 0.00000000000000000000
-24.470000 0.00000000000000000000
-24.460000 0.00000000000000000000
-24.450000 0.00000000000000000000
-24.440000 0.00000000000000000000
-24.430000 0.00000000000000000000
-24.420000 0.00000000000000000000
-24.410000 0.00000000000000000000
-24.400000 0.00000000000000000000
-24.390000 0.00000000000000000000
-24.380000 0.00000000000000000000
-24.370000 0.00000000000000000000
-24.360000 0.00000000000000000000
-24.350000 0.00000000000000000000
-24.340000 0.00000000000000000000
-24.330000 0.00000000000000000000
-24.320000 0.00000000000000000000
-24.310000 0.00000000000000000000
-24.300000 0.00000000000000000000
-24.290000 0.00000000000000000000
-24.280000 0.00000000000000000000
-24.270000 0.00000000000000000000
-24.260000 0.00000000000000000000
-24.250000 0.00000000000000000000
-24.240000 0.00000000000000000000
-24.230000 0.00000000000000000000
-24.220000 0.00000000000000000000
-24.210000 0.00000000000000000000
-24.200000 0.00000000000000000000
-24.190000 0.00000000000000000000
-24.180000 0.00000000000000000000
-24.170000 0.00000000000000000000
-24.160000 0.00000000000000000001
-24.150000 0.00000000000000000001
-24.140000 0.00000000000000000001
-24.130000 0.00000000000000000001
-24.120000 0.00000000000000000001
-24.110000 0.00000000000000000001
-24.100000 0.00000000000000000001
-24.090000 0.00000000000000000001
-24.080000 0.00000000000000000001
-24.070000 0.00000000000000000001
-24.060000 0.00000000000000000001
-24.050000 0.00000000000000000001
-24.040000 0.00000000000000000001
-24.030000 0.00000000000000000001
-24.020000 0.00000000000000000001
-24.010000 0.00000000000000000001
-24.000000 0.00000000000000000001
-23.990000 0.00000000000000000001
-23.980000 0.00000000000000000001
-23.970000 0.00000000000000000001
-23.960000 0.00000000000000000001
-23.950000 0.00000000000000000001
-23.940000 0.00000000000000000001
-23.930000 0.00000000000000000001
-23.920000 0.00000000000000000001
-23.910000 0.00000000000000000001
-23.900000 0.00000000000000000001
-23.890000 0.00000000000000000001
-23.880000 0.00000000000000000001
-23.870000 0.00000000000000000001
-23.860000 0.00000000000000000001
-23.850000 0.00000000000000000001
-23.840000 0.00000000000000000001
-23.830000 0.00000000000000000001
-23.820000 0.00000000000000000001
-23.810000 0.00000000000000000001
-23.800000 0.00000000000000000001
-23.790000 0.00000000000000000001
-23.780000 0.00000000000000000001
-23.770000 0.00000000000000000001
-23.760000 0.00000000000000000001
-23.750000 0.00000000000000000001
-23.740000 0.00000000000000000001
-23.730000 0.00000000000000000001
-23.720000 0.00000000000000000001
-23.710000 0.00000000000000000001
-23.700000 0.00000000000000000001
-23.690000 0.00000000000000000001
-23.680000 0.00000000000000000001
-23.670000 0.00000000000000000001
-23.660000 0.00000000000000000001
-23.650000 0.00000000000000000001
-23.640000 0.00000000000000000001
-23.630000 0.00000000000000000001
-23.620000 0.00000000000000000001
-23.610000 0.00000000000000000001
-23.600000 0.00000000000000000001
-23.590000 0.00000000000000000001
-23.580000 0.00000000000000000001
-23.570000 0.00000000000000000001
-23.560000 0.00000000000000000001
-23.550000 0.00000000000000000001
-23.540000 0.00000000000000000002
-23.530000 0.00000000000000000002
-23.520000 0.00000000000000000002
-23.510000 0.00000000000000000002
-23.500000 0.00000000000000000002
-23.490000 0.00000000000000000002
-23.480000 0.00000000000000000002
-23.470000 0.00000000000000000002
-23.460000 0.00000000000000000002
-23.450000 0.00000000000000000002
-23.440000 0.00000000000000000002
-23.430000 0.00000000000000000002
-23.420000 0.00000000000000000002
-23.410000 0.00000000000000000002
-23.400000 0.00000000000000000002
-23.390000 0.00000000000000000002
-23.380000 0.00000000000000000002
-23.370000 0.00000000000000000002
-23.360000 0.00000000000000000002
-23.350000 0.00000000000000000002
-23.340000 0.00000000000000000002
-23.330000 0.00000000000000000002
-23.320000 0.00000000000000000002
-23.310000 0.00000000000000000002
-23.300000 0.00000000000000000002
-23.290000 0.00000000000000000002
-23.280000 0.00000000000000000002
-23.270000 0.00000000000000000002
-23.260000 0.00000000000000000002
-23.250000 0.00000000000000000003
-23.240000 0.00000000000000000003
-23.230000 0.00000000000000000003
-23.220000 0.00000000000000000003
-23.210000 0.00000000000000000003
-23.200000 0.00000000000000000003
-23.190000 0.00000000000000000003
-23.180000 0.00000000000000000003
-23.170000 0.00000000000000000003
-23.160000 0.00000000000000000003
-23.150000 0.00000000000000000003
-23.140000 0.00000000000000000003
-23.130000 0.00000000000000000003
-23.120000 0.00000000000000000003
-23.110000 0.00000000000000000003
-23.100000 0.00000000000000000003
-23.090000 0.00000000000000000003
-23.080000 0.00000000000000000003
-23.070000 0.00000000000000000003
-23.060000 0.00000000000000000004
-23.050000 0.00000000000000000004
-23.040000 0.00000000000000000004
-23.030000 0.00000000000000000004
-23.020000 0.00000000000000000004
-23.010000 0.00000000000000000004
-23.000000 0.00000000000000000004
-22.990000 0.00000000000000000004
-22.980000 0.00000000000000000004
-22.970000 0.00000000000000000004
-22.960000 0.00000000000000000004
-22.950000 0.00000000000000000004
-22.940000 0.00000000000000000004
-22.930000 0.00000000000000000004
-22.920000 0.00000000000000000004
-22.910000 0.00000000000000000005
-22.900000 0.00000000000000000005
-22.890000 0.00000000000000000005
-22.880000 0.00000000000000000005
-22.870000 0.00000000000000000005
-22.860000 0.00000000000000000005
-22.850000 0.00000000000000000005
-22.840000 0.00000000000000000005
-22.830000 0.00000000000000000005
-22.820000 0.00000000000000000005
-22.810000 0.00000000000000000005
-22.800000 0.00000000000000000006
-22.790000 0.00000000000000000006
-22.780000 0.00000000000000000006
-22.770000 0.00000000000000000006
-22.760000 0.00000000000000000006
-22.750000 0.00000000000000000006
-22.740000 0.00000000000000000006
-22.730000 0.00000000000000000006
-22.720000 0.00000000000000000006
-22.710000 0.00000000000000000006
-22.700000 0.00000000000000000007
-22.690000 0.00000000000000000007
-22.680000 0.00000000000000000007
-22.670000 0.00000000000000000007
-22.660000 0.00000000000000000007
-22.650000 0.00000000000000000007
-22.640000 0.00000000000000000007
-22.630000 0.00000000000000000007
-22.620000 0.00000000000000000008
-22.610000 0.00000000000000000008
-22.600000 0.00000000000000000008
-22.590000 0.00000000000000000008
-22.580000 0.00000000000000000008
-22.570000 0.00000000000000000008
-22.560000 0.00000000000000000008
-22.550000 0.00000000000000000009
-22.540000 0.00000000000000000009
-22.530000 0.00000000000000000009
-22.520000 0.00000000000000000009
-22.510000 0.00000000000000000009
-22.500000 0.00000000000000000009
-22.490000 0.00000000000000000010
-22.480000 0.00000000000000000010
-22.470000 0.00000000000000000010
-22.460000 0.00000000000000000010
-22.450000 0.00000000000000000010
-22.440000 0.00000000000000000010
-22.430000 0.00000000000000000011
-22.420000 0.00000000000000000011
-22.410000 0.00000000000000000011
-22.400000 0.00000000000000000011
-22.390000 0.00000000000000000011
-22.380000 0.00000000000000000012
-22.370000 0.00000000000000000012
-22.360000 0.00000000000000000012
-22.350000 0.00000000000000000012
-22.340000 0.00000000000000000012
-22.330000 0.00000000000000000013
-22.320000 0.00000000000000000013
-22.310000 0.00000000000000000013
-22.300000 0.00000000000000000013
-22.290000 0.00000000000000000014
-22.280000 0.00000000000000000014
-22.270000 0.00000000000000000014
-22.260000 0.00000000000000000014
-22.250000 0.00000000000000000015
-22.240000 0.00000000000000000015
-22.230000 0.00000000000000000015
-22.220000 0.00000000000000000015
-22.210000 0.00000000000000000016
-22.200000 0.00000000000000000016
-22.190000 0.00000000000000000016
-22.180000 0.00000000000000000016
-22.170000 0.00000000000000000017
-22.160000 0.00000000000000000017
-22.150000 0.00000000000000000017
-22.140000 0.00000000000000000018
-22.130000 0.00000000000000000018
-22.120000 0.00000000000000000018
-22.110000 0.00000000000000000019
-22.100000 0.00000000000000000019
-22.090000 0.00000000000000000019
-22.080000 0.00000000000000000020
-22.070000 0.00000000000000000020
-22.060000 0.00000000000000000020
-22.050000 0.00000000000000000021
-22.040000 0.00000000000000000021
-22.030000 0.00000000000000000021
-22.020000 0.00000000000000000022
-22.010000 0.00000000000000000022
-22.000000 0.00000000000000000023
-21.990000 0.00000000000000000023
-21.980000 0.00000000000000000023
-21.970000 0.00000000000000000024
-21.960000 0.00000000000000000024
-21.950000 0.00000000000000000025
-21.940000 0.00000000000000000025
-21.930000 0.00000000000000000026
-21.920000 0.00000000000000000026
-21.910000 0.00000000000000000026
-21.900000 0.00000000000000000027
-21.890000 0.00000000000000000027
-21.880000 0.00000000000000000028
-21.870000 0.00000000000000000028
-21.860000 0.00000000000000000029
-21.850000 0.00000000000000000029
-21.840000 0.00000000000000000030
-21.830000 0.00000000000000000030
-21.820000 0.00000000000000000031
-21.810000 0.00000000000000000032
-21.800000 0.00000000000000000032
-21.790000 0.00000000000000000033
-21.780000 0.00000000000000000033
-21.770000 0.00000000000000000034
-21.760000 0.00000000000000000034
-21.750000 0.00000000000000000035
-21.740000 0.00000000000000000036
-21.730000 0.00000000000000000036
-21.720000 0.00000000000000000037
-21.710000 0.00000000000000000038
-21.700000 0.00000000000000000038
-21.690000 0.00000000000000000039
-21.680000 0.00000000000000000040
-21.670000 0.00000000000000000040
-21.660000 0.00000000000000000041
-21.650000 0.00000000000000000042
-21.640000 0.00000000000000000043
-21.630000 0.00000000000000000043
-21.620000 0.00000000000000000044
-21.610000 0.00000000000000000045
-21.600000 0.00000000000000000046
-21.590000 0.00000000000000000046
-21.580000 0.00000000000000000047
-21.570000 0.00000000000000000048
-21.560000 0.00000000000000000049
-21.550000 0.00000000000000000050
-21.540000 0.00000000000000000051
-21.530000 0.00000000000000000052
-21.520000 0.00000000000000000053
-21.510000 0.00000000000000000053
-21.500000 0.00000000000000000054
-21.490000 0.00000000000000000055
-21.480000 0.00000000000000000056
-21.470000 0.00000000000000000057
-21.460000 0.00000000000000000058
-21.450000 0.00000000000000000059
-21.440000 0.00000000000000000061
-21.430000 0.00000000000000000062
-21.420000 0.00000000000000000063
-21.410000 0.00000000000000000064
-21.400000 0.00000000000000000065
-21.390000 0.00000000000000000066
-21.380000 0.00000000000000000067
-21.370000 0.00000000000000000068
-21.360000 0.00000000000000000070
-21.350000 0.00000000000000000071
-21.340000 0.00000000000000000072
-21.330000 0.00000000000000000073
-21.320000 0.00000000000000000075
-21.310000 0.00000000000000000076
-21.300000 0.00000000000000000077
-21.290000 0.00000000000000000079
-21.280000 0.00000000000000000080
-21.270000 0.00000000000000000082
-21.260000 0.00000000000000000083
-21.250000 0.00000000000000000085
-21.240000 0.00000000000000000086
-21.230000 0.00000000000000000088
-21.220000 0.00000000000000000089
-21.210000 0.00000000000000000091
-21.200000 0.00000000000000000092
-21.190000 0.00000000000000000094
-21.180000 0.00000000000000000096
-21.170000 0.00000000000000000097
-21.160000 0.00000000000000000099
-21.150000 0.00000000000000000101
-21.140000 0.00000000000000000103
-21.130000 0.00000000000000000104
-21.120000 0.00000000000000000106
-21.110000 0.00000000000000000108
-21.100000 0.00000000000000000110
-21.090000 0.00000000000000000112
-21.080000 0.00000000000000000114
-21.070000 0.00000000000000000116
-21.060000 0.00000000000000000118
-21.050000 0.00000000000000000120
-21.040000 0.00000000000000000122
-21.030000 0.00000000000000000124
-21.020000 0.00000000000000000127
-21.010000 0.00000000000000000129
-21.000000 0.00000000000000000131
-20.990000 0.00000000000000000134
-20.980000 0.00000000000000000136
-20.970000 0.00000000000000000138
-20.960000 0.00000000000000000141
-20.950000 0.00000000000000000143
-20.940000 0.00000000000000000146
-20.930000 0.00000000000000000148
-20.920000 0.00000000000000000151
-20.910000 0.00000000000000000154
-20.900000 0.00000000000000000156
-20.890000 0.00000000000000000159
-20.880000 0.00000000000000000162
-20.870000 0.00000000000000000165
-20.860000 0.00000000000000000168
-20.850000 0.00000000000000000171
-20.840000 0.00000000000000000174
-20.830000 0.00000000000000000177
-20.820000 0.00000000000000000180
-20.810000 0.00000000000000000183
-20.800000 0.00000000000000000186
-20.790000 0.00000000000000000190
-20.780000 0.00000000000000000193
-20.770000 0.00000000000000000197
-20.760000 0.00000000000000000200
-20.750000 0.00000000000000000204
-20.740000 0.00000000000000000207
-20.730000 0.00000000000000000211
-20.720000 0.00000000000000000215
-20.710000 0.00000000000000000218
-20.700000 0.00000000000000000222
-20.690000 0.00000000000000000226
-20.680000 0.00000000000000000230
-20.670000 0.00000000000000000234
-20.660000 0.00000000000000000239
-20.650000 0.00000000000000000243
-20.640000 0.00000000000000000247
-20.630000 0.00000000000000000251
-20.620000 0.00000000000000000256
-20.610000 0.00000000000000000260
-20.600000 0.00000000000000000265
-20.590000 0.00000000000000000270
-20.580000 0.00000000000000000275
-20.570000 0.00000000000000000279
-20.560000 0.00000000000000000284
-20.550000 0.00000000000000000289
-20.540000 0.00000000000000000295
-20.530000 0.00000000000000000300
-20.520000 0.00000000000000000305
-20.510000 0.00000000000000000311
-20.500000 0.00000000000000000316
-20.490000 0.00000000000000000322
-20.480000 0.00000000000000000327
-20.470000 0.00000000000000000333
-20.460000 0.00000000000000000339
-20.450000 0.00000000000000000345
-20.440000 0.00000000000000000351
-20.430000 0.00000000000000000357
-20.420000 0.00000000000000000364
-20.410000 0.00000000000000000370
-20.400000 0.00000000000000000377
-20.390000 0.00000000000000000383
-20.380000 0.00000000000000000390
-20.370000 0.00000000000000000397
-20.360000 0.00000000000000000404
-20.350000 0.00000000000000000411
-20.340000 0.00000000000000000419
-20.330000 0.00000000000000000426
-20.320000 0.00000000000000000434
-20.310000 0.00000000000000000441
-20.300000 0.00000000000000000449
-20.290000 0.00000000000000000457
-20.280000 0.00000000000000000465
-20.270000 0.00000000000000000474
-20.260000 0.00000000000000000482
-20.250000 0.00000000000000000491
-20.240000 0.00000000000000000499
-20.230000 0.00000000000000000508
-20.220000 0.00000000000000000517
-20.210000 0.00000000000000000526
-20.200000 0.00000000000000000536
-20.190000 0.00000000000000000545
-20.180000 0.00000000000000000555
-20.170000 0.00000000000000000565
-20.160000 0.00000000000000000575
-20.150000 0.00000000000000000585
-20.140000 0.00000000000000000595
-20.130000 0.00000000000000000606
-20.120000 0.00000000000000000617
-20.110000 0.00000000000000000627
-20.100000 0.00000000000000000639
-20.090000 0.00000000000000000650
-20.080000 0.00000000000000000661
-20.070000 0.00000000000000000673
-20.060000 0.00000000000000000685
-20.050000 0.00000000000000000697
-20.040000 0.00000000000000000710
-20.030000 0.00000000000000000722
-20.020000 0.00000000000000000735
-20.010000 0.00000000000000000748
-20.000000 0.00000000000000000761
-19.990000 0.00000000000000000775
-19.980000 0.00000000000000000789
-19.970000 0.00000000000000000803
-19.960000 0.00000000000000000817
-19.950000 0.00000000000000000831
-19.940000 0.00000000000000000846
-19.930000 0.00000000000000000861
-19.920000 0.00000000000000000876
-19.910000 0.00000000000000000892
-19.900000 0.00000000000000000908
-19.890000 0.00000000000000000924
-19.880000 0.00000000000000000940
-19.870000 0.00000000000000000957
-19.860000 0.00000000000000000974
-19.850000 0.00000000000000000991
-19.840000 0.00000000000000001009
-19.830000 0.00000000000000001027
-19.820000 0.00000000000000001045
-19.810000 0.00000000000000001064
-19.800000 0.00000000000000001082
-19.790000 0.00000000000000001102
-19.780000 0.00000000000000001121
-19.770000 0.00000000000000001141
-19.760000 0.00000000000000001161
-19.750000 0.00000000000000001182
-19.740000 0.00000000000000001203
-19.730000 0.00000000000000001224
-19.720000 0.00000000000000001246
-19.710000 0.00000000000000001268
-19.700000 0.00000000000000001291
-19.690000 0.00000000000000001313
-19.680000 0.00000000000000001337
-19.670000 0.00000000000000001360
-19.660000 0.00000000000000001385
-19.650000 0.00000000000000001409
-19.640000 0.00000000000000001434
-19.630000 0.00000000000000001460
-19.620000 0.00000000000000001486
-19.610000 0.00000000000000001512
-19.600000 0.00000000000000001539
-19.590000 0.00000000000000001566
-19.580000 0.00000000000000001594
-19.570000 0.00000000000000001622
-19.560000 0.00000000000000001651
-19.550000 0.00000000000000001680
-19.540000 0.00000000000000001710
-19.530000 0.00000000000000001740
-19.520000 0.00000000000000001771
-19.510000 0.00000000000000001803
-19.500000 0.00000000000000001835
-19.490000 0.00000000000000001867
-19.480000 0.00000000000000001900
-19.470000 0.00000000000000001934
-19.460000 0.00000000000000001968
-19.450000 0.00000000000000002003
-19.440000 0.00000000000000002039
-19.430000 0.00000000000000002075
-19.420000 0.00000000000000002112
-19.410000 0.00000000000000002149
-19.400000 0.00000000000000002187
-19.390000 0.00000000000000002226
-19.380000 0.00000000000000002266
-19.370000 0.00000000000000002306
-19.360000 0.00000000000000002347
-19.350000 0.00000000000000002389
-19.340000 0.00000000000000002431
-19.330000 0.00000000000000002474
-19.320000 0.00000000000000002518
-19.310000 0.00000000000000002563
-19.300000 0.00000000000000002608
-19.290000 0.00000000000000002654
-19.280000 0.00000000000000002701
-19.270000 0.00000000000000002749
-19.260000 0.00000000000000002798
-19.250000 0.00000000000000002848
-19.240000 0.00000000000000002898
-19.230000 0.00000000000000002950
-19.220000 0.00000000000000003002
-19.210000 0.00000000000000003055
-19.200000 0.00000000000000003110
-19.190000 0.00000000000000003165
-19.180000 0.00000000000000003221
-19.170000 0.00000000000000003278
-19.160000 0.00000000000000003336
-19.150000 0.00000000000000003396
-19.140000 0.00000000000000003456
-19.130000 0.00000000000000003517
-19.120000 0.00000000000000003580
-19.110000 0.00000000000000003643
-19.100000 0.00000000000000003708
-19.090000 0.00000000000000003773
-19.080000 0.00000000000000003840
-19.070000 0.00000000000000003909
-19.060000 0.00000000000000003978
-19.050000 0.00000000000000004049
-19.040000 0.00000000000000004120
-19.030000 0.00000000000000004194
-19.020000 0.00000000000000004268
-19.010000 0.00000000000000004344
-19.000000 0.00000000000000004421
-18.990000 0.00000000000000004499
-18.980000 0.00000000000000004579
-18.970000 0.00000000000000004660
-18.960000 0.00000000000000004743
-18.950000 0.00000000000000004827
-18.940000 0.00000000000000004913
-18.930000 0.00000000000000005000
-18.920000 0.00000000000000005089
-18.910000 0.00000000000000005179
-18.900000 0.00000000000000005271
-18.890000 0.00000000000000005364
-18.880000 0.00000000000000005460
-18.870000 0.00000000000000005557
-18.860000 0.00000000000000005655
-18.850000 0.00000000000000005756
-18.840000 0.00000000000000005858
-18.830000 0.00000000000000005962
-18.820000 0.00000000000000006067
-18.810000 0.00000000000000006175
-18.800000 0.00000000000000006285
-18.790000 0.00000000000000006396
-18.780000 0.00000000000000006510
-18.770000 0.00000000000000006625
-18.760000 0.00000000000000006743
-18.750000 0.00000000000000006862
-18.740000 0.00000000000000006984
-18.730000 0.00000000000000007108
-18.720000 0.00000000000000007234
-18.710000 0.00000000000000007363
-18.700000 0.00000000000000007493
-18.690000 0.00000000000000007626
-18.680000 0.00000000000000007762
-18.670000 0.00000000000000007899
-18.660000 0.00000000000000008040
-18.650000 0.00000000000000008182
-18.640000 0.00000000000000008327
-18.630000 0.00000000000000008475
-18.620000 0.00000000000000008626
-18.610000 0.00000000000000008779
-18.600000 0.00000000000000008935
-18.590000 0.00000000000000009093
-18.580000 0.00000000000000009254
-18.570000 0.00000000000000009419
-18.560000 0.00000000000000009586
-18.550000 0.00000000000000009756
-18.540000 0.00000000000000009929
-18.530000 0.00000000000000010105
-18.520000 0.00000000000000010285
-18.510000 0.00000000000000010467
-18.500000 0.00000000000000010653
-18.490000 0.00000000000000010842
-18.480000 0.00000000000000011034
-18.470000 0.00000000000000011230
-18.460000 0.00000000000000011430
-18.450000 0.00000000000000011632
-18.440000 0.00000000000000011839
-18.430000 0.00000000000000012049
-18.420000 0.00000000000000012263
-18.410000 0.00000000000000012480
-18.400000 0.00000000000000012702
-18.390000 0.00000000000000012927
-18.380000 0.00000000000000013157
-18.370000 0.00000000000000013390
-18.360000 0.00000000000000013628
-18.350000 0.00000000000000013870
-18.340000 0.00000000000000014116
-18.330000 0.00000000000000014366
-18.320000 0.00000000000000014621
-18.310000 0.00000000000000014881
-18.300000 0.00000000000000015145
-18.290000 0.00000000000000015414
-18.280000 0.00000000000000015687
-18.270000 0.00000000000000015966
-18.260000 0.00000000000000016249
-18.250000 0.00000000000000016537
-18.240000 0.00000000000000016831
-18.230000 0.00000000000000017130
-18.220000 0.00000000000000017434
-18.210000 0.00000000000000017743
-18.200000 0.00000000000000018058
-18.190000 0.00000000000000018379
-18.180000 0.00000000000000018705
-18.170000 0.00000000000000019037
-18.160000 0.00000000000000019375
-18.150000 0.00000000000000019718
-18.140000 0.00000000000000020068
-18.130000 0.00000000000000020425
-18.120000 0.00000000000000020787
-18.110000 0.00000000000000021156
-18.100000 0.00000000000000021531
-18.090000 0.00000000000000021914
-18.080000 0.00000000000000022303
-18.070000 0.00000000000000022698
-18.060000 0.00000000000000023101
-18.050000 0.00000000000000023511
-18.040000 0.00000000000000023929
-18.030000 0.00000000000000024353
-18.020000 0.00000000000000024785
-18.010000 0.00000000000000025225
-18.000000 0.00000000000000025673
-17.990000 0.00000000000000026129
-17.980000 0.00000000000000026592
-17.970000 0.00000000000000027064
-17.960000 0.00000000000000027545
-17.950000 0.00000000000000028034
-17.940000 0.00000000000000028531
-17.930000 0.00000000000000029038
-17.920000 0.00000000000000029553
-17.910000 0.00000000000000030078
-17.900000 0.00000000000000030611
-17.890000 0.00000000000000031155
-17.880000 0.00000000000000031708
-17.870000 0.00000000000000032271
-17.860000 0.00000000000000032843
-17.850000 0.00000000000000033426
-17.840000 0.00000000000000034020
-17.830000 0.00000000000000034623
-17.820000 0.00000000000000035238
-17.810000 0.00000000000000035863
-17.800000 0.00000000000000036500
-17.790000 0.00000000000000037148
-17.780000 0.00000000000000037807
-17.770000 0.00000000000000038478
-17.760000 0.00000000000000039161
-17.750000 0.00000000000000039856
-17.740000 0.00000000000000040564
-17.730000 0.00000000000000041284
-17.720000 0.00000000000000042016
-17.710000 0.00000000000000042762
-17.700000 0.00000000000000043521
-17.690000 0.00000000000000044294
-17.680000 0.00000000000000045080
-17.670000 0.00000000000000045880
-17.660000 0.00000000000000046695
-17.650000 0.00000000000000047523
-17.640000 0.00000000000000048367
-17.630000 0.00000000000000049225
-17.620000 0.00000000000000050099
-17.610000 0.00000000000000050988
-17.600000 0.00000000000000051893
-17.590000 0.00000000000000052815
-17.580000 0.00000000000000053752
-17.570000 0.00000000000000054706
-17.560000 0.00000000000000055677
-17.550000 0.00000000000000056666
-17.540000 0.00000000000000057671
-17.530000 0.00000000000000058695
-17.520000 0.00000000000000059737
-17.510000 0.00000000000000060797
-17.500000 0.00000000000000061877
-17.490000 0.00000000000000062975
-17.480000 0.00000000000000064093
-17.470000 0.00000000000000065230
-17.460000 0.00000000000000066388
-17.450000 0.00000000000000067567
-17.440000 0.00000000000000068766
-17.430000 0.00000000000000069987
-17.420000 0.00000000000000071229
-17.410000 0.00000000000000072494
-17.400000 0.00000000000000073780
-17.390000 0.00000000000000075090
-17.380000 0.00000000000000076423
-17.370000 0.00000000000000077780
-17.360000 0.00000000000000079160
-17.350000 0.00000000000000080565
-17.340000 0.00000000000000081996
-17.330000 0.00000000000000083451
-17.320000 0.00000000000000084933
-17.310000 0.00000000000000086440
-17.300000 0.00000000000000087975
-17.290000 0.00000000000000089536
-17.280000 0.00000000000000091126
-17.270000 0.00000000000000092743
-17.260000 0.00000000000000094390
-17.250000 0.00000000000000096065
-17.240000 0.00000000000000097771
-17.230000 0.00000000000000099506
-17.220000 0.00000000000000101273
-17.210000 0.00000000000000103070
-17.200000 0.00000000000000104900
-17.190000 0.00000000000000106762
-17.180000 0.00000000000000108658
-17.170000 0.00000000000000110587
-17.160000 0.00000000000000112550
-17.150000 0.00000000000000114548
-17.140000 0.00000000000000116581
-17.130000 0.00000000000000118651
-17.120000 0.00000000000000120757
-17.110000 0.00000000000000122901
-17.100000 0.00000000000000125083
-17.090000 0.00000000000000127303
-17.080000 0.00000000000000129563
-17.070000 0.00000000000000131863
-17.060000 0.00000000000000134204
-17.050000 0.00000000000000136587
-17.040000 0.00000000000000139011
-17.030000 0.00000000000000141479
-17.020000 0.00000000000000143991
-17.010000 0.00000000000000146547
-17.000000 0.00000000000000149149
-16.990000 0.00000000000000151797
-16.980000 0.00000000000000154491
-16.970000 0.00000000000000157234
-16.960000 0.00000000000000160026
-16.950000 0.00000000000000162867
-16.940000 0.00000000000000165758
-16.930000 0.00000000000000168701
-16.920000 0.00000000000000171696
-16.910000 0.00000000000000174744
-16.900000 0.00000000000000177846
-16.890000 0.00000000000000181004
-16.880000 0.00000000000000184217
-16.870000 0.00000000000000187488
-16.860000 0.00000000000000190816
-16.850000 0.00000000000000194204
-16.840000 0.00000000000000197652
-16.830000 0.00000000000000201161
-16.820000 0.00000000000000204732
-16.810000 0.00000000000000208367
-16.800000 0.00000000000000212066
-16.790000 0.00000000000000215831
-16.780000 0.00000000000000219663
-16.770000 0.00000000000000223563
-16.760000 0.00000000000000227532
-16.750000 0.00000000000000231572
-16.740000 0.00000000000000235683
-16.730000 0.00000000000000239868
-16.720000 0.00000000000000244127
-16.710000 0.00000000000000248461
-16.700000 0.00000000000000252872
-16.690000 0.00000000000000257362
-16.680000 0.00000000000000261931
-16.670000 0.00000000000000266582
-16.660000 0.00000000000000271315
-16.650000 0.00000000000000276132
-16.640000 0.00000000000000281035
-16.630000 0.00000000000000286024
-16.620000 0.00000000000000291103
-16.610000 0.00000000000000296271
-16.600000 0.00000000000000301532
-16.590000 0.00000000000000306885
-16.580000 0.00000000000000312334
-16.570000 0.00000000000000317880
-16.560000 0.00000000000000323524
-16.550000 0.00000000000000329268
-16.540000 0.00000000000000335114
-16.530000 0.00000000000000341065
-16.520000 0.00000000000000347120
-16.510000 0.00000000000000353284
-16.500000 0.00000000000000359556
-16.490000 0.00000000000000365941
-16.480000 0.00000000000000372438
-16.470000 0.00000000000000379051
-16.460000 0.00000000000000385781
-16.450000 0.00000000000000392631
-16.440000 0.00000000000000399603
-16.430000 0.00000000000000406698
-16.420000 0.00000000000000413920
-16.410000 0.00000000000000421269
-16.400000 0.00000000000000428750
-16.390000 0.00000000000000436362
-16.380000 0.00000000000000444111
-16.370000 0.00000000000000451997
-16.360000 0.00000000000000460022
-16.350000 0.00000000000000468191
-16.340000 0.00000000000000476504
-16.330000 0.00000000000000484965
-16.320000 0.00000000000000493577
-16.310000 0.00000000000000502341
-16.300000 0.00000000000000511261
-16.290000 0.00000000000000520340
-16.280000 0.00000000000000529579
-16.270000 0.00000000000000538983
-16.260000 0.00000000000000548554
-16.250000 0.00000000000000558294
-16.240000 0.00000000000000568208
-16.230000 0.00000000000000578298
-16.220000 0.00000000000000588567
-16.210000 0.00000000000000599019
-16.200000 0.00000000000000609656
-16.190000 0.00000000000000620482
-16.180000 0.00000000000000631500
-16.170000 0.00000000000000642714
-16.160000 0.00000000000000654127
-16.150000 0.00000000000000665743
-16.140000 0.00000000000000677565
-16.130000 0.00000000000000689597
-16.120000 0.00000000000000701843
-16.110000 0.00000000000000714306
-16.100000 0.00000000000000726991
-16.090000 0.00000000000000739901
-16.080000 0.00000000000000753041
-16.070000 0.00000000000000766413
-16.060000 0.00000000000000780023
-16.050000 0.00000000000000793876
-16.040000 0.00000000000000807973
-16.030000 0.00000000000000822322
-16.020000 0.00000000000000836925
-16.010000 0.00000000000000851788
-16.000000 0.00000000000000866915
-15.990000 0.00000000000000882310
-15.980000 0.00000000000000897979
-15.970000 0.00000000000000913926
-15.960000 0.00000000000000930157
-15.950000 0.00000000000000946675
-15.940000 0.00000000000000963488
-15.930000 0.00000000000000980598
-15.920000 0.00000000000000998013
-15.910000 0.00000000000001015737
-15.900000 0.00000000000001033776
-15.890000 0.00000000000001052136
-15.880000 0.00000000000001070821
-15.870000 0.00000000000001089839
-15.860000 0.00000000000001109194
-15.850000 0.00000000000001128893
-15.840000 0.00000000000001148942
-15.830000 0.00000000000001169347
-15.820000 0.00000000000001190115
-15.810000 0.00000000000001211252
-15.800000 0.00000000000001232763
-15.790000 0.00000000000001254657
-15.780000 0.00000000000001276941
-15.770000 0.00000000000001299620
-15.760000 0.00000000000001322702
-15.750000 0.00000000000001346194
-15.740000 0.00000000000001370103
-15.730000 0.00000000000001394437
-15.720000 0.00000000000001419203
-15.710000 0.00000000000001444409
-15.700000 0.00000000000001470063
-15.690000 0.00000000000001496173
-15.680000 0.00000000000001522747
-15.670000 0.00000000000001549793
-15.660000 0.00000000000001577318
-15.650000 0.00000000000001605334
-15.640000 0.00000000000001633847
-15.630000 0.00000000000001662866
-15.620000 0.00000000000001692401
-15.610000 0.00000000000001722461
-15.600000 0.00000000000001753054
-15.590000 0.00000000000001784192
-15.580000 0.00000000000001815882
-15.570000 0.00000000000001848136
-15.560000 0.00000000000001880962
-15.550000 0.00000000000001914372
-15.540000 0.00000000000001948376
-15.530000 0.00000000000001982983
-15.520000 0.00000000000002018205
-15.510000 0.00000000000002054054
-15.500000 0.00000000000002090538
-15.490000 0.00000000000002127672
-15.480000 0.00000000000002165465
-15.470000 0.00000000000002203929
-15.460000 0.00000000000002243077
-15.450000 0.00000000000002282920
-15.440000 0.00000000000002323471
-15.430000 0.00000000000002364744
-15.420000 0.00000000000002406748
-15.410000 0.00000000000002449500
-15.400000 0.00000000000002493011
-15.390000 0.00000000000002537295
-15.380000 0.00000000000002582366
-15.370000 0.00000000000002628238
-15.360000 0.00000000000002674924
-15.350000 0.00000000000002722442
-15.340000 0.00000000000002770802
-15.330000 0.00000000000002820022
-15.320000 0.00000000000002870117
-15.310000 0.00000000000002921101
-15.300000 0.00000000000002972992
-15.290000 0.00000000000003025804
-15.280000 0.00000000000003079555
-15.270000 0.00000000000003134262
-15.260000 0.00000000000003189940
-15.250000 0.00000000000003246608
-15.240000 0.00000000000003304283
-15.230000 0.00000000000003362981
-15.220000 0.00000000000003422725
-15.210000 0.00000000000003483528
-15.200000 0.00000000000003545412
-15.190000 0.00000000000003608398
-15.180000 0.00000000000003672500
-15.170000 0.00000000000003737743
-15.160000 0.00000000000003804146
-15.150000 0.00000000000003871727
-15.140000 0.00000000000003940511
-15.130000 0.00000000000004010516
-15.120000 0.00000000000004081764
-15.110000 0.00000000000004154281
-15.100000 0.00000000000004228084
-15.090000 0.00000000000004303199
-15.080000 0.00000000000004379651
-15.070000 0.00000000000004457459
-15.060000 0.00000000000004536652
-15.050000 0.00000000000004617251
-15.040000 0.00000000000004699282
-15.030000 0.00000000000004782773
-15.020000 0.00000000000004867745
-15.010000 0.00000000000004954228
-15.000000 0.00000000000005042249
-14.990000 0.00000000000005131833
-14.980000 0.00000000000005223010
-14.970000 0.00000000000005315807
-14.960000 0.00000000000005410252
-14.950000 0.00000000000005506379
-14.940000 0.00000000000005604211
-14.930000 0.00000000000005703783
-14.920000 0.00000000000005805126
-14.910000 0.00000000000005908267
-14.900000 0.00000000000006013244
-14.890000 0.00000000000006120086
-14.880000 0.00000000000006228825
-14.870000 0.00000000000006339500
-14.860000 0.00000000000006452140
-14.850000 0.00000000000006566781
-14.840000 0.00000000000006683463
-14.830000 0.00000000000006802215
-14.820000 0.00000000000006923080
-14.810000 0.00000000000007046094
-14.800000 0.00000000000007171291
-14.790000 0.00000000000007298718
-14.780000 0.00000000000007428406
-14.770000 0.00000000000007560399
-14.760000 0.00000000000007694743
-14.750000 0.00000000000007831469
-14.740000 0.00000000000007970628
-14.730000 0.00000000000008112262
-14.720000 0.00000000000008256410
-14.710000 0.00000000000008403124
-14.700000 0.00000000000008552444
-14.690000 0.00000000000008704416
-14.680000 0.00000000000008859095
-14.670000 0.00000000000009016518
-14.660000 0.00000000000009176741
-14.650000 0.00000000000009339815
-14.640000 0.00000000000009505783
-14.630000 0.00000000000009674706
-14.620000 0.00000000000009846629
-14.610000 0.00000000000010021606
-14.600000 0.00000000000010199700
-14.590000 0.00000000000010380954
-14.580000 0.00000000000010565431
-14.570000 0.00000000000010753192
-14.560000 0.00000000000010944284
-14.550000 0.00000000000011138778
-14.540000 0.00000000000011336729
-14.530000 0.00000000000011538195
-14.520000 0.00000000000011743249
-14.510000 0.00000000000011951943
-14.500000 0.00000000000012164347
-14.490000 0.00000000000012380533
-14.480000 0.00000000000012600555
-14.470000 0.00000000000012824494
-14.460000 0.00000000000013052414
-14.450000 0.00000000000013284380
-14.440000 0.00000000000013520479
-14.430000 0.00000000000013760769
-14.420000 0.00000000000014005330
-14.410000 0.00000000000014254247
-14.400000 0.00000000000014507581
-14.390000 0.00000000000014765423
-14.380000 0.00000000000015027851
-14.370000 0.00000000000015294938
-14.360000 0.00000000000015566783
-14.350000 0.00000000000015843455
-14.340000 0.00000000000016125044
-14.330000 0.00000000000016411649
-14.320000 0.00000000000016703340
-14.310000 0.00000000000017000222
-14.300000 0.00000000000017302386
-14.290000 0.00000000000017609913
-14.280000 0.00000000000017922919
-14.270000 0.00000000000018241484
-14.260000 0.00000000000018565710
-14.250000 0.00000000000018895713
-14.240000 0.00000000000019231572
-14.230000 0.00000000000019573406
-14.220000 0.00000000000019921325
-14.210000 0.00000000000020275419
-14.200000 0.00000000000020635821
-14.190000 0.00000000000021002626
-14.180000 0.00000000000021375948
-14.170000 0.00000000000021755922
-14.160000 0.00000000000022142641
-14.150000 0.00000000000022536239
-14.140000 0.00000000000022936844
-14.130000 0.00000000000023344560
-14.120000 0.00000000000023759538
-14.110000 0.00000000000024181892
-14.100000 0.00000000000024611748
-14.090000 0.00000000000025049265
-14.080000 0.00000000000025494548
-14.070000 0.00000000000025947752
-14.060000 0.00000000000026409027
-14.050000 0.00000000000026878489
-14.040000 0.00000000000027356311
-14.030000 0.00000000000027842630
-14.020000 0.00000000000028337588
-14.010000 0.00000000000028841365
-14.000000 0.00000000000029354088
-13.990000 0.00000000000029875928
-13.980000 0.00000000000030407065
-13.970000 0.00000000000030947630
-13.960000 0.00000000000031497819
-13.950000 0.00000000000032057796
-13.940000 0.00000000000032627718
-13.930000 0.00000000000033207796
-13.920000 0.00000000000033798178
-13.910000 0.00000000000034399057
-13.900000 0.00000000000035010642
-13.890000 0.00000000000035633084
-13.880000 0.00000000000036266605
-13.870000 0.00000000000036911403
-13.860000 0.00000000000037567651
-13.850000 0.00000000000038235592
-13.840000 0.00000000000038915401
-13.830000 0.00000000000039607296
-13.820000 0.00000000000040311521
-13.810000 0.00000000000041028249
-13.800000 0.00000000000041757733
-13.790000 0.00000000000042500205
-13.780000 0.00000000000043255861
-13.770000 0.00000000000044024981
-13.760000 0.00000000000044807773
-13.750000 0.00000000000045604478
-13.740000 0.00000000000046415383
-13.730000 0.00000000000047240687
-13.720000 0.00000000000048080677
-13.710000 0.00000000000048935629
-13.700000 0.00000000000049805761
-13.690000 0.00000000000050691395
-13.680000 0.00000000000051592778
-13.670000 0.00000000000052510180
-13.660000 0.00000000000053443934
-13.650000 0.00000000000054394273
-13.640000 0.00000000000055361520
-13.630000 0.00000000000056346000
-13.620000 0.00000000000057347960
-13.610000 0.00000000000058367769
-13.600000 0.00000000000059405721
-13.590000 0.00000000000060462116
-13.580000 0.00000000000061537342
-13.570000 0.00000000000062631669
-13.560000 0.00000000000063745464
-13.550000 0.00000000000064879108
-13.540000 0.00000000000066032882
-13.530000 0.00000000000067207205
-13.520000 0.00000000000068402430
-13.510000 0.00000000000069618889
-13.500000 0.00000000000070857034
-13.490000 0.00000000000072117180
-13.480000 0.00000000000073399740
-13.470000 0.00000000000074705162
-13.460000 0.00000000000076033767
-13.450000 0.00000000000077386031
-13.440000 0.00000000000078762373
-13.430000 0.00000000000080163166
-13.420000 0.00000000000081588928
-13.410000 0.00000000000083040036
-13.400000 0.00000000000084516950
-13.390000 0.00000000000086020195
-13.380000 0.00000000000087550139
-13.370000 0.00000000000089107324
-13.360000 0.00000000000090692247
-13.350000 0.00000000000092305323
-13.340000 0.00000000000093947152
-13.330000 0.00000000000095618179
-13.320000 0.00000000000097318918
-13.310000 0.00000000000099049982
-13.300000 0.00000000000100811798
-13.290000 0.00000000000102604978
-13.280000 0.00000000000104430111
-13.270000 0.00000000000106287664
-13.260000 0.00000000000108178324
-13.250000 0.00000000000110102621
-13.240000 0.00000000000112061128
-13.230000 0.00000000000114054561
-13.220000 0.00000000000116083414
-13.210000 0.00000000000118148380
-13.200000 0.00000000000120250153
-13.190000 0.00000000000122389261
-13.180000 0.00000000000124566489
-13.170000 0.00000000000126782470
-13.160000 0.00000000000129037842
-13.150000 0.00000000000131333435
-13.140000 0.00000000000133669829
-13.130000 0.00000000000136047803
-13.120000 0.00000000000138468174
-13.110000 0.00000000000140931543
-13.100000 0.00000000000143438806
-13.090000 0.00000000000145990714
-13.080000 0.00000000000148587980
-13.070000 0.00000000000151231567
-13.060000 0.00000000000153922152
-13.050000 0.00000000000156660615
-13.040000 0.00000000000159447914
-13.030000 0.00000000000162284734
-13.020000 0.00000000000165172094
-13.010000 0.00000000000168110891
-13.000000 0.00000000000171101918
-12.990000 0.00000000000174146286
-12.980000 0.00000000000177244799
-12.970000 0.00000000000180398440
-12.960000 0.00000000000183608330
-12.950000 0.00000000000186875260
-12.940000 0.00000000000190200383
-12.930000 0.00000000000193584766
-12.920000 0.00000000000197029294
-12.910000 0.00000000000200535249
-12.900000 0.00000000000204103582
-12.890000 0.00000000000207735394
-12.880000 0.00000000000211431994
-12.870000 0.00000000000215194295
-12.860000 0.00000000000219023604
-12.850000 0.00000000000222921182
-12.840000 0.00000000000226888025
-12.830000 0.00000000000230925605
-12.820000 0.00000000000235035052
-12.810000 0.00000000000239217593
-12.800000 0.00000000000243474757
-12.790000 0.00000000000247807602
-12.780000 0.00000000000252217606
-12.770000 0.00000000000256706256
-12.760000 0.00000000000261274681
-12.750000 0.00000000000265924558
-12.740000 0.00000000000270657241
-12.730000 0.00000000000275474092
-12.720000 0.00000000000280376889
-12.710000 0.00000000000285366870
-12.700000 0.00000000000290445701
-12.690000 0.00000000000295615130
-12.680000 0.00000000000300876440
-12.670000 0.00000000000306231544
-12.660000 0.00000000000311682057
-12.650000 0.00000000000317229496
-12.640000 0.00000000000322875919
-12.630000 0.00000000000328622782
-12.620000 0.00000000000334471958
-12.610000 0.00000000000340425499
-12.600000 0.00000000000346484871
-12.590000 0.00000000000352652251
-12.580000 0.00000000000358929560
-12.570000 0.00000000000365318488
-12.560000 0.00000000000371821417
-12.550000 0.00000000000378440064
-12.540000 0.00000000000385176530
-12.530000 0.00000000000392033216
-12.520000 0.00000000000399011809
-12.510000 0.00000000000406114777
-12.500000 0.00000000000413344402
-12.490000 0.00000000000420702578
-12.480000 0.00000000000428192043
-12.470000 0.00000000000435814836
-12.460000 0.00000000000443573306
-12.450000 0.00000000000451470258
-12.440000 0.00000000000459507642
-12.430000 0.00000000000467688253
-12.420000 0.00000000000476014790
-12.410000 0.00000000000484489385
-12.400000 0.00000000000493115178
-12.390000 0.00000000000501894597
-12.380000 0.00000000000510830261
-12.370000 0.00000000000519925439
-12.360000 0.00000000000529182398
-12.350000 0.00000000000538604298
-12.340000 0.00000000000548194320
-12.330000 0.00000000000557954876
-12.320000 0.00000000000567889556
-12.310000 0.00000000000578001261
-12.300000 0.00000000000588292899
-12.290000 0.00000000000598768272
-12.280000 0.00000000000609430035
-12.270000 0.00000000000620281745
-12.260000 0.00000000000631327146
-12.250000 0.00000000000642568983
-12.240000 0.00000000000654011345
-12.230000 0.00000000000665657696
-12.220000 0.00000000000677511269
-12.210000 0.00000000000689576474
-12.200000 0.00000000000701856429
-12.190000 0.00000000000714355136
-12.180000 0.00000000000727076988
-12.170000 0.00000000000740025123
-12.160000 0.00000000000753204191
-12.150000 0.00000000000766618315
-12.140000 0.00000000000780271105
-12.130000 0.00000000000794167653
-12.120000 0.00000000000808311642
-12.110000 0.00000000000822707560
-12.100000 0.00000000000837360550
-12.090000 0.00000000000852274222
-12.080000 0.00000000000867453852
-12.070000 0.00000000000882904331
-12.060000 0.00000000000898629706
-12.050000 0.00000000000914635836
-12.040000 0.00000000000930927094
-12.030000 0.00000000000947508495
-12.020000 0.00000000000964386047
-12.010000 0.00000000000981563926
-12.000000 0.00000000000999048108
-11.990000 0.00000000001016844378
-11.980000 0.00000000001034957290
-11.970000 0.00000000001053393567
-11.960000 0.00000000001072158414
-11.950000 0.00000000001091257424
-11.940000 0.00000000001110697597
-11.930000 0.00000000001130483796
-11.920000 0.00000000001150622768
-11.910000 0.00000000001171121337
-11.900000 0.00000000001191984660
-11.890000 0.00000000001213220414
-11.880000 0.00000000001234834825
-11.870000 0.00000000001256834105
-11.860000 0.00000000001279226396
-11.850000 0.00000000001302017386
-11.840000 0.00000000001325214681
-11.830000 0.00000000001348826307
-11.820000 0.00000000001372858134
-11.810000 0.00000000001397318908
-11.800000 0.00000000001422216064
-11.790000 0.00000000001447556510
-11.780000 0.00000000001473349688
-11.770000 0.00000000001499602283
-11.760000 0.00000000001526322850
-11.750000 0.00000000001553520805
-11.740000 0.00000000001581202865
-11.730000 0.00000000001609378976
-11.720000 0.00000000001638057987
-11.710000 0.00000000001667247608
-11.700000 0.00000000001696958746
-11.690000 0.00000000001727199303
-11.680000 0.00000000001757978867
-11.670000 0.00000000001789308464
-11.660000 0.00000000001821195825
-11.650000 0.00000000001853652236
-11.640000 0.00000000001886688192
-11.630000 0.00000000001920312341
-11.620000 0.00000000001954537233
-11.610000 0.00000000001989372247
-11.600000 0.00000000002024828106
-11.590000 0.00000000002060917684
-11.580000 0.00000000002097649933
-11.570000 0.00000000002135037632
-11.560000 0.00000000002173093193
-11.550000 0.00000000002211826360
-11.540000 0.00000000002251251521
-11.530000 0.00000000002291379854
-11.520000 0.00000000002332223311
-11.510000 0.00000000002373796896
-11.500000 0.00000000002416111032
-11.490000 0.00000000002459180156
-11.480000 0.00000000002503018903
-11.470000 0.00000000002547638311
-11.460000 0.00000000002593054815
-11.450000 0.00000000002639281783
-11.440000 0.00000000002686332492
-11.430000 0.00000000002734224393
-11.420000 0.00000000002782969686
-11.410000 0.00000000002832584642
-11.400000 0.00000000002883086478
-11.390000 0.00000000002934487760
-11.380000 0.00000000002986807214
-11.370000 0.00000000003040060805
-11.360000 0.00000000003094263300
-11.350000 0.00000000003149434935
-11.340000 0.00000000003205590059
-11.330000 0.00000000003262746967
-11.320000 0.00000000003320925859
-11.310000 0.00000000003380141127
-11.300000 0.00000000003440414062
-11.290000 0.00000000003501763663
-11.280000 0.00000000003564206424
-11.270000 0.00000000003627765715
-11.260000 0.00000000003692458501
-11.250000 0.00000000003758305295
-11.240000 0.00000000003825329744
-11.230000 0.00000000003893548422
-11.220000 0.00000000003962985491
-11.210000 0.00000000004033663484
-11.200000 0.00000000004105600905
-11.190000 0.00000000004178824647
-11.180000 0.00000000004253354857
-11.170000 0.00000000004329214467
-11.160000 0.00000000004406431097
-11.150000 0.00000000004485023946
-11.140000 0.00000000004565020371
-11.130000 0.00000000004646447019
-11.120000 0.00000000004729324752
-11.110000 0.00000000004813684401
-11.100000 0.00000000004899549984
-11.090000 0.00000000004986947061
-11.080000 0.00000000005075907825
-11.070000 0.00000000005166454636
-11.060000 0.00000000005258618402
-11.050000 0.00000000005352430550
-11.040000 0.00000000005447914719
-11.030000 0.00000000005545106121
-11.020000 0.00000000005644033493
-11.010000 0.00000000005744725228
-11.000000 0.00000000005847218771
-10.990000 0.00000000005951540306
-10.980000 0.00000000006057724672
-10.970000 0.00000000006165808832
-10.960000 0.00000000006275819721
-10.950000 0.00000000006387797458
-10.940000 0.00000000006501776358
-10.930000 0.00000000006617788020
-10.920000 0.00000000006735875850
-10.910000 0.00000000006856070673
-10.900000 0.00000000006978411653
-10.890000 0.00000000007102942165
-10.880000 0.00000000007229693068
-10.870000 0.00000000007358709984
-10.860000 0.00000000007490033746
-10.850000 0.00000000007623699660
-10.840000 0.00000000007759757859
-10.830000 0.00000000007898244801
-10.820000 0.00000000008039204400
-10.810000 0.00000000008182687432
-10.800000 0.00000000008328729457
-10.790000 0.00000000008477382248
-10.780000 0.00000000008628694233
-10.770000 0.00000000008782705046
-10.760000 0.00000000008939472368
-10.750000 0.00000000009099039514
-10.740000 0.00000000009261455580
-10.730000 0.00000000009426779875
-10.720000 0.00000000009595053612
-10.710000 0.00000000009766335415
-10.700000 0.00000000009940682555
-10.690000 0.00000000010118139737
-10.680000 0.00000000010298773084
-10.670000 0.00000000010482634262
-10.660000 0.00000000010669777987
-10.650000 0.00000000010860273391
-10.640000 0.00000000011054168503
-10.630000 0.00000000011251529560
-10.620000 0.00000000011452424102
-10.610000 0.00000000011656902816
-10.600000 0.00000000011865041222
-10.590000 0.00000000012076901150
-10.580000 0.00000000012292543390
-10.570000 0.00000000012512048353
-10.560000 0.00000000012735472314
-10.550000 0.00000000012962889934
-10.540000 0.00000000013194380658
-10.530000 0.00000000013430002270
-10.520000 0.00000000013669840822
-10.510000 0.00000000013913970142
-10.500000 0.00000000014162457915
-10.490000 0.00000000014415397352
-10.480000 0.00000000014672854730
-10.470000 0.00000000014934913992
-10.460000 0.00000000015201668360
-10.450000 0.00000000015473184082
-10.440000 0.00000000015749559016
-10.430000 0.00000000016030881011
-10.420000 0.00000000016317225736
-10.410000 0.00000000016608700839
-10.400000 0.00000000016905384754
-10.390000 0.00000000017207371600
-10.380000 0.00000000017514770519
-10.370000 0.00000000017827657894
-10.360000 0.00000000018146144785
-10.350000 0.00000000018470335385
-10.340000 0.00000000018800314680
-10.330000 0.00000000019136206525
-10.320000 0.00000000019478104152
-10.310000 0.00000000019826112786
-10.300000 0.00000000020180359924
-10.290000 0.00000000020540934138
-10.280000 0.00000000020907961201
-10.270000 0.00000000021281564333
-10.260000 0.00000000021661839446
-10.250000 0.00000000022048928516
-10.240000 0.00000000022442942809
-10.230000 0.00000000022843999593
-10.220000 0.00000000023252247494
-10.210000 0.00000000023667789797
-10.200000 0.00000000024090768614
-10.190000 0.00000000024521329268
-10.180000 0.00000000024959580571
-10.170000 0.00000000025405684679
-10.160000 0.00000000025859774780
-10.150000 0.00000000026321981186
-10.140000 0.00000000026792476780
-10.130000 0.00000000027271382652
-10.120000 0.00000000027758858994
-10.110000 0.00000000028255076762
-10.100000 0.00000000028760160075
-10.090000 0.00000000029274293727
-10.080000 0.00000000029797636748
-10.070000 0.00000000030330334302
-10.060000 0.00000000030872586789
-10.050000 0.00000000031424536905
-10.040000 0.00000000031986364768
-10.030000 0.00000000032558270998
-10.020000 0.00000000033140397983
-10.010000 0.00000000033732955892
-10.000000 0.00000000034336133961
-9.990000 0.00000000034950094569
-9.980000 0.00000000035575069150
-9.970000 0.00000000036211226666
-9.960000 0.00000000036858769089
-9.950000 0.00000000037517931318
-9.940000 0.00000000038188877628
-9.930000 0.00000000038871846568
-9.920000 0.00000000039567062599
-9.910000 0.00000000040274708188
-9.900000 0.00000000040995049618
-9.890000 0.00000000041728287837
-9.880000 0.00000000042474648660
-9.870000 0.00000000043234406521
-9.860000 0.00000000044007752036
-9.850000 0.00000000044794955381
-9.840000 0.00000000045596282024
-9.830000 0.00000000046411938019
-9.820000 0.00000000047242228610
-9.810000 0.00000000048087393735
-9.800000 0.00000000048947685066
-9.790000 0.00000000049823422560
-9.780000 0.00000000050714828631
-9.770000 0.00000000051622208591
-9.760000 0.00000000052545875557
-9.750000 0.00000000053486063439
-9.740000 0.00000000054443120898
-9.730000 0.00000000055417335224
-9.720000 0.00000000056408986153
-9.710000 0.00000000057418445887
-9.700000 0.00000000058445975350
-9.690000 0.00000000059491918737
-9.680000 0.00000000060556644428
-9.670000 0.00000000061640419420
-9.660000 0.00000000062743641096
-9.650000 0.00000000063866652511
-9.640000 0.00000000065009765446
-9.630000 0.00000000066173411362
-9.620000 0.00000000067357897928
-9.610000 0.00000000068563612187
-9.600000 0.00000000069790986504
-9.590000 0.00000000071040327368
-9.580000 0.00000000072312086810
-9.570000 0.00000000073606673061
-9.560000 0.00000000074924435084
-9.550000 0.00000000076265871171
-9.540000 0.00000000077631345845
-9.530000 0.00000000079021293154
-9.520000 0.00000000080436219407
-9.510000 0.00000000081876478452
-9.500000 0.00000000083342583427
-9.490000 0.00000000084835018606
-9.480000 0.00000000086354176358
-9.470000 0.00000000087900630042
-9.460000 0.00000000089474813433
-9.450000 0.00000000091077211867
-9.440000 0.00000000092708416961
-9.430000 0.00000000094368839577
-9.420000 0.00000000096059060982
-9.410000 0.00000000097779653987
-9.400000 0.00000000099531061966
-9.390000 0.00000000101313942204
-9.380000 0.00000000103128812935
-9.370000 0.00000000104976215112
-9.360000 0.00000000106856838605
-9.350000 0.00000000108771163147
-9.340000 0.00000000110719845695
-9.330000 0.00000000112703561970
-9.320000 0.00000000114722815624
-9.310000 0.00000000116778357525
-9.300000 0.00000000118870808366
-9.290000 0.00000000121000769616
-9.280000 0.00000000123169043896
-9.270000 0.00000000125376194377
-9.260000 0.00000000127622961799
-9.250000 0.00000000129910141266
-9.240000 0.00000000132238308076
-9.230000 0.00000000134608318193
-9.220000 0.00000000137020912848
-9.210000 0.00000000139476762819
-9.200000 0.00000000141976798578
-9.190000 0.00000000144521684627
-9.180000 0.00000000147112254054
-9.170000 0.00000000149749440226
-9.160000 0.00000000152433904012
-9.150000 0.00000000155166619275
-9.140000 0.00000000157948468186
-9.130000 0.00000000160780201980
-9.120000 0.00000000163662895359
-9.110000 0.00000000166597336124
-9.100000 0.00000000169584458679
-9.090000 0.00000000172625356231
-9.080000 0.00000000175720792321
-9.070000 0.00000000178871872692
-9.060000 0.00000000182079643985
-9.050000 0.00000000185344951451
-9.040000 0.00000000188669031813
-9.030000 0.00000000192052823129
-9.020000 0.00000000195497370367
-9.010000 0.00000000199003951201
-9.000000 0.00000000202573452846
-8.990000 0.00000000206207128107
-8.980000 0.00000000209906215200
-8.970000 0.00000000213671669913
-8.960000 0.00000000217504910153
-8.950000 0.00000000221407057309
-8.940000 0.00000000225379276258
-8.930000 0.00000000229423057201
-8.920000 0.00000000233539436831
-8.910000 0.00000000237729831392
-8.900000 0.00000000241995701828
-8.890000 0.00000000246338134673
-8.880000 0.00000000250758750013
-8.870000 0.00000000255258891383
-8.860000 0.00000000259839854506
-8.850000 0.00000000264503373434
-8.840000 0.00000000269250666056
-8.830000 0.00000000274083329567
-8.820000 0.00000000279003083403
-8.810000 0.00000000284011169589
-8.800000 0.00000000289109435440
-8.790000 0.00000000294299485638
-8.780000 0.00000000299582766158
-8.770000 0.00000000304961287548
-8.760000 0.00000000310436487860
-8.750000 0.00000000316010163799
-8.740000 0.00000000321684334268
-8.730000 0.00000000327460427146
-8.720000 0.00000000333340544734
-8.710000 0.00000000339326597175
-8.700000 0.00000000345420205010
-8.690000 0.00000000351623690785
-8.680000 0.00000000357938760585
-8.670000 0.00000000364367430047
-8.660000 0.00000000370912064418
-8.650000 0.00000000377574314713
-8.640000 0.00000000384356568556
-8.630000 0.00000000391261092692
-8.620000 0.00000000398289711799
-8.610000 0.00000000405445099002
-8.600000 0.00000000412729287196
-8.590000 0.00000000420144530982
-8.580000 0.00000000427693595477
-8.570000 0.00000000435378400647
-8.560000 0.00000000443201652401
-8.550000 0.00000000451166033009
-8.540000 0.00000000459273607364
-8.530000 0.00000000467527440736
-8.520000 0.00000000475929964955
-8.510000 0.00000000484483693852
-8.500000 0.00000000493191853428
-8.490000 0.00000000502056688920
-8.480000 0.00000000511081260084
-8.470000 0.00000000520268732502
-8.460000 0.00000000529621455404
-8.450000 0.00000000539142932061
-8.440000 0.00000000548836077101
-8.430000 0.00000000558703688147
-8.420000 0.00000000568749519961
-8.410000 0.00000000578976212304
-8.400000 0.00000000589387216840
-8.390000 0.00000000599986260310
-8.380000 0.00000000610776030363
-8.370000 0.00000000621760522903
-8.360000 0.00000000632943219846
-8.350000 0.00000000644327245489
-8.340000 0.00000000655916954191
-8.330000 0.00000000667715465373
-8.320000 0.00000000679726662948
-8.310000 0.00000000691954924076
-8.300000 0.00000000704403341199
-8.290000 0.00000000717076463279
-8.280000 0.00000000729978436080
-8.270000 0.00000000743112763774
-8.260000 0.00000000756484477552
-8.250000 0.00000000770097281125
-8.240000 0.00000000783955532906
-8.230000 0.00000000798064362649
-8.220000 0.00000000812427349141
-8.210000 0.00000000827049660477
-8.200000 0.00000000841936217785
-8.190000 0.00000000857090969849
-8.180000 0.00000000872519708671
-8.170000 0.00000000888226850795
-8.160000 0.00000000904217272732
-8.150000 0.00000000920496973576
-8.140000 0.00000000937070118733
-8.130000 0.00000000953942567270
-8.120000 0.00000000971120144249
-8.110000 0.00000000988607322092
-8.100000 0.00000001006410744141
-8.090000 0.00000001024535697609
-8.080000 0.00000001042987621220
-8.070000 0.00000001061773516576
-8.060000 0.00000001080898259048
-8.050000 0.00000001100368476228
-8.040000 0.00000001120191045130
-8.030000 0.00000001140371058524
-8.020000 0.00000001160916111691
-8.010000 0.00000001181832544141
-8.000000 0.00000001203126412362
-7.990000 0.00000001224805868053
-7.980000 0.00000001246876648290
-7.970000 0.00000001269346232258
-7.960000 0.00000001292222719037
-7.950000 0.00000001315511940343
-7.940000 0.00000001339222563013
-7.930000 0.00000001363362162736
-7.920000 0.00000001387937508707
-7.910000 0.00000001412958057120
-7.900000 0.00000001438430593410
-7.890000 0.00000001464363536469
-7.880000 0.00000001490766402636
-7.870000 0.00000001517645908233
-7.860000 0.00000001545011923738
-7.850000 0.00000001572873472273
-7.840000 0.00000001601238152592
-7.830000 0.00000001630116894133
-7.820000 0.00000001659517760248
-7.810000 0.00000001689450201884
-7.800000 0.00000001719925376251
-7.790000 0.00000001750951063354
-7.780000 0.00000001782538481885
-7.770000 0.00000001814698346540
-7.760000 0.00000001847439227935
-7.750000 0.00000001880773712374
-7.740000 0.00000001914711423332
-7.730000 0.00000001949262939168
-7.720000 0.00000001984441313690
-7.710000 0.00000002020255610918
-7.700000 0.00000002056718555056
-7.690000 0.00000002093842834114
-7.680000 0.00000002131638164388
-7.670000 0.00000002170118987145
-7.660000 0.00000002209296832729
-7.650000 0.00000002249183503499
-7.640000 0.00000002289794241793
-7.630000 0.00000002331139666853
-7.620000 0.00000002373234178387
-7.610000 0.00000002416092762318
-7.600000 0.00000002459726493505
-7.590000 0.00000002504151890085
-7.580000 0.00000002549382783867
-7.570000 0.00000002595432327730
-7.560000 0.00000002642318274798
-7.550000 0.00000002690053133413
-7.540000 0.00000002738653161028
-7.530000 0.00000002788136014888
-7.520000 0.00000002838514389647
-7.510000 0.00000002889807143348
-7.500000 0.00000002942030811690
-7.490000 0.00000002995200108819
-7.480000 0.00000003049335636950
-7.470000 0.00000003104452204542
-7.460000 0.00000003160568120283
-7.450000 0.00000003217704141609
-7.440000 0.00000003275874904038
-7.430000 0.00000003335101895777
-7.420000 0.00000003395404820709
-7.410000 0.00000003456800212162
-7.400000 0.00000003519311892035
-7.390000 0.00000003582957474769
-7.380000 0.00000003647757523307
-7.370000 0.00000003713736387058
-7.360000 0.00000003780911037433
-7.350000 0.00000003849305910824
-7.340000 0.00000003918944416417
-7.330000 0.00000003989845221033
-7.320000 0.00000004062035769921
-7.310000 0.00000004135537105886
-7.300000 0.00000004210372256009
-7.290000 0.00000004286569724641
-7.280000 0.00000004364149305510
-7.270000 0.00000004443138729597
-7.260000 0.00000004523565731831
-7.250000 0.00000004605451496780
-7.240000 0.00000004688827528966
-7.230000 0.00000004773719064932
-7.220000 0.00000004860151808748
-7.210000 0.00000004948159063065
-7.200000 0.00000005037764043149
-7.190000 0.00000005128998149367
-7.180000 0.00000005221894157997
-7.170000 0.00000005316476242309
-7.160000 0.00000005412780458730
-7.150000 0.00000005510837098221
-7.140000 0.00000005610674832196
-7.130000 0.00000005712332468859
-7.120000 0.00000005815837383329
-7.110000 0.00000005921225047665
-7.100000 0.00000006028534103596
-7.090000 0.00000006137792291515
-7.080000 0.00000006249040801317
-7.070000 0.00000006362315864688
-7.060000 0.00000006477649589908
-7.050000 0.00000006595087036662
-7.040000 0.00000006714660649638
-7.030000 0.00000006836410400299
-7.020000 0.00000006960381743421
-7.010000 0.00000007086606698025
-7.000000 0.00000007215132229283
-6.990000 0.00000007346001535760
-6.980000 0.00000007479250735112
-6.970000 0.00000007614931957410
-6.960000 0.00000007753083837593
-6.950000 0.00000007893751295971
-6.940000 0.00000008036987688243
-6.930000 0.00000008182830188284
-6.920000 0.00000008331332240650
-6.910000 0.00000008482545199323
-6.900000 0.00000008636509889661
-6.890000 0.00000008793286405259
-6.880000 0.00000008952920951467
-6.870000 0.00000009115463862822
-6.860000 0.00000009280977642860
-6.850000 0.00000009449505700242
-6.840000 0.00000009621108726971
-6.830000 0.00000009795847607060
-6.820000 0.00000009973768728061
-6.810000 0.00000010154941112942
-6.800000 0.00000010339420236455
-6.790000 0.00000010527262320171
-6.780000 0.00000010718540442280
-6.770000 0.00000010913305577903
-6.760000 0.00000011111626498759
-6.750000 0.00000011313575206389
-6.740000 0.00000011519204698858
-6.730000 0.00000011728594030292
-6.720000 0.00000011941809831613
-6.710000 0.00000012158914883300
-6.700000 0.00000012379994400153
-6.690000 0.00000012605108566262
-6.680000 0.00000012834335127854
-6.670000 0.00000013067759034665
-6.660000 0.00000013305441184049
-6.650000 0.00000013547471955719
-6.640000 0.00000013793931103331
-6.630000 0.00000014044889017405
-6.620000 0.00000014300444706409
-6.610000 0.00000014560669589378
-6.600000 0.00000014825651340037
-6.590000 0.00000015095489964268
-6.580000 0.00000015370255845653
-6.570000 0.00000015650052119255
-6.560000 0.00000015934973944730
-6.550000 0.00000016225100602270
-6.540000 0.00000016520546717024
-6.530000 0.00000016821397441643
-6.520000 0.00000017127751380687
-6.510000 0.00000017439726019728
-6.500000 0.00000017757403185023
-6.490000 0.00000018080900338184
-6.480000 0.00000018410330693316
-6.470000 0.00000018745783982748
-6.460000 0.00000019087392439927
-6.450000 0.00000019435258031973
-6.440000 0.00000019789491335440
-6.430000 0.00000020150230097669
-6.420000 0.00000020517570001632
-6.410000 0.00000020891644552471
-6.400000 0.00000021272588086496
-6.390000 0.00000021660502702134
-6.380000 0.00000022055540398735
-6.370000 0.00000022457823755199
-6.360000 0.00000022867476380464
-6.350000 0.00000023284659472173
-6.340000 0.00000023709485550333
-6.330000 0.00000024142106027718
-6.320000 0.00000024582679911330
-6.310000 0.00000025031324016451
-6.300000 0.00000025488212594375
-6.290000 0.00000025953492998258
-6.280000 0.00000026427303438410
-6.270000 0.00000026909832039122
-6.260000 0.00000027401211838034
-6.250000 0.00000027901614163858
-6.240000 0.00000028411226793101
-6.230000 0.00000028930184151278
-6.220000 0.00000029458685646344
-6.210000 0.00000029996907807612
-6.200000 0.00000030545005815031
-6.190000 0.00000031103198433673
-6.180000 0.00000031671643764708
-6.170000 0.00000032250535196569
-6.160000 0.00000032840094003043
-6.150000 0.00000033440475787098
-6.140000 0.00000034051908327392
-6.130000 0.00000034674602451350
-6.120000 0.00000035308733192639
-6.110000 0.00000035954554052123
-6.100000 0.00000036612253808814
-6.090000 0.00000037282050173566
-6.080000 0.00000037964203362835
-6.070000 0.00000038658894560622
-6.060000 0.00000039366383455740
-6.050000 0.00000040086921125588
-6.040000 0.00000040820705983437
-6.030000 0.00000041568030749247
-6.020000 0.00000042329121812417
-6.010000 0.00000043104223560853
-6.000000 0.00000043893641416370
-5.990000 0.00000044697587585049
-5.980000 0.00000045516357542472
-5.970000 0.00000046350249523097
-5.960000 0.00000047199489644486
-5.950000 0.00000048064414715283
-5.940000 0.00000048945297288703
-5.930000 0.00000049842410840042
-5.920000 0.00000050756113186718
-5.910000 0.00000051686654284106
-5.900000 0.00000052634369613558
-5.890000 0.00000053599612571692
-5.880000 0.00000054582642299201
-5.870000 0.00000055583845359210
-5.860000 0.00000056603549734452
-5.850000 0.00000057642061681045
-5.840000 0.00000058699799226020
-5.830000 0.00000059777058394700
-5.820000 0.00000060874219231595
-5.810000 0.00000061991699560887
-5.800000 0.00000063129798102392
-5.790000 0.00000064288957759254
-5.780000 0.00000065469571895507
-5.770000 0.00000066671984932556
-5.760000 0.00000067896683520628
-5.750000 0.00000069144020048491
-5.740000 0.00000070414424002691
-5.730000 0.00000071708388344874
-5.720000 0.00000073026259469030
-5.710000 0.00000074368543923230
-5.700000 0.00000075735712057157
-5.690000 0.00000077128153024026
-5.680000 0.00000078546431397053
-5.670000 0.00000079990968662931
-5.660000 0.00000081462248916274
-5.650000 0.00000082960852619076
-5.640000 0.00000084487183848499
-5.630000 0.00000086041820863331
-5.620000 0.00000087625324513400
-5.610000 0.00000089238136723492
-5.600000 0.00000090880910198970
-5.590000 0.00000092554151277222
-5.580000 0.00000094258404056415
-5.570000 0.00000095994350750217
-5.560000 0.00000097762465507027
-5.550000 0.00000099563407155491
-5.540000 0.00000101397842765341
-5.530000 0.00000103266276909517
-5.520000 0.00000105169461556534
-5.510000 0.00000107108007337855
-5.500000 0.00000109082523930775
-5.490000 0.00000111093811692521
-5.480000 0.00000113142430186569
-5.470000 0.00000115229128482511
-5.460000 0.00000117354698132604
-5.450000 0.00000119519718525053
-5.440000 0.00000121725053955474
-5.430000 0.00000123971440223651
-5.420000 0.00000126259561349010
-5.410000 0.00000128590353617106
-5.400000 0.00000130964481020711
-5.390000 0.00000133382793351817
-5.380000 0.00000135846227836260
-5.370000 0.00000138355453700913
-5.360000 0.00000140911462691802
-5.350000 0.00000143515138539178
-5.340000 0.00000146167251995996
-5.330000 0.00000148868894579509
-5.320000 0.00000151620858281365
-5.310000 0.00000154424104877786
-5.300000 0.00000157279741827266
-5.290000 0.00000160188546780061
-5.280000 0.00000163151655759759
-5.270000 0.00000166170127038895
-5.260000 0.00000169244833241643
-5.250000 0.00000172377042521285
-5.240000 0.00000175567704088715
-5.230000 0.00000178817903677546
-5.220000 0.00000182128947406213
-5.210000 0.00000185501744372447
-5.200000 0.00000188937593518625
-5.190000 0.00000192437758736875
-5.180000 0.00000196003233090026
-5.170000 0.00000199635484944937
-5.160000 0.00000203335656958244
-5.150000 0.00000207104971383577
-5.140000 0.00000210944965862767
-5.130000 0.00000214856709497401
-5.120000 0.00000218841684695951
-5.110000 0.00000222901397222024
-5.100000 0.00000227036983430227
-5.090000 0.00000231250137738682
-5.080000 0.00000235542240959483
-5.070000 0.00000239914665025257
-5.060000 0.00000244369216977864
-5.050000 0.00000248907161371063
-5.040000 0.00000253530186595746
-5.030000 0.00000258240082528820
-5.020000 0.00000263038157026954
-5.010000 0.00000267926361118968
-5.000000 0.00000272906361490172
-4.990000 0.00000277979700770048
-4.980000 0.00000283148496501299
-4.970000 0.00000288414252720862
-4.960000 0.00000293778888306728
-4.950000 0.00000299244526417246
-4.940000 0.00000304812681319162
-4.930000 0.00000310485595932216
-4.920000 0.00000316265275627417
-4.910000 0.00000322153462676158
-4.900000 0.00000328152630107471
-4.890000 0.00000334264576156816
-4.880000 0.00000340491476639019
-4.870000 0.00000346835845162116
-4.860000 0.00000353299445685213
-4.850000 0.00000359884852425149
-4.840000 0.00000366594471384643
-4.830000 0.00000373430279911643
-4.820000 0.00000380395156601902
-4.810000 0.00000387491261900650
-4.800000 0.00000394721056823495
-4.790000 0.00000402087511825896
-4.780000 0.00000409592694311690
-4.770000 0.00000417239553628916
-4.760000 0.00000425030968999027
-4.750000 0.00000432969196406391
-4.740000 0.00000441057575415307
-4.730000 0.00000449298713232294
-4.720000 0.00000457695385901069
-4.710000 0.00000466251097756870
-4.700000 0.00000474968286489752
-4.690000 0.00000483850325108738
-4.680000 0.00000492900651028235
-4.670000 0.00000502121852610134
-4.660000 0.00000511517791495040
-4.650000 0.00000521091625964621
-4.640000 0.00000530846478876338
-4.630000 0.00000540786477445823
-4.620000 0.00000550914512851854
-4.610000 0.00000561234435198751
-4.600000 0.00000571750339476005
-4.590000 0.00000582465212929153
-4.580000 0.00000593383512049675
-4.570000 0.00000604509057242885
-4.560000 0.00000615845369327491
-4.550000 0.00000627397295182126
-4.540000 0.00000639168283124350
-4.530000 0.00000651162718809128
-4.520000 0.00000663385470927254
-4.510000 0.00000675840008125274
-4.500000 0.00000688531465659022
-4.490000 0.00000701464450779186
-4.480000 0.00000714642951137218
-4.470000 0.00000728072640152274
-4.460000 0.00000741757652481490
-4.450000 0.00000755702972786458
-4.440000 0.00000769914379027503
-4.430000 0.00000784395923858515
-4.420000 0.00000799153515476427
-4.410000 0.00000814192694863683
-4.400000 0.00000829518001037899
-4.390000 0.00000845136053534855
-4.380000 0.00000861051834474897
-4.370000 0.00000877270995766480
-4.360000 0.00000893800382761739
-4.350000 0.00000910644759938664
-4.340000 0.00000927810913731627
-4.330000 0.00000945305491704004
-4.320000 0.00000963133688445229
-4.310000 0.00000981303202601084
-4.300000 0.00000999820064758053
-4.290000 0.00001018690666605747
-4.280000 0.00001037923105149587
-4.270000 0.00001057523016150487
-4.260000 0.00001077498181498517
-4.250000 0.00001097856558581714
-4.240000 0.00001118604126503351
-4.230000 0.00001139749810889409
-4.220000 0.00001161300938689172
-4.210000 0.00001183264720256647
-4.200000 0.00001205650717801825
-4.190000 0.00001228465637546284
-4.180000 0.00001251718386668229
-4.170000 0.00001275418471186869
-4.160000 0.00001299572814792925
-4.150000 0.00001324191747300091
-4.140000 0.00001349284156213645
-4.130000 0.00001374858197414647
-4.120000 0.00001400925131560458
-4.110000 0.00001427492984373195
-4.100000 0.00001454571931270762
-4.090000 0.00001482173307296411
-4.080000 0.00001510305180010299
-4.070000 0.00001538979487848739
-4.060000 0.00001568206979970451
-4.050000 0.00001597996925460820
-4.040000 0.00001628362543492108
-4.030000 0.00001659313490928727
-4.020000 0.00001690861367711383
-4.010000 0.00001723019666902628
-4.000000 0.00001755797848624226
-3.990000 0.00001789209690746351
-3.980000 0.00001823268160492510
-3.970000 0.00001857983846638870
-3.960000 0.00001893372219658645
-3.950000 0.00001929444957806146
-3.940000 0.00001966215254937632
-3.930000 0.00002003699147898846
-3.920000 0.00002041907800363631
-3.910000 0.00002080857089349113
-3.900000 0.00002120562621782571
-3.890000 0.00002161036561562209
-3.880000 0.00002202296958292850
-3.870000 0.00002244358000582406
-3.860000 0.00002287234657858926
-3.850000 0.00002330945962781715
-3.840000 0.00002375505172150975
-3.830000 0.00002420930553232745
-3.820000 0.00002467240851195844
-3.810000 0.00002514450122309081
-3.800000 0.00002562579363356688
-3.790000 0.00002611645876351253
-3.780000 0.00002661666608397289
-3.770000 0.00002712664113998697
-3.760000 0.00002764654231825129
-3.750000 0.00002817657944206322
-3.740000 0.00002871697723727874
-3.730000 0.00002926789914451013
-3.720000 0.00002982958904026379
-3.710000 0.00003040225753862154
-3.700000 0.00003098609711296763
-3.690000 0.00003158137431210148
-3.680000 0.00003218827948082815
-3.670000 0.00003280705319819313
-3.660000 0.00003343796442405594
-3.650000 0.00003408120442082403
-3.640000 0.00003473705610528380
-3.630000 0.00003540577515761294
-3.620000 0.00003608758125495749
-3.610000 0.00003678278846970696
-3.600000 0.00003749162682546704
-3.590000 0.00003821437163305247
-3.580000 0.00003895134430455929
-3.570000 0.00003970277012216666
-3.560000 0.00004046897687991911
-3.550000 0.00004125027422558077
-3.540000 0.00004204691423567152
-3.530000 0.00004285926590372874
-3.520000 0.00004368760865095141
-3.510000 0.00004453225687147752
-3.500000 0.00004539359413022079
-3.490000 0.00004627188751776836
-3.480000 0.00004716751632570237
-3.470000 0.00004808085477050458
-3.460000 0.00004901219378404862
-3.450000 0.00004996196563381963
-3.440000 0.00005093051138346664
-3.430000 0.00005191818922813614
-3.420000 0.00005292545633197966
-3.410000 0.00005395263140188770
-3.400000 0.00005500015271087617
-3.390000 0.00005606847166661120
-3.380000 0.00005715792611318540
-3.370000 0.00005826902107848438
-3.360000 0.00005940217438389240
-3.350000 0.00006055779340445524
-3.340000 0.00006173642229747912
-3.330000 0.00006293844375953923
-3.320000 0.00006416436347269849
-3.310000 0.00006541472506266622
-3.300000 0.00006668992337954306
-3.290000 0.00006799054771656301
-3.280000 0.00006931710899956060
-3.270000 0.00007067007225281790
-3.260000 0.00007205008350336732
-3.250000 0.00007345760507306522
-3.240000 0.00007489321950032441
-3.230000 0.00007635758051650256
-3.220000 0.00007785115266734496
-3.210000 0.00007937462288425153
-3.200000 0.00008092861439753683
-3.190000 0.00008251366079745843
-3.180000 0.00008413052694975946
-3.170000 0.00008577977458893712
-3.160000 0.00008746207364285833
-3.150000 0.00008917820924086336
-3.140000 0.00009092873162703826
-3.130000 0.00009271444072465372
-3.120000 0.00009453609512744483
-3.110000 0.00009639431056550230
-3.100000 0.00009828999018657747
-3.090000 0.00010022382021388906
-3.080000 0.00010219656963167986
-3.070000 0.00010420918031317088
-3.060000 0.00010626230843794982
-3.050000 0.00010835688450992962
-3.040000 0.00011049383018236835
-3.030000 0.00011267386029051924
-3.020000 0.00011489803845115270
-3.010000 0.00011716720719594588
-3.000000 0.00011948224738453536
-2.990000 0.00012184428780790929
-2.980000 0.00012425411623801785
-2.970000 0.00012671281385666152
-2.960000 0.00012922149864896761
-2.950000 0.00013178100586049783
-2.940000 0.00013439258512464359
-2.930000 0.00013705727465733927
-2.920000 0.00013977608218895268
-2.910000 0.00014255035900447623
-2.900000 0.00014538105707153398
-2.890000 0.00014826943114406156
-2.880000 0.00015121683552228035
-2.870000 0.00015422425273382308
-2.860000 0.00015729314962292782
-2.850000 0.00016042480329621649
-2.840000 0.00016362037154818356
-2.830000 0.00016688146820288354
-2.820000 0.00017020925094310028
-2.810000 0.00017360517408262477
-2.800000 0.00017707087630379375
-2.790000 0.00018060752144460020
-2.780000 0.00018421683011206325
-2.770000 0.00018790036989118264
-2.760000 0.00019165947836118102
-2.750000 0.00019549607821391421
-2.740000 0.00019941158582861411
-2.730000 0.00020340768445293233
-2.720000 0.00020748635496616372
-2.710000 0.00021164898576599806
-2.700000 0.00021589759369444760
-2.690000 0.00022023409942672221
-2.680000 0.00022466005755486867
-2.670000 0.00022917775339660333
-2.660000 0.00023378892976701608
-2.650000 0.00023849553187921095
-2.640000 0.00024329995239283757
-2.630000 0.00024820385942220583
-2.620000 0.00025320961533027199
-2.610000 0.00025831956992717839
-2.600000 0.00026353554171888548
-2.590000 0.00026886024083633763
-2.580000 0.00027429582330578149
-2.570000 0.00027984453321810640
-2.560000 0.00028550925882465142
-2.550000 0.00029129201852509006
-2.540000 0.00029719557730857469
-2.530000 0.00030322280656011228
-2.520000 0.00030937584810795038
-2.510000 0.00031565790972146570
-2.500000 0.00032207166858915951
-2.490000 0.00032861971203425186
-2.480000 0.00033530552379838795
-2.470000 0.00034213156313011645
-2.460000 0.00034910106369244747
-2.450000 0.00035621753093479676
-2.440000 0.00036348350564467658
-2.430000 0.00037090278295359301
-2.420000 0.00037847868213991792
-2.410000 0.00038621420100928773
-2.400000 0.00039411353329981601
-2.390000 0.00040217969567904298
-2.380000 0.00041041646671650717
-2.370000 0.00041882812298983446
-2.360000 0.00042741770101432214
-2.350000 0.00043618968976307280
-2.340000 0.00044514819775163812
-2.330000 0.00045429671944538941
-2.320000 0.00046364029345276472
-2.310000 0.00047318264435065752
-2.300000 0.00048292818339140681
-2.290000 0.00049288212554546881
-2.280000 0.00050304812744091196
-2.270000 0.00051343149769369134
-2.260000 0.00052403731530303442
-2.250000 0.00053486968054301809
-2.240000 0.00054593463616928271
-2.230000 0.00055723680953793117
-2.220000 0.00056878134536703497
-2.210000 0.00058057460151879467
-2.200000 0.00059262101535110200
-2.190000 0.00060492686380879358
-2.180000 0.00061749842005972199
-2.170000 0.00063034052939326248
-2.160000 0.00064346042659345587
-2.150000 0.00065686389493446956
-2.140000 0.00067055692793419584
-2.130000 0.00068454727692768638
-2.120000 0.00069884036835728960
-2.110000 0.00071344362333096900
-2.100000 0.00072836478590735689
-2.090000 0.00074360962515400517
-2.080000 0.00075918679306822970
-2.070000 0.00077510354735978789
-2.060000 0.00079136687325763878
-2.050000 0.00080798621963575643
-2.040000 0.00082496827357136622
-2.030000 0.00084232180845129662
-2.020000 0.00086005638256434727
-2.010000 0.00087817891989660851
-2.000000 0.00089669977144162720
-1.990000 0.00091562803735626070
-1.980000 0.00093497190745938643
-1.970000 0.00095474288645699208
-1.960000 0.00097494927772595868
-1.950000 0.00099560145356304914
-1.940000 0.00101671121401415362
-1.930000 0.00103828693894704254
-1.920000 0.00106034102052121235
-1.910000 0.00108288486118063385
-1.900000 0.00110592813110077536
-1.890000 0.00112948482474948880
-1.880000 0.00115356533013360129
-1.870000 0.00117818191126431286
-1.860000 0.00120334914465872818
-1.850000 0.00122907726081319490
-1.840000 0.00125538110903145690
-1.830000 0.00128227497502265693
-1.820000 0.00130977036612224106
-1.810000 0.00133788429481670069
-1.800000 0.00136662985410740639
-1.790000 0.00139602154824722898
-1.780000 0.00142607740265047870
-1.770000 0.00145681002024818833
-1.760000 0.00148823721574904482
-1.750000 0.00152037689638372933
-1.740000 0.00155324287312653356
-1.730000 0.00158685582217526523
-1.720000 0.00162123236887304865
-1.710000 0.00165638967409413584
-1.700000 0.00169235006345467209
-1.690000 0.00172912920799871616
-1.680000 0.00176674851285155382
-1.670000 0.00180523045158877387
-1.660000 0.00184459175552438071
-1.650000 0.00188485757156195573
-1.640000 0.00192604912910796650
-1.630000 0.00196818678604162396
-1.620000 0.00201129824143718005
-1.610000 0.00205540317086069313
-1.600000 0.00210052734471177349
-1.590000 0.00214669902279643506
-1.580000 0.00219393868202782342
-1.570000 0.00224227698821263203
-1.560000 0.00229174108571262095
-1.550000 0.00234235533192669269
-1.540000 0.00239415413477280393
-1.530000 0.00244716244863160595
-1.520000 0.00250141137966285350
-1.510000 0.00255693656602589857
-1.500000 0.00261376334951393023
-1.490000 0.00267192925646907685
-1.480000 0.00273146907216047317
-1.470000 0.00279241223505038647
-1.460000 0.00285480157676873099
-1.450000 0.00291866908663042423
-1.440000 0.00298405243747331978
-1.430000 0.00305099675110295614
-1.420000 0.00311953377521559383
-1.410000 0.00318970963576320357
-1.400000 0.00326156907038454647
-1.390000 0.00333514807446965832
-1.380000 0.00341050013868017532
-1.370000 0.00348766674305079618
-1.360000 0.00356669371222466565
-1.350000 0.00364763847915829933
-1.340000 0.00373054135520481389
-1.330000 0.00381545935785724925
-1.320000 0.00390245032352736854
-1.310000 0.00399155885829988785
-1.300000 0.00408285207385750831
-1.290000 0.00417638443351136830
-1.280000 0.00427221199144480097
-1.270000 0.00437040835840689715
-1.260000 0.00447102548820728623
-1.250000 0.00457413436833780350
-1.240000 0.00467981029817739376
-1.230000 0.00478810941390473213
-1.220000 0.00489911650200331068
-1.210000 0.00501290390823153770
-1.200000 0.00512954085774949223
-1.190000 0.00524912248049978162
-1.180000 0.00537171685791197010
-1.170000 0.00549741316968232595
-1.160000 0.00562631035940050657
-1.150000 0.00575848033851032205
-1.140000 0.00589403132780305650
-1.130000 0.00603306030508136710
-1.120000 0.00617565420393085835
-1.110000 0.00632193712085797783
-1.100000 0.00647199994577395132
-1.090000 0.00662595596890654202
-1.080000 0.00678393672898083833
-1.070000 0.00694603623245931313
-1.060000 0.00711239436463746537
-1.050000 0.00728314264984420562
-1.040000 0.00745839244260140290
-1.030000 0.00763830754940932229
-1.020000 0.00782301184894448713
-1.010000 0.00801265121343512979
-1.000000 0.00820740302503302627
-0.990000 0.00840739301299642250
-0.980000 0.00861280472951691384
-0.970000 0.00882381914235320572
-0.960000 0.00904058216560669516
-0.950000 0.00926331312310676308
-0.940000 0.00949218473148425584
-0.930000 0.00972738778582351443
-0.920000 0.00996916550052754681
-0.910000 0.01021769029936499609
-0.900000 0.01047320719963974051
-0.890000 0.01073596939545564712
-0.880000 0.01100617295860610925
-0.870000 0.01128411631181755123
-0.860000 0.01157004611015883047
-0.850000 0.01186421623006683398
-0.840000 0.01216696625832588280
-0.830000 0.01247853892787022245
-0.820000 0.01279926732047526224
-0.810000 0.01312951201485225948
-0.800000 0.01346954346430580263
-0.790000 0.01381977475916932284
-0.780000 0.01418056556516538065
-0.770000 0.01455226036417748767
-0.760000 0.01493534137736802526
-0.750000 0.01533015889078619999
-0.740000 0.01573717336057151722
-0.730000 0.01615690645154193444
-0.720000 0.01658974020428211418
-0.710000 0.01703625528054380014
-0.700000 0.01749698268966025025
-0.690000 0.01797239919139333175
-0.680000 0.01846319670868175680
-0.670000 0.01896988974712834550
-0.660000 0.01949312086775498165
-0.650000 0.02003365000626382286
-0.640000 0.02059202419122498420
-0.630000 0.02116906284637425431
-0.620000 0.02176554877138763694
-0.610000 0.02238214499993633477
-0.600000 0.02301983692242603324
-0.590000 0.02367937673939769783
-0.580000 0.02436164861074448240
-0.570000 0.02506773587901606898
-0.560000 0.02579840625743031260
-0.550000 0.02655477868726784790
-0.540000 0.02733795309649958080
-0.530000 0.02814880930685594029
-0.520000 0.02898865720863370854
-0.510000 0.02985850807551055849
-0.500000 0.03075946305732332742
-0.490000 0.03169287566359609704
-0.480000 0.03265966565470015265
-0.470000 0.03366109842163381854
-0.460000 0.03469835718131893815
-0.450000 0.03577229941416188580
-0.440000 0.03688408598202723432
-0.430000 0.03803445678872678648
-0.420000 0.03922407978429830189
-0.410000 0.04045343795621789834
-0.400000 0.04172256282085352874
-0.390000 0.04303124889258060082
-0.380000 0.04437838877981710450
-0.370000 0.04576275308484339943
-0.360000 0.04718161772660926095
-0.350000 0.04863116653465142381
-0.340000 0.05010726161605520007
-0.330000 0.05160202147244771081
-0.320000 0.05310828358438521996
-0.310000 0.05461580216291248707
-0.300000 0.05611077909934336638
-0.290000 0.05758344161601761102
-0.280000 0.05901957865677049525
-0.270000 0.06041181373223612761
-0.260000 0.06175495175064292519
-0.250000 0.06304615216012261769
-0.240000 0.06428367851839489333
-0.230000 0.06546553327431464675
-0.220000 0.06658953125439741327
-0.210000 0.06765415771754822172
-0.200000 0.06865722654926358082
-0.190000 0.06959683303426254797
-0.180000 0.07047144204227318021
-0.170000 0.07127902072326242067
-0.160000 0.07201829453981850593
-0.150000 0.07268790749753326064
-0.140000 0.07328681117199460637
-0.130000 0.07381463728751047615
-0.120000 0.07427128702756934098
-0.110000 0.07465786330782579749
-0.100000 0.07497571886577422684
-0.090000 0.07522829198773611781
-0.080000 0.07541990842714459131
-0.070000 0.07555593328579822410
-0.060000 0.07564586263569927915
-0.050000 0.07569747298948335812
-0.040000 0.07572265014738004119
-0.030000 0.07573287919230328735
-0.020000 0.07573525987868960641
-0.010000 0.07573594317987604463
0.000000 0.07573608571402831724
0.010000 0.07573600038177877303
0.020000 0.07573574344598119068
0.030000 0.07573530652089878468
0.040000 0.07573486431219207671
0.050000 0.07573487631671116382
0.060000 0.07573843127068204117
0.070000 0.07575024320681254808
0.080000 0.07578264203249103492
0.090000 0.07585589081549849733
0.100000 0.07599183567626743852
0.110000 0.07623069381775060549
0.120000 0.07660536555209858378
0.130000 0.07716075850868102382
0.140000 0.07794947276413757842
0.150000 0.07900881778340843042
0.160000 0.08039343803721818449
0.170000 0.08214781323306305505
0.180000 0.08430955285197200277
0.190000 0.08692580767266469555
0.200000 0.09002610510273427458
0.210000 0.09364421795621866162
0.220000 0.09781107413566435260
0.230000 0.10254560184201257089
0.240000 0.10787153246431026299
0.250000 0.11380481083859869673
0.260000 0.12035713929630874330
0.270000 0.12754063323556141807
0.280000 0.13536097484255757428
0.290000 0.14382332918627174778
0.300000 0.15292935523346751214
0.310000 0.16267765911810680435
0.320000 0.17306322921934869097
0.330000 0.18407123168655362133
0.340000 0.19568617942456983938
0.350000 0.20787406133525054841
0.360000 0.22059948010736477042
0.370000 0.23382124895617864557
0.380000 0.24747883501312570309
0.390000 0.26152825257465711628
0.400000 0.27590659294071234742
0.410000 0.29055102336330412838
0.420000 0.30541508843028175590
0.430000 0.32043273279190886971
0.440000 0.33555555451727159255
0.450000 0.35073678063504715174
0.460000 0.36592265323620926099
0.470000 0.38107970107557120887
0.480000 0.39616606940475895815
0.490000 0.41114532183026353263
0.500000 0.42599306508666634485
0.510000 0.44067766960543752752
0.520000 0.45517755900142553571
0.530000 0.46947404164008149641
0.540000 0.48354682827917694343
0.550000 0.49738423651166790984
0.560000 0.51097287972843752346
0.570000 0.52430211468859533319
0.580000 0.53736554111024625868
0.590000 0.55015571160480281065
0.600000 0.56266844197942045280
0.610000 0.57490067523191057397
0.620000 0.58685012081025733632
0.630000 0.59851623160029798765
0.640000 0.60989887787848273693
0.650000 0.62099936285605561448
0.660000 0.63181903902721747723
0.670000 0.64236048755645203112
0.680000 0.65262687576794808919
0.690000 0.66262099771828153472
0.700000 0.67234742834395744282
0.710000 0.68180986674350252397
0.720000 0.69101266855845633330
0.730000 0.69996132939225375047
0.740000 0.70865973652574898445
0.750000 0.71711352050683085935
0.760000 0.72532817867802190648
0.770000 0.73330803292366586454
0.780000 0.74105942959629844680
0.790000 0.74858720926856081590
0.800000 0.75589653740634465962
0.810000 0.76299372271941212631
0.820000 0.76988305014507263380
0.830000 0.77657038111361464949
0.840000 0.78306141149540864355
0.850000 0.78936036927512143180
0.860000 0.79547335911886840609
0.870000 0.80140511542982972859
0.880000 0.80716029141238843092
0.890000 0.81274470530070253016
0.900000 0.81816226612658449202
0.910000 0.82341808854849252164
0.920000 0.82851726722857166330
0.930000 0.83346342910434778606
0.940000 0.83826177706912030629
0.950000 0.84291648299809973643
0.960000 0.84743134880784976026
0.970000 0.85181129162572788438
0.980000 0.85605962832119630868
0.990000 0.86018050100421628024
1.000000 0.86417818079796404618
1.010000 0.86805561451354129598
1.020000 0.87181699630586761973
1.030000 0.87546581889665997522
1.040000 0.87900505972062414894
1.050000 0.88243869395471097317
1.060000 0.88576944536375235018
1.070000 0.88900054189863197962
1.080000 0.89213544605163974666
1.090000 0.89517649399984278169
1.100000 0.89812696786303691798
1.110000 0.90098971183844067667
1.120000 0.90376701196059094912
1.130000 0.90646200236925922322
1.140000 0.90907688631754302033
1.150000 0.91161412472454572686
1.160000 0.91407647245589584983
1.170000 0.91646576266601897931
1.180000 0.91878452056834258865
1.190000 0.92103502576718832007
1.200000 0.92321901916084170292
1.210000 0.92533893482080697979
1.220000 0.92739654421035555565
1.230000 0.92939369858130582713
1.240000 0.93133256648190143601
1.250000 0.93321458265543433264
1.260000 0.93504167062405885158
1.270000 0.93681564072108491903
1.280000 0.93853781672538372227
1.290000 0.94021007134967315988
1.300000 0.94183382715395913554
1.310000 0.94341046510228299127
1.320000 0.94494168199247441375
1.330000 0.94642860281725560423
1.340000 0.94787268409602409847
1.350000 0.94927535605947921393
1.360000 0.95063762794434047976
1.370000 0.95196093363999745307
1.380000 0.95324641220600381253
1.390000 0.95449509317263592223
1.400000 0.95570829840087645479
1.410000 0.95688691392331870489
1.420000 0.95803203879013831834
1.430000 0.95914479995552859304
1.440000 0.96022597088804273469
1.450000 0.96127664713212679359
1.460000 0.96229773808756358111
1.470000 0.96329001443505768432
1.480000 0.96425450271944412872
1.490000 0.96519190490999018373
1.500000 0.96610304863989482360
1.510000 0.96698882101099692399
1.520000 0.96784981890946619743
1.530000 0.96868687867541547476
1.540000 0.96950072536781473076
1.550000 0.97029193925953671762
1.560000 0.97106131600832812367
1.570000 0.97180941549143518010
1.580000 0.97253686020933116652
1.590000 0.97324434851395302815
1.600000 0.97393234469579870183
1.610000 0.97460148719353167923
1.620000 0.97525235391084430514
1.630000 0.97588538484130749051
1.640000 0.97650119594034745507
1.650000 0.97710023689545455472
1.660000 0.97768297554636851565
1.670000 0.97824996208210879267
1.680000 0.97880156074476087902
1.690000 0.97933825909899940854
1.700000 0.97986051793670381205
1.710000 0.98036867353748102794
1.720000 0.98086320239038804480
1.730000 0.98134446813071840587
1.740000 0.98181282220688359530
1.750000 0.98226869857700160882
1.760000 0.98271238551092010560
1.770000 0.98314425558010931638
1.780000 0.98356467650855861073
1.790000 0.98397390751371827111
1.800000 0.98437231746115749775
1.810000 0.98476020093857297155
1.820000 0.98513782321908727191
1.830000 0.98550552659959378410
1.840000 0.98586354123179753550
1.850000 0.98621215199555878339
1.860000 0.98655165267994793243
1.870000 0.98688224489578457721
1.880000 0.98720421455911122610
1.890000 0.98751780038423819796
1.900000 0.98782320405278900566
1.910000 0.98812069547531544700
1.920000 0.98841045998360754776
1.930000 0.98869271551952886412
1.940000 0.98896769711333909481
1.950000 0.98923556301601256457
1.960000 0.98949653512539015310
1.970000 0.98975080698728079565
1.980000 0.98999853312287000584
1.990000 0.99023992630860224740
2.000000 0.99047513701824230203
2.010000 0.99070433203459262739
2.020000 0.99092769964804605642
2.030000 0.99114536522730156687
2.040000 0.99135750118405796538
2.050000 0.99156426456003721182
2.060000 0.99176577470723814578
2.070000 0.99196219931212792353
2.080000 0.99215366150320360994
2.090000 0.99234028891196812694
2.100000 0.99252223260366723157
2.110000 0.99269959281047215338
2.120000 0.99287250362594725583
2.130000 0.99304109258414796635
2.140000 0.99320545265178794558
2.150000 0.99336571593935152347
2.160000 0.99352198389776114062
2.170000 0.99367435419779193140
2.180000 0.99382294820131178437
2.190000 0.99396784676407634596
2.200000 0.99410915425790924438
2.210000 0.99424697435169018256
2.220000 0.99438138008876364449
2.230000 0.99451247563874534130
2.240000 0.99464034471456586051
2.250000 0.99476506244189877304
2.260000 0.99488672630841845645
2.270000 0.99500540210477006475
2.280000 0.99512117111027365013
2.290000 0.99523411767707914422
2.300000 0.99534429970123738940
2.310000 0.99545179940939354513
2.320000 0.99555668587982559803
2.330000 0.99565901730462302854
2.340000 0.99575887194756051990
2.350000 0.99585630378355483039
2.360000 0.99595137612185746789
2.370000 0.99604415766474918570
2.380000 0.99613469470892712643
2.390000 0.99622305221806806141
2.400000 0.99630928720380307340
2.410000 0.99639344507420390951
2.420000 0.99647558861782981054
2.430000 0.99655576246089205839
2.440000 0.99663401590879174829
2.450000 0.99671040497152330051
2.460000 0.99678496699627283650
2.470000 0.99685775334295212424
2.480000 0.99692881107686837083
2.490000 0.99699817590258632549
2.500000 0.99706589815325319393
2.510000 0.99713201499377523973
2.520000 0.99719656480290674860
2.530000 0.99725959328567670426
2.540000 0.99732113083016205035
2.550000 0.99738121805948076748
2.560000 0.99743989384073028504
2.570000 0.99749718647116192294
2.580000 0.99755313626618757894
2.590000 0.99760777436714875854
2.600000 0.99766113063594941135
2.610000 0.99771324239562886316
2.620000 0.99776413457923340822
2.630000 0.99781383932391098934
2.640000 0.99786238873847088460
2.650000 0.99790980543166973860
2.660000 0.99795612170592395973
2.670000 0.99800136367031178075
2.680000 0.99804555467299982396
2.690000 0.99808872516848912149
2.700000 0.99813089577856917156
2.710000 0.99817209192498423942
2.720000 0.99821234014372528520
2.730000 0.99825165864735487808
2.740000 0.99829007333057584450
2.750000 0.99832760607106119100
2.760000 0.99836427524257587152
2.770000 0.99840010566584946883
2.780000 0.99843511452696165343
2.790000 0.99846932192764104030
2.800000 0.99850274980686559712
2.810000 0.99853541295709780101
2.820000 0.99856733214262138887
2.830000 0.99859852568774221115
2.840000 0.99862900815022848100
2.850000 0.99865879973380455858
2.860000 0.99868791486370156463
2.870000 0.99871636942328190223
2.880000 0.99874418155777378026
2.890000 0.99877136338035443774
2.900000 0.99879793154296880875
2.910000 0.99882390138886090192
2.920000 0.99884928453446431007
2.930000 0.99887409740270327596
2.940000 0.99889835218187639221
2.950000 0.99892206140815165138
2.960000 0.99894524009439067402
2.970000 0.99896789823958875854
2.980000 0.99899004919614997622
2.990000 0.99901170580819920186
3.000000 0.99903287741352397866
3.010000 0.99905357734395006108
3.020000 0.99907381595261801621
3.030000 0.99909360312643347157
3.040000 0.99911295128799371135
3.050000 0.99913186875548032351
3.060000 0.99915036623167330365
3.070000 0.99916845446670821129
3.080000 0.99918614102359992746
3.090000 0.99920343672337419427
3.100000 0.99922035035817824422
3.110000 0.99923688976158475672
3.120000 0.99925306519858914100
3.130000 0.99926888364077359750
3.140000 0.99928435366172063681
3.150000 0.99929948425768655440
3.160000 0.99931428160144641915
3.170000 0.99932875447574565086
3.180000 0.99934291033900557455
3.190000 0.99935675543513657892
3.200000 0.99937029823192125022
3.210000 0.99938354461362832737
3.220000 0.99939650144193292736
3.230000 0.99940917624445413381
3.240000 0.99942157409832454995
3.250000 0.99943370213045645833
3.260000 0.99944556666202544193
3.270000 0.99945717270143463740
3.280000 0.99946852722165746563
3.290000 0.99947963522206140219
3.300000 0.99949050218741841700
3.310000 0.99950113441576138307
3.320000 0.99951153611520593412
3.330000 0.99952171306673198714
3.340000 0.99953167062340986249
3.350000 0.99954141282936759261
3.360000 0.99955094541598776825
3.370000 0.99956027265679103788
3.380000 0.99956939892888574395
3.390000 0.99957832950096014990
3.400000 0.99958706788720574909
3.410000 0.99959561877406122310
3.420000 0.99960398669159911123
3.430000 0.99961217492796983208
3.440000 0.99962018818585707258
3.450000 0.99962803013509549110
3.460000 0.99963570426541126235
3.470000 0.99964321498259189891
3.480000 0.99965056524281326045
3.490000 0.99965775884210672508
3.500000 0.99966479961169396606
3.510000 0.99967169024417379397
3.520000 0.99967843459616478885
3.530000 0.99968503581619094778
3.540000 0.99969149669889745269
3.550000 0.99969782092157177811
3.560000 0.99970401098839456466
3.570000 0.99971006997089773005
3.580000 0.99971600110743186196
3.590000 0.99972180661897702691
3.600000 0.99972748966684343852
3.610000 0.99973305294825720591
3.620000 0.99973849871378350773
3.630000 0.99974383002621580729
3.640000 0.99974904902088246317
3.650000 0.99975415817976909238
3.660000 0.99975916023866018278
3.670000 0.99976405704297055532
3.680000 0.99976885118246383577
3.690000 0.99977354496470982603
3.700000 0.99977814021293964775
3.710000 0.99978263947265388900
3.720000 0.99978704457589828714
3.730000 0.99979135752496683942
3.740000 0.99979558062991735756
3.750000 0.99979971543529744249
3.760000 0.99980376406099358277
3.770000 0.99980772847889332056
3.780000 0.99981161017534181390
3.790000 0.99981541126118145257
3.800000 0.99981913331720506655
3.810000 0.99982277795549068244
3.820000 0.99982634712566897939
3.830000 0.99982984212973269322
3.840000 0.99983326470126188124
3.850000 0.99983661652350708238
3.860000 0.99983989881615609185
3.870000 0.99984311332605191325
3.880000 0.99984626142254462433
3.890000 0.99984934440214878748
3.900000 0.99985236390892906488
3.910000 0.99985532104802921083
3.920000 0.99985821723544987538
3.930000 0.99986105390666168979
3.940000 0.99986383206935092183
3.950000 0.99986655316795203241
3.960000 0.99986921838691200648
3.970000 0.99987182877348912413
3.980000 0.99987438571092357442
3.990000 0.99987689014349201422
4.000000 0.99987934322616256466
4.010000 0.99988174618200209576
4.020000 0.99988409984933623864
4.030000 0.99988640542159146207
4.040000 0.99988866392141717565
4.050000 0.99989087619922767392
4.060000 0.99989304341599516412
4.070000 0.99989516638359010603
4.080000 0.99989724604249441420
4.090000 0.99989928343391987209
4.100000 0.99990127926018868010
4.110000 0.99990323450641549474
4.120000 0.99990515005411795268
4.130000 0.99990702659778907258
4.140000 0.99990886510944865240
4.150000 0.99991066629119385034
4.160000 0.99991243090734216459
4.170000 0.99991415984357534530
4.180000 0.99991585369238544789
4.190000 0.99991751326604683126
4.200000 0.99991913932330500625
4.210000 0.99992073243473511557
4.220000 0.99992229341209193372
4.230000 0.99992382286579395423
4.240000 0.99992532141555368064
4.250000 0.99992678981416882600
4.260000 0.99992822856490182204
4.270000 0.99992963833666204110
4.280000 0.99993101978164511401
4.290000 0.99993237337157991895
4.300000 0.99993369978285517874
4.310000 0.99993499954793685358
4.320000 0.99993627316875777211
4.330000 0.99993752128440194227
4.340000 0.99993874432517571016
4.350000 0.99993994284112108772
4.360000 0.99994111739215063572
4.370000 0.99994226837082345050
4.380000 0.99994339634014628437
4.390000 0.99994450176370008876
4.400000 0.99994558504976494007
4.410000 0.99994664673948585598
4.420000 0.99994768720311921761
4.430000 0.99994870689220027860
4.440000 0.99994970628685853065
4.450000 0.99995068571595790985
4.460000 0.99995164564763261428
4.470000 0.99995258648465612517
4.480000 0.99995350856081466340
4.490000 0.99995441233309667606
4.500000 0.99995529812198835629
4.510000 0.99995616629744066284
4.520000 0.99995701727071673037
4.530000 0.99995785131918468736
4.540000 0.99995866883162776162
4.550000 0.99995947015733444019
4.560000 0.99996025557068057843
4.570000 0.99996102545653897664
4.580000 0.99996178009385283669
4.590000 0.99996251978505312774
4.600000 0.99996324488204724190
4.610000 0.99996395562034479099
4.620000 0.99996465232239617471
4.630000 0.99996533529059139500
4.640000 0.99996600475178010203
4.650000 0.99996666102919884445
4.660000 0.99996730436686831478
4.670000 0.99996793501138692140
4.680000 0.99996855326356903770
4.690000 0.99996915932470253896
4.700000 0.99996975346182026545
4.710000 0.99997033593630169079
4.720000 0.99997090693684587137
4.730000 0.99997146673427594887
4.740000 0.99997201554264081302
4.750000 0.99997255356282221950
4.760000 0.99997308105157045599
4.770000 0.99997359818202491422
4.780000 0.99997410517494988991
4.790000 0.99997460225594692051
4.800000 0.99997508958297665060
4.810000 0.99997556738266768495
4.820000 0.99997603584235517094
4.830000 0.99997649512637321045
4.840000 0.99997694545324300464
4.850000 0.99997738697279858755
4.860000 0.99997781986720390979
4.870000 0.99997824433091397900
4.880000 0.99997866049701755742
4.890000 0.99997906855491858202
4.900000 0.99997946866820153211
4.910000 0.99997986097196145394
4.920000 0.99998024565164633781
4.930000 0.99998062283766364633
4.940000 0.99998099268000317785
4.950000 0.99998135534605681052
4.960000 0.99998171094869270359
4.970000 0.99998205964598319007
4.980000 0.99998240158047990711
4.990000 0.99998273686382843639
5.000000 0.99998306565295169701
5.010000 0.99998338806195308237
5.020000 0.99998370421402826835
5.030000 0.99998401425309491053
5.040000 0.99998431827549738582
5.050000 0.99998461641295699476
5.060000 0.99998490878946322269
5.070000 0.99998519549780229276
5.080000 0.99998547667036497000
5.090000 0.99998575240747489268
5.100000 0.99998602281003912129
5.110000 0.99998628800164568453
5.120000 0.99998654806506070969
5.130000 0.99998680310986176600
5.140000 0.99998705324370362746
5.150000 0.99998729854415857599
5.160000 0.99998753912264304322
5.170000 0.99998777506755331945
5.180000 0.99998800646147756321
5.190000 0.99998823341035536494
5.200000 0.99998845598572982940
5.210000 0.99998867427858462165
5.220000 0.99998888838224142539
5.230000 0.99998909836195304379
5.240000 0.99998930431135546471
5.250000 0.99998950630813887575
5.260000 0.99998970442018275673
5.270000 0.99998989873802468509
5.280000 0.99999008932386923565
5.290000 0.99999027625310499268
5.300000 0.99999045960650501108
5.310000 0.99999063943930621701
5.320000 0.99999081583008830876
5.330000 0.99999098884696713263
5.340000 0.99999115854599951447
5.350000 0.99999132500432330595
5.360000 0.99999148827632478032
5.370000 0.99999164842432364253
5.380000 0.99999180551813049433
5.390000 0.99999195960480335987
5.400000 0.99999211075018323847
5.410000 0.99999225901386101789
5.420000 0.99999240444236692227
5.430000 0.99999254710122265077
5.440000 0.99999268703822175031
5.450000 0.99999282430474600858
5.460000 0.99999295896104734016
5.470000 0.99999309104747158283
5.480000 0.99999322061909290404
5.490000 0.99999334772793724291
5.500000 0.99999347241284175514
5.510000 0.99999359472928672776
5.520000 0.99999371471946774115
5.530000 0.99999383242562434049
5.540000 0.99999394789968987229
5.550000 0.99999406117646993941
5.560000 0.99999417230194775907
5.570000 0.99999428132145995463
5.580000 0.99999438826761033461
5.590000 0.99999449318725763813
5.600000 0.99999459611771501777
5.610000 0.99999469709368826731
5.620000 0.99999479615984898651
5.630000 0.99999489334640578875
5.640000 0.99999498869167280368
5.650000 0.99999508223508792870
5.660000 0.99999517400418791446
5.670000 0.99999526403849037237
5.680000 0.99999535237090120265
5.690000 0.99999543903005505552
5.700000 0.99999552405425518042
5.710000 0.99999560746987059545
5.720000 0.99999568930875448736
5.730000 0.99999576960515579316
5.740000 0.99999584838247701502
5.750000 0.99999592567399175902
5.760000 0.99999600150864498271
5.770000 0.99999607591017347641
5.780000 0.99999614891131538563
5.790000 0.99999622053521197707
5.800000 0.99999629080827812100
5.810000 0.99999635976021195027
5.820000 0.99999642741102556798
5.830000 0.99999649378868837868
5.840000 0.99999655891860195212
5.850000 0.99999662282054224693
5.860000 0.99999668552240228436
5.870000 0.99999674704459051711
5.880000 0.99999680740895313669
5.890000 0.99999686664120224222
5.900000 0.99999692475855750384
5.910000 0.99999698178448648278
5.920000 0.99999703774123438471
5.930000 0.99999709264536629227
5.940000 0.99999714652056925779
5.950000 0.99999719938492392934
5.960000 0.99999725125644167711
5.970000 0.99999730215735138650
5.980000 0.99999735210256079920
5.990000 0.99999740111172152890
6.000000 0.99999744920427557915
6.010000 0.99999749639417712110
6.020000 0.99999754270149132651
6.030000 0.99999758814225270243
6.040000 0.99999763273130792829
6.050000 0.99999767648783066676
6.060000 0.99999771942480419895
6.070000 0.99999776155864883442
6.080000 0.99999780290632434010
6.090000 0.99999784347965636755
6.100000 0.99999788329561456468
6.110000 0.99999792236837758974
6.120000 0.99999796071023516753
6.130000 0.99999799833767089030
6.140000 0.99999803526205466309
6.150000 0.99999807149707453657
6.160000 0.99999810705749980766
6.170000 0.99999814195341341083
6.180000 0.99999817619914166400
6.190000 0.99999820980719034136
6.200000 0.99999824278777860176
6.210000 0.99999827515503147968
6.220000 0.99999830691895774670
6.230000 0.99999833809093918724
6.240000 0.99999836868381475341
6.250000 0.99999839870623463689
6.260000 0.99999842817027284614
6.270000 0.99999845708693202440
6.280000 0.99999848546475234023
6.290000 0.99999851331579781011
6.300000 0.99999854064892190753
6.310000 0.99999856747356064002
6.320000 0.99999859380085875937
6.330000 0.99999861963828173828
6.340000 0.99999864499598556389
6.350000 0.99999866988362939857
6.360000 0.99999869430838805862
6.370000 0.99999871828053077394
6.380000 0.99999874180792402978
6.390000 0.99999876489836514448
6.400000 0.99999878756151272530
6.410000 0.99999880980384925344
6.420000 0.99999883163390002050
6.430000 0.99999885306012614716
6.440000 0.99999887408859000626
6.450000 0.99999889472801095636
6.460000 0.99999891498538151513
6.470000 0.99999893486714608315
6.480000 0.99999895438165520289
6.490000 0.99999897353456967952
6.500000 0.99999899233302902424
6.510000 0.99999901078443276248
6.520000 0.99999902889393144090
6.530000 0.99999904666891703542
6.540000 0.99999906411558570074
6.550000 0.99999908123928704651
6.560000 0.99999909804721465179
6.570000 0.99999911454434009528
6.580000 0.99999913073662782814
6.590000 0.99999914663053579567
6.600000 0.99999916223046769748
6.610000 0.99999917754267786396
6.620000 0.99999919257264302530
6.630000 0.99999920732482283636
6.640000 0.99999922180539502214
6.650000 0.99999923601874707302
6.660000 0.99999924996984890235
6.670000 0.99999926366432601021
6.680000 0.99999927710596703267
6.690000 0.99999929030005385577
6.700000 0.99999930325141528353
6.710000 0.99999931596378766052
6.720000 0.99999932844245764674
6.730000 0.99999934069131579673
6.740000 0.99999935271449102991
6.750000 0.99999936451687632122
6.760000 0.99999937610175038127
6.770000 0.99999938747356453828
6.780000 0.99999939863656628347
6.790000 0.99999940959390298811
6.800000 0.99999942035008337893
6.810000 0.99999943090857235095
6.820000 0.99999944127278805883
6.830000 0.99999945144698010324
6.840000 0.99999946143400197940
6.850000 0.99999947123759758139
6.860000 0.99999948086149492710
6.870000 0.99999949030836032815
6.880000 0.99999949958202871692
6.890000 0.99999950868558618033
6.900000 0.99999951762186434223
6.910000 0.99999952639454359193
6.920000 0.99999953500612182022
6.930000 0.99999954345974040315
6.940000 0.99999955175866583890
6.950000 0.99999955990516820048
6.960000 0.99999956790250466021
6.970000 0.99999957575341558158
6.980000 0.99999958346025641376
6.990000 0.99999959102620272766
7.000000 0.99999959845345409715
7.010000 0.99999960574463886420
7.020000 0.99999961290261285551
7.030000 0.99999961992932229204
7.040000 0.99999962682752785437
7.050000 0.99999963359965526877
7.060000 0.99999964024767318271
7.070000 0.99999964677431296689
7.080000 0.99999965318151973204
7.090000 0.99999965947148761192
7.100000 0.99999966564670894620
7.110000 0.99999967170886161494
7.120000 0.99999967766028075022
7.130000 0.99999968350310908249
7.140000 0.99999968923899917872
7.150000 0.99999969487029272130
7.160000 0.99999970039871799443
7.170000 0.99999970582610053782
7.180000 0.99999971115461216975
7.190000 0.99999971638570739341
7.200000 0.99999972152135807590
7.210000 0.99999972656345215150
7.220000 0.99999973151338394928
7.230000 0.99999973637315409114
7.240000 0.99999974114430478789
7.250000 0.99999974582835005066
7.260000 0.99999975042717803575
7.270000 0.99999975494205861626
7.280000 0.99999975937465213072
7.290000 0.99999976372661847357
7.300000 0.99999976799914147563
7.310000 0.99999977219392510719
7.320000 0.99999977631234526765
7.330000 0.99999978035565828538
7.340000 0.99999978432550229446
7.350000 0.99999978822299073755
7.360000 0.99999979204951927603
7.370000 0.99999979580654341227
7.380000 0.99999979949507467047
7.390000 0.99999980311656155862
7.400000 0.99999980667222787556
7.410000 0.99999981016312045057
7.420000 0.99999981359065526210
7.430000 0.99999981695581385832
7.440000 0.99999982025976608124
7.450000 0.99999982350378702201
7.460000 0.99999982668874420888
7.470000 0.99999982981586799102
7.480000 0.99999983288624294531
7.490000 0.99999983590074603690
7.500000 0.99999983886059606863
7.510000 0.99999984176666334434
7.520000 0.99999984461992574847
7.530000 0.99999984742149727879
7.540000 0.99999985017212711380
7.550000 0.99999985287285830804
7.560000 0.99999985552464965011
7.570000 0.99999985812823855014
7.580000 0.99999986068467139333
7.590000 0.99999986319472300433
7.600000 0.99999986565920784276
7.610000 0.99999986807909735376
7.620000 0.99999987045504401539
7.630000 0.99999987278792823453
7.640000 0.99999987507859611213
7.650000 0.99999987732767159354
7.660000 0.99999987953604940749
7.670000 0.99999988170442211111
7.680000 0.99999988383346571919
7.690000 0.99999988592402710985
7.700000 0.99999988797667538343
7.710000 0.99999988999215361218
7.720000 0.99999989197120675577
7.730000 0.99999989391436472363
7.740000 0.99999989582239146024
7.750000 0.99999989769590513777
7.760000 0.99999989953546786214
7.770000 0.99999990134181504509
7.780000 0.99999990311544650901
7.790000 0.99999990485698786458
7.800000 0.99999990656709325521
7.810000 0.99999990824621587393
7.820000 0.99999990989500608940
7.830000 0.99999991151401423917
7.840000 0.99999991310371005859
7.850000 0.99999991466472892832
7.860000 0.99999991619751305016
7.870000 0.99999991770258711554
7.880000 0.99999991918052488771
7.890000 0.99999992063171572187
7.900000 0.99999992205671262013
7.910000 0.99999992345600419164
7.920000 0.99999992482998401044
7.930000 0.99999992617920030469
7.940000 0.99999992750404520514
7.950000 0.99999992880495769398
7.960000 0.99999993008243992509
7.970000 0.99999993133682907320
7.980000 0.99999993256859442958
7.990000 0.99999993377816753792
8.000000 0.99999993496588046593
8.010000 0.99999993613220461430
8.020000 0.99999993727748948125
8.030000 0.99999993840210088525
8.040000 0.99999993950647736440
8.050000 0.99999994059091312781
8.060000 0.99999994165580396999
8.070000 0.99999994270153202969
8.080000 0.99999994372837897050
8.090000 0.99999994473674713724
8.100000 0.99999994572694972383
8.110000 0.99999994669929170854
8.120000 0.99999994765415456399
8.130000 0.99999994859179563989
8.140000 0.99999994951254977948
8.150000 0.99999995041675338037
8.160000 0.99999995130464602866
8.170000 0.99999995217657189350
8.180000 0.99999995303281119519
8.190000 0.99999995387361662047
8.200000 0.99999995469932068115
8.210000 0.99999995551014975170
8.220000 0.99999995630638560673
8.230000 0.99999995708832412067
8.240000 0.99999995785617046273
8.250000 0.99999995861021828691
8.260000 0.99999995935071661624
8.270000 0.99999996007787728125
8.280000 0.99999996079198782972
8.290000 0.99999996149324865691
8.300000 0.99999996218189668440
8.310000 0.99999996285819148234
8.320000 0.99999996352230924312
8.330000 0.99999996417450043307
8.340000 0.99999996481498576451
8.350000 0.99999996544394365028
8.360000 0.99999996606162211421
8.370000 0.99999996666819912505
8.380000 0.99999996726387307966
8.390000 0.99999996784887112966
8.400000 0.99999996842334659686
8.410000 0.99999996898751142282
8.420000 0.99999996954156156193
8.430000 0.99999997008564722734
8.440000 0.99999997061998213699
8.450000 0.99999997114472505277
8.460000 0.99999997166004117588
8.470000 0.99999997216612968032
8.480000 0.99999997266312379285
8.490000 0.99999997315120292551
8.500000 0.99999997363054093924
8.510000 0.99999997410126495456
8.520000 0.99999997456355771419
8.530000 0.99999997501756154872
8.540000 0.99999997546341423682
8.550000 0.99999997590128919533
8.560000 0.99999997633130366381
8.570000 0.99999997675360896565
8.580000 0.99999997716835820061
8.590000 0.99999997757566005951
8.600000 0.99999997797567086177
8.610000 0.99999997836851750588
8.620000 0.99999997875431512195
8.630000 0.99999997913321481136
8.640000 0.99999997950531938073
8.650000 0.99999997987075672778
8.660000 0.99999998022966130051
8.670000 0.99999998058212635765
8.680000 0.99999998092828523699
8.690000 0.99999998126825173639
8.700000 0.99999998160212133502
8.710000 0.99999998193002537228
8.720000 0.99999998225205477542
8.730000 0.99999998256831723609
8.740000 0.99999998287893065996
8.750000 0.99999998318397564923
8.760000 0.99999998348356566868
8.770000 0.99999998377780197067
8.780000 0.99999998406676482432
8.790000 0.99999998435056747237
8.800000 0.99999998462929107212
8.810000 0.99999998490302521859
8.820000 0.99999998517187438374
8.830000 0.99999998543590762345
8.840000 0.99999998569522174918
8.850000 0.99999998594990568979
8.860000 0.99999998620002861216
8.870000 0.99999998644568710571
8.880000 0.99999998668695366799
8.890000 0.99999998692390357213
8.900000 0.99999998715662796744
8.910000 0.99999998738518702801
8.920000 0.99999998760966279931
8.930000 0.99999998783013421821
8.940000 0.99999998804665979346
8.950000 0.99999998825932256974
8.960000 0.99999998846818716203
8.970000 0.99999998867331685304
8.980000 0.99999998887479035758
8.990000 0.99999998907266152148
9.000000 0.99999998926699884549
9.010000 0.99999998945787282878
9.020000 0.99999998964533276524
9.030000 0.99999998982944970916
9.040000 0.99999999001028194723
9.050000 0.99999999018788199301
9.060000 0.99999999036231845828
9.070000 0.99999999053363852752
9.080000 0.99999999070190059847
9.090000 0.99999999086716628849
9.100000 0.99999999102947778606
9.110000 0.99999999118889615346
9.120000 0.99999999134547334911
9.130000 0.99999999149925300479
9.140000 0.99999999165029485049
9.150000 0.99999999179864085264
9.160000 0.99999999194434008309
9.170000 0.99999999208744627666
9.180000 0.99999999222799651477
9.190000 0.99999999236604242281
9.200000 0.99999999250163007503
9.210000 0.99999999263479666389
9.220000 0.99999999276559370376
9.230000 0.99999999289405816505
9.240000 0.99999999302023145908
9.250000 0.99999999314416077034
9.260000 0.99999999326587851733
9.270000 0.99999999338542799876
9.280000 0.99999999350285073696
9.290000 0.99999999361817759613
9.300000 0.99999999373145320725
9.310000 0.99999999384271087699
9.320000 0.99999999395198480023
9.330000 0.99999999405931649932
9.340000 0.99999999416473406288
9.350000 0.99999999426827468341
9.360000 0.99999999436997466518
9.370000 0.99999999446986065355
9.380000 0.99999999456797039610
9.390000 0.99999999466433409090
9.400000 0.99999999475898038170
9.410000 0.99999999485194535076
9.420000 0.99999999494325353400
9.430000 0.99999999503293679481
9.440000 0.99999999512102655252
9.450000 0.99999999520754634386
9.460000 0.99999999529252803221
9.470000 0.99999999537599848498
9.480000 0.99999999545798212708
9.490000 0.99999999553850993372
9.500000 0.99999999561760399835
9.510000 0.99999999569529074428
9.520000 0.99999999577159814912
9.530000 0.99999999584654597484
9.540000 0.99999999592016231009
9.550000 0.99999999599247069160
9.560000 0.99999999606349132542
9.570000 0.99999999613325174508
9.580000 0.99999999620177071336
9.590000 0.99999999626907110084
9.600000 0.99999999633517744346
9.610000 0.99999999640010650559
9.620000 0.99999999646388260111
9.630000 0.99999999652652649118
9.640000 0.99999999658805505121
9.650000 0.99999999664849203995
9.660000 0.99999999670785488792
9.670000 0.99999999676616191380
9.680000 0.99999999682343543306
9.690000 0.99999999687968976758
9.700000 0.99999999693494467934
9.710000 0.99999999698921993030
9.720000 0.99999999704252906518
9.730000 0.99999999709489306721
9.740000 0.99999999714632692438
9.750000 0.99999999719684640187
9.760000 0.99999999724647070654
9.770000 0.99999999729521227287
9.780000 0.99999999734308864241
9.790000 0.99999999739011657951
9.800000 0.99999999743630807458
9.810000 0.99999999748168055813
9.820000 0.99999999752624790794
9.830000 0.99999999757002322465
9.840000 0.99999999761302271750
9.850000 0.99999999765525848794
9.860000 0.99999999769674474681
9.870000 0.99999999773749603804
9.880000 0.99999999777752290875
9.890000 0.99999999781684012490
9.900000 0.99999999785546034303
9.910000 0.99999999789339422129
9.920000 0.99999999793065663667
9.930000 0.99999999796725724810
9.940000 0.99999999800320837906
9.950000 0.99999999803852313018
9.960000 0.99999999807321049428
9.970000 0.99999999810728312788
9.980000 0.99999999814075213322
9.990000 0.99999999817362672516
10.000000 0.99999999820591933819
10.010000 0.99999999823763907614
10.020000 0.99999999826879593101
10.030000 0.99999999829940144913
10.040000 0.99999999832946373512
10.050000 0.99999999835899344713
10.060000 0.99999999838800013308
10.070000 0.99999999841649189758
10.080000 0.99999999844447950981
10.090000 0.99999999847197085234
10.100000 0.99999999849897469595
10.110000 0.99999999852550058854
10.120000 0.99999999855155596862
10.130000 0.99999999857715016205
10.140000 0.99999999860229138449
10.150000 0.99999999862698618625
10.160000 0.99999999865124411524
10.170000 0.99999999867507238793
10.180000 0.99999999869847822076
10.190000 0.99999999872147027347
10.200000 0.99999999874405443023
10.210000 0.99999999876623868467
10.220000 0.99999999878803080833
10.230000 0.99999999880943613029
10.240000 0.99999999883046286620
10.250000 0.99999999885111734432
10.260000 0.99999999887140578192
10.270000 0.99999999889133572850
10.280000 0.99999999891091229109
10.290000 0.99999999893014224206
10.300000 0.99999999894903246478
10.310000 0.99999999896758740014
10.320000 0.99999999898581437563
10.330000 0.99999999900371927541
10.340000 0.99999999902130654039
10.350000 0.99999999903858305395
10.360000 0.99999999905555370106
10.370000 0.99999999907222403284
10.380000 0.99999999908859971143
10.390000 0.99999999910468517772
10.400000 0.99999999912048609385
10.410000 0.99999999913600801094
10.420000 0.99999999915125481476
10.430000 0.99999999916623216745
10.440000 0.99999999918094450990
10.450000 0.99999999919539661608
10.460000 0.99999999920959314892
10.470000 0.99999999922353843829
10.480000 0.99999999923723714712
10.490000 0.99999999925069427142
10.500000 0.99999999926391236471
10.510000 0.99999999927689731116
10.520000 0.99999999928965266349
10.530000 0.99999999930218241850
10.540000 0.99999999931449079504
10.550000 0.99999999932658134583
10.560000 0.99999999933845828970
10.570000 0.99999999935012517938
10.580000 0.99999999936158578961
10.590000 0.99999999937284411722
10.600000 0.99999999938390349286
10.610000 0.99999999939476713617
10.620000 0.99999999940543893295
10.630000 0.99999999941592199182
10.640000 0.99999999942621975446
10.650000 0.99999999943633577359
10.660000 0.99999999944627282478
10.670000 0.99999999945603446072
10.680000 0.99999999946562379005
10.690000 0.99999999947504314424
10.700000 0.99999999948429652008
10.710000 0.99999999949338613803
10.720000 0.99999999950231543977
10.730000 0.99999999951108720087
10.740000 0.99999999951970353074
10.750000 0.99999999952816809312
10.760000 0.99999999953648288642
10.770000 0.99999999954465090823
10.780000 0.99999999955267482310
10.790000 0.99999999956055674044
10.800000 0.99999999956829965786
10.810000 0.99999999957590612887
10.820000 0.99999999958337792982
10.830000 0.99999999959071783628
10.840000 0.99999999959792829074
10.850000 0.99999999960501118057
10.860000 0.99999999961196939235
10.870000 0.99999999961880448041
10.880000 0.99999999962551899824
10.890000 0.99999999963211494425
10.900000 0.99999999963859431684
10.910000 0.99999999964495966953
10.920000 0.99999999965121255663
10.930000 0.99999999965735497653
10.940000 0.99999999966338914970
10.950000 0.99999999966931685247
10.960000 0.99999999967513975019
10.970000 0.99999999968085995228
10.980000 0.99999999968647923509
10.990000 0.99999999969199937500
11.000000 0.99999999969742248140
11.010000 0.99999999970274944250
11.020000 0.99999999970798247872
11.030000 0.99999999971312325542
11.040000 0.99999999971817321587
11.050000 0.99999999972313435848
11.060000 0.99999999972800801551
11.070000 0.99999999973279551924
11.080000 0.99999999973749853499
11.090000 0.99999999974211872811
11.100000 0.99999999974665731983
11.110000 0.99999999975111619754
11.120000 0.99999999975549602738
11.130000 0.99999999975979880773
11.140000 0.99999999976402564883
11.150000 0.99999999976817788294
11.160000 0.99999999977225706438
11.170000 0.99999999977626430336
11.180000 0.99999999978020071012
11.190000 0.99999999978406794998
11.200000 0.99999999978786680011
11.210000 0.99999999979159892582
11.220000 0.99999999979526499327
11.230000 0.99999999979886644574
11.240000 0.99999999980240450448
11.250000 0.99999999980588016868
11.260000 0.99999999980929454857
11.270000 0.99999999981264886539
11.280000 0.99999999981594389631
11.290000 0.99999999981918108460
11.300000 0.99999999982236120744
11.310000 0.99999999982548504196
11.320000 0.99999999982855425351
11.330000 0.99999999983156895311
11.340000 0.99999999983453069508
11.350000 0.99999999983744014553
11.360000 0.99999999984029841471
11.370000 0.99999999984310639078
11.380000 0.99999999984586473989
11.390000 0.99999999984857457225
11.400000 0.99999999985123688706
11.410000 0.99999999985385201740
11.420000 0.99999999985642085143
11.430000 0.99999999985894505450
11.440000 0.99999999986142429353
11.450000 0.99999999986386012285
11.460000 0.99999999986625298654
11.470000 0.99999999986860366175
11.480000 0.99999999987091292564
11.490000 0.99999999987318155537
11.500000 0.99999999987541021707
11.510000 0.99999999987759979891
11.520000 0.99999999987975063398
11.530000 0.99999999988186361044
11.540000 0.99999999988393928341
11.550000 0.99999999988597854106
11.560000 0.99999999988798182748
11.570000 0.99999999988994980882
11.580000 0.99999999989188326222
11.590000 0.99999999989378274279
11.600000 0.99999999989564858360
11.610000 0.99999999989748156182
11.620000 0.99999999989928245459
11.630000 0.99999999990105137293
11.640000 0.99999999990278964912
11.650000 0.99999999990449695009
11.660000 0.99999999990617427503
11.670000 0.99999999990782184600
11.680000 0.99999999990944066219
11.690000 0.99999999991103094565
11.700000 0.99999999991259336252
11.710000 0.99999999991412813483
11.720000 0.99999999991563615076
11.730000 0.99999999991711729930
11.740000 0.99999999991857257964
11.750000 0.99999999992000210280
11.760000 0.99999999992140653493
11.770000 0.99999999992278632011
11.780000 0.99999999992414190242
11.790000 0.99999999992547339289
11.800000 0.99999999992678145766
11.810000 0.99999999992806676286
11.820000 0.99999999992932930848
11.830000 0.99999999993056976066
11.840000 0.99999999993178811941
11.850000 0.99999999993298527290
11.860000 0.99999999993416122113
11.870000 0.99999999993531685227
11.880000 0.99999999993645161123
11.890000 0.99999999993756671923
11.900000 0.99999999993866217629
11.910000 0.99999999993973853751
11.920000 0.99999999994079580290
11.930000 0.99999999994183452756
11.940000 0.99999999994285471150
11.950000 0.99999999994385746493
11.960000 0.99999999994484201071
11.970000 0.99999999994580979212
11.980000 0.99999999994676014303
11.990000 0.99999999994769384060
12.000000 0.99999999994861110686
12.010000 0.99999999994951238591
12.020000 0.99999999995039778877
12.030000 0.99999999995126742647
12.040000 0.99999999995212207615
12.050000 0.99999999995296173783
12.060000 0.99999999995378630047
12.070000 0.99999999995459654123
12.080000 0.99999999995539246012
12.090000 0.99999999995617439019
12.100000 0.99999999995694288657
12.110000 0.99999999995769772720
12.120000 0.99999999995843902312
12.130000 0.99999999995916755147
12.140000 0.99999999995988309021
12.150000 0.99999999996058619445
12.160000 0.99999999996127697521
12.170000 0.99999999996195543250
12.180000 0.99999999996262234347
12.190000 0.99999999996327693097
12.200000 0.99999999996392052726
12.210000 0.99999999996455268825
12.220000 0.99999999996517352496
12.230000 0.99999999996578381456
12.240000 0.99999999996638322397
12.250000 0.99999999996697197524
12.260000 0.99999999996755040144
12.270000 0.99999999996811861358
12.280000 0.99999999996867727781
12.290000 0.99999999996922561696
12.300000 0.99999999996976451921
12.310000 0.99999999997029409560
12.320000 0.99999999997081434611
12.330000 0.99999999997132538176
12.340000 0.99999999997182720257
12.350000 0.99999999997232036364
12.360000 0.99999999997280486497
12.370000 0.99999999997328092860
12.380000 0.99999999997374866556
12.390000 0.99999999997420807585
12.400000 0.99999999997465938151
12.410000 0.99999999997510269356
12.420000 0.99999999997553845610
12.430000 0.99999999997596644707
12.440000 0.99999999997638699956
12.450000 0.99999999997680000252
12.460000 0.99999999997720578904
12.470000 0.99999999997760458115
12.480000 0.99999999997799604579
12.490000 0.99999999997838118215
12.500000 0.99999999997875921309
12.510000 0.99999999997913069372
12.520000 0.99999999997949562403
12.530000 0.99999999997985389300
12.540000 0.99999999998020616676
12.550000 0.99999999998055222328
12.560000 0.99999999998089239561
12.570000 0.99999999998122635070
12.580000 0.99999999998155419956
12.590000 0.99999999998187671935
12.600000 0.99999999998219335495
12.610000 0.99999999998250455047
12.620000 0.99999999998281019487
12.630000 0.99999999998311039917
12.640000 0.99999999998340560747
12.650000 0.99999999998369526466
12.660000 0.99999999998397992584
12.670000 0.99999999998425992409
12.680000 0.99999999998453470429
12.690000 0.99999999998480482155
12.700000 0.99999999998507005383
12.710000 0.99999999998533073420
12.720000 0.99999999998558664061
12.730000 0.99999999998583821714
12.740000 0.99999999998608557483
12.750000 0.99999999998632826959
12.760000 0.99999999998656696754
12.770000 0.99999999998680122459
12.780000 0.99999999998703159587
12.790000 0.99999999998725774830
12.800000 0.99999999998748012597
12.810000 0.99999999998769839582
12.820000 0.99999999998791300193
12.830000 0.99999999998812383328
12.840000 0.99999999998833100090
12.850000 0.99999999998853428274
12.860000 0.99999999998873412288
12.870000 0.99999999998893041031
12.880000 0.99999999998912347809
12.890000 0.99999999998931299316
12.900000 0.99999999998949917757
12.910000 0.99999999998968203130
12.920000 0.99999999998986166538
12.930000 0.99999999999003841289
12.940000 0.99999999999021171870
12.950000 0.99999999999038213794
12.960000 0.99999999999054978161
12.970000 0.99999999999071409462
12.980000 0.99999999999087574309
12.990000 0.99999999999103439396
13.000000 0.99999999999119038030
13.010000 0.99999999999134381312
13.020000 0.99999999999149435936
13.030000 0.99999999999164224107
13.040000 0.99999999999178768029
13.050000 0.99999999999193045497
13.060000 0.99999999999207067614
13.070000 0.99999999999220845481
13.080000 0.99999999999234367998
13.090000 0.99999999999247712879
13.100000 0.99999999999260791306
13.110000 0.99999999999273581075
13.120000 0.99999999999286215413
13.130000 0.99999999999298605502
13.140000 0.99999999999310784649
13.150000 0.99999999999322741751
13.160000 0.99999999999334510115
13.170000 0.99999999999346056434
13.180000 0.99999999999357391811
13.190000 0.99999999999368538450
13.200000 0.99999999999379474147
13.210000 0.99999999999390243310
13.220000 0.99999999999400812634
13.230000 0.99999999999411215423
13.240000 0.99999999999421418373
13.250000 0.99999999999431432585
13.260000 0.99999999999441269161
13.270000 0.99999999999450950305
13.280000 0.99999999999460453814
13.290000 0.99999999999469790790
13.300000 0.99999999999478972335
13.310000 0.99999999999487987346
13.320000 0.99999999999496835823
13.330000 0.99999999999505539972
13.340000 0.99999999999514099791
13.350000 0.99999999999522493077
13.360000 0.99999999999530730932
13.370000 0.99999999999538857764
13.380000 0.99999999999546818064
13.390000 0.99999999999554634034
13.400000 0.99999999999562327879
13.410000 0.99999999999569877396
13.420000 0.99999999999577304788
13.430000 0.99999999999584598953
13.440000 0.99999999999591748789
13.450000 0.99999999999598776501
13.460000 0.99999999999605704293
13.470000 0.99999999999612509960
13.480000 0.99999999999619182400
13.490000 0.99999999999625754921
13.500000 0.99999999999632160907
13.510000 0.99999999999638511383
13.520000 0.99999999999644750837
13.530000 0.99999999999650834859
13.540000 0.99999999999656841165
13.550000 0.99999999999662747552
13.560000 0.99999999999668542916
13.570000 0.99999999999674238360
13.580000 0.99999999999679811680
13.590000 0.99999999999685318386
13.600000 0.99999999999690691865
13.610000 0.99999999999696032038
13.620000 0.99999999999701216780
13.630000 0.99999999999706357112
13.640000 0.99999999999711353116
13.650000 0.99999999999716293608
13.660000 0.99999999999721167487
13.670000 0.99999999999725930344
13.680000 0.99999999999730615485
13.690000 0.99999999999735211809
13.700000 0.99999999999739741519
13.710000 0.99999999999744182411
13.720000 0.99999999999748556689
13.730000 0.99999999999752842150
13.740000 0.99999999999757083202
13.750000 0.99999999999761213232
13.760000 0.99999999999765287750
13.770000 0.99999999999769273451
13.780000 0.99999999999773214743
13.790000 0.99999999999777056114
13.800000 0.99999999999780841975
13.810000 0.99999999999784561222
13.820000 0.99999999999788236060
13.830000 0.99999999999791810978
13.840000 0.99999999999795341488
13.850000 0.99999999999798816486
13.860000 0.99999999999802224870
13.870000 0.99999999999805577744
13.880000 0.99999999999808886209
13.890000 0.99999999999812105855
13.900000 0.99999999999815292195
13.910000 0.99999999999818400820
13.920000 0.99999999999821476138
13.930000 0.99999999999824507046
13.940000 0.99999999999827471342
13.950000 0.99999999999830369024
13.960000 0.99999999999833233399
13.970000 0.99999999999836042264
13.980000 0.99999999999838784515
13.990000 0.99999999999841515663
14.000000 0.99999999999844169096
14.010000 0.99999999999846789223
14.020000 0.99999999999849342736
14.030000 0.99999999999851885146
14.040000 0.99999999999854338739
14.050000 0.99999999999856781230
14.060000 0.99999999999859179312
14.070000 0.99999999999861544087
14.080000 0.99999999999863853350
14.090000 0.99999999999866107103
14.100000 0.99999999999868338652
14.110000 0.99999999999870525791
14.120000 0.99999999999872690726
14.130000 0.99999999999874811252
14.140000 0.99999999999876898471
14.150000 0.99999999999878930179
14.160000 0.99999999999880939683
14.170000 0.99999999999882904778
14.180000 0.99999999999884836566
14.190000 0.99999999999886735047
14.200000 0.99999999999888622426
14.210000 0.99999999999890443192
14.220000 0.99999999999892241753
14.230000 0.99999999999894007008
14.240000 0.99999999999895750058
14.250000 0.99999999999897482006
14.260000 0.99999999999899158443
14.270000 0.99999999999900823777
14.280000 0.99999999999902444703
14.290000 0.99999999999904032322
14.300000 0.99999999999905575532
14.310000 0.99999999999907129844
14.320000 0.99999999999908628645
14.330000 0.99999999999910138548
14.340000 0.99999999999911592941
14.350000 0.99999999999913025128
14.360000 0.99999999999914401805
14.370000 0.99999999999915800686
14.380000 0.99999999999917166260
14.390000 0.99999999999918498528
14.400000 0.99999999999919808591
14.410000 0.99999999999921107552
14.420000 0.99999999999922362104
14.430000 0.99999999999923616656
14.440000 0.99999999999924837901
14.450000 0.99999999999926036942
14.460000 0.99999999999927224881
14.470000 0.99999999999928390615
14.480000 0.99999999999929545247
14.490000 0.99999999999930633265
14.500000 0.99999999999931743488
14.510000 0.99999999999932820405
14.520000 0.99999999999933908423
14.530000 0.99999999999934929829
14.540000 0.99999999999935962336
14.550000 0.99999999999936994843
14.560000 0.99999999999937938533
14.570000 0.99999999999938937734
14.580000 0.99999999999939892525
14.590000 0.99999999999940836215
14.600000 0.99999999999941735496
14.610000 0.99999999999942656981
14.620000 0.99999999999943556261
14.630000 0.99999999999944422235
14.640000 0.99999999999945277107
14.650000 0.99999999999946131979
14.660000 0.99999999999946964646
14.670000 0.99999999999947775109
14.680000 0.99999999999948574469
14.690000 0.99999999999949351626
14.700000 0.99999999999950150986
14.710000 0.99999999999950894836
14.720000 0.99999999999951660890
14.730000 0.99999999999952393637
14.740000 0.99999999999953104179
14.750000 0.99999999999953803620
14.760000 0.99999999999954514163
14.770000 0.99999999999955191399
14.780000 0.99999999999955857533
14.790000 0.99999999999956523666
14.800000 0.99999999999957178698
14.810000 0.99999999999957789321
14.820000 0.99999999999958433250
14.830000 0.99999999999959066077
14.840000 0.99999999999959654495
14.850000 0.99999999999960265118
14.860000 0.99999999999960842434
14.870000 0.99999999999961430852
14.880000 0.99999999999961985964
14.890000 0.99999999999962541075
14.900000 0.99999999999963062880
14.910000 0.99999999999963606889
14.920000 0.99999999999964128694
14.930000 0.99999999999964650499
14.940000 0.99999999999965138997
14.950000 0.99999999999965649700
14.960000 0.99999999999966115993
14.970000 0.99999999999966604491
14.980000 0.99999999999967081887
14.990000 0.99999999999967548181
15.000000 0.99999999999967992270
15.010000 0.99999999999968447462
15.020000 0.99999999999968891551
15.030000 0.99999999999969313436
15.040000 0.99999999999969735320
15.050000 0.99999999999970157205
15.060000 0.99999999999970579090
15.070000 0.99999999999970978770
15.080000 0.99999999999971367348
15.090000 0.99999999999971767028
15.100000 0.99999999999972144504
15.110000 0.99999999999972533082
15.120000 0.99999999999972899456
15.130000 0.99999999999973254727
15.140000 0.99999999999973598896
15.150000 0.99999999999973943066
15.160000 0.99999999999974298337
15.170000 0.99999999999974642506
15.180000 0.99999999999974975573
15.190000 0.99999999999975286435
15.200000 0.99999999999975619502
15.210000 0.99999999999975930365
15.220000 0.99999999999976230125
15.230000 0.99999999999976552090
15.240000 0.99999999999976851850
15.250000 0.99999999999977151610
15.260000 0.99999999999977440268
15.270000 0.99999999999977706722
15.280000 0.99999999999977995380
15.290000 0.99999999999978250731
15.300000 0.99999999999978550491
15.310000 0.99999999999978794740
15.320000 0.99999999999979061194
15.330000 0.99999999999979294341
15.340000 0.99999999999979549692
15.350000 0.99999999999979782839
15.360000 0.99999999999980038190
15.370000 0.99999999999980271337
15.380000 0.99999999999980526688
15.390000 0.99999999999980748733
15.400000 0.99999999999980981880
15.410000 0.99999999999981192822
15.420000 0.99999999999981403764
15.430000 0.99999999999981625809
15.440000 0.99999999999981825649
15.450000 0.99999999999982036591
15.460000 0.99999999999982258636
15.470000 0.99999999999982458476
15.480000 0.99999999999982625010
15.490000 0.99999999999982824850
15.500000 0.99999999999983013588
15.510000 0.99999999999983213428
15.520000 0.99999999999983368859
15.530000 0.99999999999983568699
15.540000 0.99999999999983735233
15.550000 0.99999999999983912868
15.560000 0.99999999999984068300
15.570000 0.99999999999984245935
15.580000 0.99999999999984434673
15.590000 0.99999999999984567900
15.600000 0.99999999999984734433
15.610000 0.99999999999984900967
15.620000 0.99999999999985034194
15.630000 0.99999999999985200727
15.640000 0.99999999999985345056
15.650000 0.99999999999985500487
15.660000 0.99999999999985633714
15.670000 0.99999999999985766941
15.680000 0.99999999999985911270
15.690000 0.99999999999986055599
15.700000 0.99999999999986188826
15.710000 0.99999999999986333155
15.720000 0.99999999999986455279
15.730000 0.99999999999986555199
15.740000 0.99999999999986677324
15.750000 0.99999999999986788346
15.760000 0.99999999999986921573
15.770000 0.99999999999987043697
15.780000 0.99999999999987165822
15.790000 0.99999999999987276844
15.800000 0.99999999999987387866
15.810000 0.99999999999987476684
15.820000 0.99999999999987587707
15.830000 0.99999999999987698729
15.840000 0.99999999999987798649
15.850000 0.99999999999987898569
15.860000 0.99999999999987987387
15.870000 0.99999999999988076205
15.880000 0.99999999999988176125
15.890000 0.99999999999988276045
15.900000 0.99999999999988398169
15.910000 0.99999999999988509192
15.920000 0.99999999999988609112
15.930000 0.99999999999988720134
15.940000 0.99999999999988797850
15.950000 0.99999999999988897770
15.960000 0.99999999999989008792
15.970000 0.99999999999989097610
15.980000 0.99999999999989197530
15.990000 0.99999999999989275246
16.000000 0.99999999999989375166
16.010000 0.99999999999989475086
16.020000 0.99999999999989541699
16.030000 0.99999999999989630517
16.040000 0.99999999999989719335
16.050000 0.99999999999989808153
16.060000 0.99999999999989874766
16.070000 0.99999999999989985788
16.080000 0.99999999999990052402
16.090000 0.99999999999990130117
16.100000 0.99999999999990207833
16.110000 0.99999999999990285549
16.120000 0.99999999999990352162
16.130000 0.99999999999990418775
16.140000 0.99999999999990485389
16.150000 0.99999999999990540900
16.160000 0.99999999999990596411
16.170000 0.99999999999990629718
16.180000 0.99999999999990696331
16.190000 0.99999999999990751842
16.200000 0.99999999999990818456
16.210000 0.99999999999990851762
16.220000 0.99999999999990918376
16.230000 0.99999999999990962785
16.240000 0.99999999999991007194
16.250000 0.99999999999991051602
16.260000 0.99999999999991107114
16.270000 0.99999999999991151522
16.280000 0.99999999999991218136
16.290000 0.99999999999991251443
16.300000 0.99999999999991295851
16.310000 0.99999999999991362465
16.320000 0.99999999999991384669
16.330000 0.99999999999991429078
16.340000 0.99999999999991462385
16.350000 0.99999999999991517896
16.360000 0.99999999999991551203
16.370000 0.99999999999991584509
16.380000 0.99999999999991640021
16.390000 0.99999999999991673327
16.400000 0.99999999999991695532
16.410000 0.99999999999991739941
16.420000 0.99999999999991773247
16.430000 0.99999999999991806554
16.440000 0.99999999999991828759
16.450000 0.99999999999991862065
16.460000 0.99999999999991906474
16.470000 0.99999999999991917576
16.480000 0.99999999999991961985
16.490000 0.99999999999992006394
16.500000 0.99999999999992028599
16.510000 0.99999999999992061905
16.520000 0.99999999999992095212
16.530000 0.99999999999992117417
16.540000 0.99999999999992128519
16.550000 0.99999999999992172928
16.560000 0.99999999999992206234
16.570000 0.99999999999992228439
16.580000 0.99999999999992239541
16.590000 0.99999999999992250643
16.600000 0.99999999999992306154
16.610000 0.99999999999992306154
16.620000 0.99999999999992317257
16.630000 0.99999999999992361666
16.640000 0.99999999999992372768
16.650000 0.99999999999992372768
16.660000 0.99999999999992439381
16.670000 0.99999999999992450483
16.680000 0.99999999999992472688
16.690000 0.99999999999992505995
16.700000 0.99999999999992528199
16.710000 0.99999999999992539301
16.720000 0.99999999999992561506
16.730000 0.99999999999992594812
16.740000 0.99999999999992583710
16.750000 0.99999999999992605915
16.760000 0.99999999999992605915
16.770000 0.99999999999992650324
16.780000 0.99999999999992661426
16.790000 0.99999999999992650324
16.800000 0.99999999999992672528
16.810000 0.99999999999992705835
16.820000 0.99999999999992716937
16.830000 0.99999999999992739141
16.840000 0.99999999999992772448
16.850000 0.99999999999992772448
16.860000 0.99999999999992794653
16.870000 0.99999999999992827959
16.880000 0.99999999999992839061
16.890000 0.99999999999992827959
16.900000 0.99999999999992850164
16.910000 0.99999999999992883470
16.920000 0.99999999999992883470
16.930000 0.99999999999992905675
16.940000 0.99999999999992905675
16.950000 0.99999999999992927879
16.960000 0.99999999999992938982
16.970000 0.99999999999992961186
16.980000 0.99999999999992961186
16.990000 0.99999999999992983390
17.000000 0.99999999999992994493
17.010000 0.99999999999993016697
17.020000 0.99999999999993027799
17.030000 0.99999999999993027799
17.040000 0.99999999999993038902
17.050000 0.99999999999993050004
17.060000 0.99999999999993050004
17.070000 0.99999999999993061106
17.080000 0.99999999999993094413
17.090000 0.99999999999993105515
17.100000 0.99999999999993116617
17.110000 0.99999999999993127719
17.120000 0.99999999999993138822
17.130000 0.99999999999993138822
17.140000 0.99999999999993149924
17.150000 0.99999999999993183231
17.160000 0.99999999999993183231
17.170000 0.99999999999993194333
17.180000 0.99999999999993194333
17.190000 0.99999999999993227640
17.200000 0.99999999999993183231
17.210000 0.99999999999993205435
17.220000 0.99999999999993238742
17.230000 0.99999999999993249844
17.240000 0.99999999999993249844
17.250000 0.99999999999993249844
17.260000 0.99999999999993249844
17.270000 0.99999999999993249844
17.280000 0.99999999999993272048
17.290000 0.99999999999993294253
17.300000 0.99999999999993294253
17.310000 0.99999999999993294253
17.320000 0.99999999999993316457
17.330000 0.99999999999993327560
17.340000 0.99999999999993338662
17.350000 0.99999999999993349764
17.360000 0.99999999999993360866
17.370000 0.99999999999993371969
17.380000 0.99999999999993371969
17.390000 0.99999999999993360866
17.400000 0.99999999999993383071
17.410000 0.99999999999993383071
17.420000 0.99999999999993383071
17.430000 0.99999999999993394173
17.440000 0.99999999999993394173
17.450000 0.99999999999993383071
17.460000 0.99999999999993405275
17.470000 0.99999999999993394173
17.480000 0.99999999999993394173
17.490000 0.99999999999993405275
17.500000 0.99999999999993427480
17.510000 0.99999999999993427480
17.520000 0.99999999999993427480
17.530000 0.99999999999993416377
17.540000 0.99999999999993427480
17.550000 0.99999999999993427480
17.560000 0.99999999999993427480
17.570000 0.99999999999993449684
17.580000 0.99999999999993449684
17.590000 0.99999999999993438582
17.600000 0.99999999999993449684
17.610000 0.99999999999993449684
17.620000 0.99999999999993449684
17.630000 0.99999999999993449684
17.640000 0.99999999999993471889
17.650000 0.99999999999993460786
17.660000 0.99999999999993460786
17.670000 0.99999999999993449684
17.680000 0.99999999999993460786
17.690000 0.99999999999993449684
17.700000 0.99999999999993471889
17.710000 0.99999999999993494093
17.720000 0.99999999999993505195
17.730000 0.99999999999993494093
17.740000 0.99999999999993505195
17.750000 0.99999999999993527400
17.760000 0.99999999999993527400
17.770000 0.99999999999993527400
17.780000 0.99999999999993538502
17.790000 0.99999999999993549604
17.800000 0.99999999999993549604
17.810000 0.99999999999993560706
17.820000 0.99999999999993571809
17.830000 0.99999999999993560706
17.840000 0.99999999999993571809
17.850000 0.99999999999993582911
17.860000 0.99999999999993571809
17.870000 0.99999999999993560706
17.880000 0.99999999999993582911
17.890000 0.99999999999993571809
17.900000 0.99999999999993571809
17.910000 0.99999999999993571809
17.920000 0.99999999999993582911
17.930000 0.99999999999993582911
17.940000 0.99999999999993582911
17.950000 0.99999999999993582911
17.960000 0.99999999999993582911
17.970000 0.99999999999993571809
17.980000 0.99999999999993594013
17.990000 0.99999999999993605115
18.000000 0.99999999999993594013
18.010000 0.99999999999993582911
18.020000 0.99999999999993605115
18.030000 0.99999999999993605115
18.040000 0.99999999999993605115
18.050000 0.99999999999993582911
18.060000 0.99999999999993582911
18.070000 0.99999999999993605115
18.080000 0.99999999999993582911
18.090000 0.99999999999993582911
18.100000 0.99999999999993605115
18.110000 0.99999999999993582911
18.120000 0.99999999999993582911
18.130000 0.99999999999993605115
18.140000 0.99999999999993605115
18.150000 0.99999999999993605115
18.160000 0.99999999999993605115
18.170000 0.99999999999993616218
18.180000 0.99999999999993594013
18.190000 0.99999999999993627320
18.200000 0.99999999999993627320
18.210000 0.99999999999993627320
18.220000 0.99999999999993627320
18.230000 0.99999999999993638422
18.240000 0.99999999999993627320
18.250000 0.99999999999993638422
18.260000 0.99999999999993627320
18.270000 0.99999999999993627320
18.280000 0.99999999999993627320
18.290000 0.99999999999993616218
18.300000 0.99999999999993638422
18.310000 0.99999999999993638422
18.320000 0.99999999999993627320
18.330000 0.99999999999993638422
18.340000 0.99999999999993627320
18.350000 0.99999999999993627320
18.360000 0.99999999999993616218
18.370000 0.99999999999993638422
18.380000 0.99999999999993627320
18.390000 0.99999999999993638422
18.400000 0.99999999999993627320
18.410000 0.99999999999993638422
18.420000 0.99999999999993638422
18.430000 0.99999999999993616218
18.440000 0.99999999999993627320
18.450000 0.99999999999993638422
18.460000 0.99999999999993638422
18.470000 0.99999999999993627320
18.480000 0.99999999999993638422
18.490000 0.99999999999993627320
18.500000 0.99999999999993638422
18.510000 0.99999999999993649524
18.520000 0.99999999999993649524
18.530000 0.99999999999993649524
18.540000 0.99999999999993649524
18.550000 0.99999999999993649524
18.560000 0.99999999999993627320
18.570000 0.99999999999993649524
18.580000 0.99999999999993627320
18.590000 0.99999999999993627320
18.600000 0.99999999999993638422
18.610000 0.99999999999993649524
18.620000 0.99999999999993649524
18.630000 0.99999999999993649524
18.640000 0.99999999999993638422
18.650000 0.99999999999993649524
18.660000 0.99999999999993649524
18.670000 0.99999999999993638422
18.680000 0.99999999999993649524
18.690000 0.99999999999993649524
18.700000 0.99999999999993649524
18.710000 0.99999999999993649524
18.720000 0.99999999999993649524
18.730000 0.99999999999993649524
18.740000 0.99999999999993649524
18.750000 0.99999999999993649524
18.760000 0.99999999999993649524
18.770000 0.99999999999993649524
18.780000 0.99999999999993649524
18.790000 0.99999999999993660627
18.800000 0.99999999999993649524
18.810000 0.99999999999993649524
18.820000 0.99999999999993638422
18.830000 0.99999999999993649524
18.840000 0.99999999999993649524
18.850000 0.99999999999993649524
18.860000 0.99999999999993649524
18.870000 0.99999999999993649524
18.880000 0.99999999999993649524
18.890000 0.99999999999993649524
18.900000 0.99999999999993649524
18.910000 0.99999999999993649524
18.920000 0.99999999999993671729
18.930000 0.99999999999993649524
18.940000 0.99999999999993649524
18.950000 0.99999999999993671729
18.960000 0.99999999999993671729
18.970000 0.99999999999993660627
18.980000 0.99999999999993671729
18.990000 0.99999999999993649524
19.000000 0.99999999999993649524
19.010000 0.99999999999993671729
19.020000 0.99999999999993649524
19.030000 0.99999999999993649524
19.040000 0.99999999999993671729
19.050000 0.99999999999993671729
19.060000 0.99999999999993671729
19.070000 0.99999999999993693933
19.080000 0.99999999999993671729
19.090000 0.99999999999993671729
19.100000 0.99999999999993693933
19.110000 0.99999999999993671729
19.120000 0.99999999999993671729
19.130000 0.99999999999993693933
19.140000 0.99999999999993693933
19.150000 0.99999999999993671729
19.160000 0.99999999999993649524
19.170000 0.99999999999993671729
19.180000 0.99999999999993671729
19.190000 0.99999999999993671729
19.200000 0.99999999999993671729
19.210000 0.99999999999993705035
19.220000 0.99999999999993693933
19.230000 0.99999999999993693933
19.240000 0.99999999999993716138
19.250000 0.99999999999993727240
19.260000 0.99999999999993716138
19.270000 0.99999999999993738342
19.280000 0.99999999999993738342
19.290000 0.99999999999993716138
19.300000 0.99999999999993738342
19.310000 0.99999999999993749444
19.320000 0.99999999999993738342
19.330000 0.99999999999993738342
19.340000 0.99999999999993760547
19.350000 0.99999999999993749444
19.360000 0.99999999999993738342
19.370000 0.99999999999993738342
19.380000 0.99999999999993760547
19.390000 0.99999999999993738342
19.400000 0.99999999999993738342
19.410000 0.99999999999993727240
19.420000 0.99999999999993749444
19.430000 0.99999999999993738342
19.440000 0.99999999999993716138
19.450000 0.99999999999993749444
19.460000 0.99999999999993760547
19.470000 0.99999999999993716138
19.480000 0.99999999999993738342
19.490000 0.99999999999993727240
19.500000 0.99999999999993716138
19.510000 0.99999999999993705035
19.520000 0.99999999999993716138
19.530000 0.99999999999993705035
19.540000 0.99999999999993705035
19.550000 0.99999999999993693933
19.560000 0.99999999999993705035
19.570000 0.99999999999993705035
19.580000 0.99999999999993693933
19.590000 0.99999999999993716138
19.600000 0.99999999999993727240
19.610000 0.99999999999993716138
19.620000 0.99999999999993738342
19.630000 0.99999999999993738342
19.640000 0.99999999999993738342
19.650000 0.99999999999993738342
19.660000 0.99999999999993760547
19.670000 0.99999999999993738342
19.680000 0.99999999999993738342
19.690000 0.99999999999993749444
19.700000 0.99999999999993749444
19.710000 0.99999999999993749444
19.720000 0.99999999999993749444
19.730000 0.99999999999993749444
19.740000 0.99999999999993749444
19.750000 0.99999999999993738342
19.760000 0.99999999999993749444
19.770000 0.99999999999993760547
19.780000 0.99999999999993738342
19.790000 0.99999999999993716138
19.800000 0.99999999999993760547
19.810000 0.99999999999993749444
19.820000 0.99999999999993738342
19.830000 0.99999999999993749444
19.840000 0.99999999999993760547
19.850000 0.99999999999993727240
19.860000 0.99999999999993738342
19.870000 0.99999999999993738342
19.880000 0.99999999999993716138
19.890000 0.99999999999993716138
19.900000 0.99999999999993693933
19.910000 0.99999999999993705035
19.920000 0.99999999999993705035
19.930000 0.99999999999993682831
19.940000 0.99999999999993682831
19.950000 0.99999999999993682831
19.960000 0.99999999999993649524
19.970000 0.99999999999993682831
19.980000 0.99999999999993682831
19.990000 0.99999999999993671729
20.000000 0.99999999999993671729
20.010000 0.99999999999993682831
20.020000 0.99999999999993671729
20.030000 0.99999999999993671729
20.040000 0.99999999999993682831
20.050000 0.99999999999993682831
20.060000 0.99999999999993671729
20.070000 0.99999999999993682831
20.080000 0.99999999999993649524
20.090000 0.99999999999993671729
20.100000 0.99999999999993671729
20.110000 0.99999999999993682831
20.120000 0.99999999999993671729
20.130000 0.99999999999993649524
20.140000 0.99999999999993671729
20.150000 0.99999999999993671729
20.160000 0.99999999999993682831
20.170000 0.99999999999993671729
20.180000 0.99999999999993671729
20.190000 0.99999999999993682831
20.200000 0.99999999999993660627
20.210000 0.99999999999993682831
20.220000 0.99999999999993671729
20.230000 0.99999999999993671729
20.240000 0.99999999999993671729
20.250000 0.99999999999993693933
20.260000 0.99999999999993671729
20.270000 0.99999999999993671729
20.280000 0.99999999999993649524
20.290000 0.99999999999993671729
20.300000 0.99999999999993682831
20.310000 0.99999999999993660627
20.320000 0.99999999999993649524
20.330000 0.99999999999993682831
20.340000 0.99999999999993671729
20.350000 0.99999999999993671729
20.360000 0.99999999999993693933
20.370000 0.99999999999993682831
20.380000 0.99999999999993671729
20.390000 0.99999999999993705035
20.400000 0.99999999999993693933
20.410000 0.99999999999993693933
20.420000 0.99999999999993682831
20.430000 0.99999999999993705035
20.440000 0.99999999999993693933
20.450000 0.99999999999993693933
20.460000 0.99999999999993671729
20.470000 0.99999999999993682831
20.480000 0.99999999999993682831
20.490000 0.99999999999993671729
20.500000 0.99999999999993682831
20.510000 0.99999999999993682831
20.520000 0.99999999999993660627
20.530000 0.99999999999993682831
20.540000 0.99999999999993693933
20.550000 0.99999999999993671729
20.560000 0.99999999999993705035
20.570000 0.99999999999993716138
20.580000 0.99999999999993705035
20.590000 0.99999999999993705035
20.600000 0.99999999999993716138
20.610000 0.99999999999993705035
20.620000 0.99999999999993716138
20.630000 0.99999999999993716138
20.640000 0.99999999999993727240
20.650000 0.99999999999993716138
20.660000 0.99999999999993716138
20.670000 0.99999999999993716138
20.680000 0.99999999999993716138
20.690000 0.99999999999993693933
20.700000 0.99999999999993693933
20.710000 0.99999999999993716138
20.720000 0.99999999999993693933
20.730000 0.99999999999993693933
20.740000 0.99999999999993705035
20.750000 0.99999999999993705035
20.760000 0.99999999999993693933
20.770000 0.99999999999993693933
20.780000 0.99999999999993705035
20.790000 0.99999999999993671729
20.800000 0.99999999999993693933
20.810000 0.99999999999993693933
20.820000 0.99999999999993682831
20.830000 0.99999999999993682831
20.840000 0.99999999999993693933
20.850000 0.99999999999993682831
20.860000 0.99999999999993671729
20.870000 0.99999999999993671729
20.880000 0.99999999999993682831
20.890000 0.99999999999993682831
20.900000 0.99999999999993671729
20.910000 0.99999999999993671729
20.920000 0.99999999999993682831
20.930000 0.99999999999993649524
20.940000 0.99999999999993660627
20.950000 0.99999999999993671729
20.960000 0.99999999999993671729
20.970000 0.99999999999993649524
20.980000 0.99999999999993671729
20.990000 0.99999999999993671729
21.000000 0.99999999999993671729
21.010000 0.99999999999993649524
21.020000 0.99999999999993671729
21.030000 0.99999999999993671729
21.040000 0.99999999999993649524
21.050000 0.99999999999993649524
21.060000 0.99999999999993682831
21.070000 0.99999999999993671729
21.080000 0.99999999999993649524
21.090000 0.99999999999993671729
21.100000 0.99999999999993671729
21.110000 0.99999999999993649524
21.120000 0.99999999999993682831
21.130000 0.99999999999993671729
21.140000 0.99999999999993671729
21.150000 0.99999999999993649524
21.160000 0.99999999999993671729
21.170000 0.99999999999993649524
21.180000 0.99999999999993671729
21.190000 0.99999999999993671729
21.200000 0.99999999999993649524
21.210000 0.99999999999993671729
21.220000 0.99999999999993671729
21.230000 0.99999999999993671729
21.240000 0.99999999999993671729
21.250000 0.99999999999993649524
21.260000 0.99999999999993671729
21.270000 0.99999999999993682831
21.280000 0.99999999999993671729
21.290000 0.99999999999993671729
21.300000 0.99999999999993682831
21.310000 0.99999999999993660627
21.320000 0.99999999999993671729
21.330000 0.99999999999993671729
21.340000 0.99999999999993649524
21.350000 0.99999999999993671729
21.360000 0.99999999999993671729
21.370000 0.99999999999993682831
21.380000 0.99999999999993671729
21.390000 0.99999999999993649524
21.400000 0.99999999999993649524
21.410000 0.99999999999993660627
21.420000 0.99999999999993649524
21.430000 0.99999999999993649524
21.440000 0.99999999999993671729
21.450000 0.99999999999993682831
21.460000 0.99999999999993671729
21.470000 0.99999999999993682831
21.480000 0.99999999999993693933
21.490000 0.99999999999993671729
21.500000 0.99999999999993705035
21.510000 0.99999999999993693933
21.520000 0.99999999999993671729
21.530000 0.99999999999993693933
21.540000 0.99999999999993705035
21.550000 0.99999999999993682831
21.560000 0.99999999999993693933
21.570000 0.99999999999993671729
21.580000 0.99999999999993693933
21.590000 0.99999999999993693933
21.600000 0.99999999999993671729
21.610000 0.99999999999993671729
21.620000 0.99999999999993671729
21.630000 0.99999999999993649524
21.640000 0.99999999999993649524
21.650000 0.99999999999993671729
21.660000 0.99999999999993671729
21.670000 0.99999999999993671729
21.680000 0.99999999999993671729
21.690000 0.99999999999993671729
21.700000 0.99999999999993671729
21.710000 0.99999999999993682831
21.720000 0.99999999999993693933
21.730000 0.99999999999993671729
21.740000 0.99999999999993649524
21.750000 0.99999999999993693933
21.760000 0.99999999999993671729
21.770000 0.99999999999993649524
21.780000 0.99999999999993649524
21.790000 0.99999999999993671729
21.800000 0.99999999999993682831
21.810000 0.99999999999993671729
21.820000 0.99999999999993671729
21.830000 0.99999999999993671729
21.840000 0.99999999999993649524
21.850000 0.99999999999993682831
21.860000 0.99999999999993682831
21.870000 0.99999999999993671729
21.880000 0.99999999999993649524
21.890000 0.99999999999993671729
21.900000 0.99999999999993671729
21.910000 0.99999999999993671729
21.920000 0.99999999999993649524
21.930000 0.99999999999993671729
21.940000 0.99999999999993671729
21.950000 0.99999999999993671729
21.960000 0.99999999999993649524
21.970000 0.99999999999993671729
21.980000 0.99999999999993649524
21.990000 0.99999999999993671729
22.000000 0.99999999999993671729
22.010000 0.99999999999993649524
22.020000 0.99999999999993671729
22.030000 0.99999999999993682831
22.040000 0.99999999999993671729
22.050000 0.99999999999993649524
22.060000 0.99999999999993693933
22.070000 0.99999999999993693933
22.080000 0.99999999999993693933
22.090000 0.99999999999993705035
22.100000 0.99999999999993705035
22.110000 0.99999999999993693933
22.120000 0.99999999999993693933
22.130000 0.99999999999993716138
22.140000 0.99999999999993693933
22.150000 0.99999999999993693933
22.160000 0.99999999999993693933
22.170000 0.99999999999993716138
22.180000 0.99999999999993693933
22.190000 0.99999999999993693933
22.200000 0.99999999999993716138
22.210000 0.99999999999993716138
22.220000 0.99999999999993716138
22.230000 0.99999999999993716138
22.240000 0.99999999999993727240
22.250000 0.99999999999993716138
22.260000 0.99999999999993716138
22.270000 0.99999999999993716138
22.280000 0.99999999999993716138
22.290000 0.99999999999993716138
22.300000 0.99999999999993716138
22.310000 0.99999999999993716138
22.320000 0.99999999999993693933
22.330000 0.99999999999993693933
22.340000 0.99999999999993671729
22.350000 0.99999999999993693933
22.360000 0.99999999999993671729
22.370000 0.99999999999993671729
22.380000 0.99999999999993693933
22.390000 0.99999999999993693933
22.400000 0.99999999999993693933
22.410000 0.99999999999993693933
22.420000 0.99999999999993705035
22.430000 0.99999999999993693933
22.440000 0.99999999999993716138
22.450000 0.99999999999993693933
22.460000 0.99999999999993705035
22.470000 0.99999999999993693933
22.480000 0.99999999999993716138
22.490000 0.99999999999993693933
22.500000 0.99999999999993693933
22.510000 0.99999999999993693933
22.520000 0.99999999999993693933
22.530000 0.99999999999993682831
22.540000 0.99999999999993671729
22.550000 0.99999999999993693933
22.560000 0.99999999999993693933
22.570000 0.99999999999993671729
22.580000 0.99999999999993671729
22.590000 0.99999999999993682831
22.600000 0.99999999999993671729
22.610000 0.99999999999993693933
22.620000 0.99999999999993705035
22.630000 0.99999999999993693933
22.640000 0.99999999999993693933
22.650000 0.99999999999993671729
22.660000 0.99999999999993705035
22.670000 0.99999999999993682831
22.680000 0.99999999999993671729
22.690000 0.99999999999993671729
22.700000 0.99999999999993682831
22.710000 0.99999999999993671729
22.720000 0.99999999999993660627
22.730000 0.99999999999993682831
22.740000 0.99999999999993682831
22.750000 0.99999999999993671729
22.760000 0.99999999999993693933
22.770000 0.99999999999993682831
22.780000 0.99999999999993682831
22.790000 0.99999999999993682831
22.800000 0.99999999999993693933
22.810000 0.99999999999993671729
22.820000 0.99999999999993671729
22.830000 0.99999999999993693933
22.840000 0.99999999999993671729
22.850000 0.99999999999993682831
22.860000 0.99999999999993693933
22.870000 0.99999999999993671729
22.880000 0.99999999999993682831
22.890000 0.99999999999993671729
22.900000 0.99999999999993671729
22.910000 0.99999999999993682831
22.920000 0.99999999999993649524
22.930000 0.99999999999993649524
22.940000 0.99999999999993682831
22.950000 0.99999999999993671729
22.960000 0.99999999999993671729
22.970000 0.99999999999993682831
22.980000 0.99999999999993693933
22.990000 0.99999999999993693933
23.000000 0.99999999999993716138
23.010000 0.99999999999993716138
23.020000 0.99999999999993705035
23.030000 0.99999999999993671729
23.040000 0.99999999999993716138
23.050000 0.99999999999993693933
23.060000 0.99999999999993716138
23.070000 0.99999999999993693933
23.080000 0.99999999999993705035
23.090000 0.99999999999993693933
23.100000 0.99999999999993671729
23.110000 0.99999999999993682831
23.120000 0.99999999999993682831
23.130000 0.99999999999993660627
23.140000 0.99999999999993682831
23.150000 0.99999999999993693933
23.160000 0.99999999999993671729
23.170000 0.99999999999993671729
23.180000 0.99999999999993682831
23.190000 0.99999999999993671729
23.200000 0.99999999999993671729
23.210000 0.99999999999993682831
23.220000 0.99999999999993671729
23.230000 0.99999999999993671729
23.240000 0.99999999999993649524
23.250000 0.99999999999993671729
23.260000 0.99999999999993671729
23.270000 0.99999999999993649524
23.280000 0.99999999999993671729
23.290000 0.99999999999993693933
23.300000 0.99999999999993671729
23.310000 0.99999999999993671729
23.320000 0.99999999999993693933
23.330000 0.99999999999993705035
23.340000 0.99999999999993693933
23.350000 0.99999999999993693933
23.360000 0.99999999999993716138
23.370000 0.99999999999993693933
23.380000 0.99999999999993705035
23.390000 0.99999999999993716138
23.400000 0.99999999999993705035
23.410000 0.99999999999993693933
23.420000 0.99999999999993693933
23.430000 0.99999999999993716138
23.440000 0.99999999999993716138
23.450000 0.99999999999993716138
23.460000 0.99999999999993738342
23.470000 0.99999999999993727240
23.480000 0.99999999999993738342
23.490000 0.99999999999993749444
23.500000 0.99999999999993749444
23.510000 0.99999999999993749444
23.520000 0.99999999999993738342
23.530000 0.99999999999993749444
23.540000 0.99999999999993738342
23.550000 0.99999999999993738342
23.560000 0.99999999999993749444
23.570000 0.99999999999993738342
23.580000 0.99999999999993738342
23.590000 0.99999999999993749444
23.600000 0.99999999999993738342
23.610000 0.99999999999993727240
23.620000 0.99999999999993716138
23.630000 0.99999999999993727240
23.640000 0.99999999999993716138
23.650000 0.99999999999993693933
23.660000 0.99999999999993693933
23.670000 0.99999999999993705035
23.680000 0.99999999999993705035
23.690000 0.99999999999993705035
23.700000 0.99999999999993705035
23.710000 0.99999999999993705035
23.720000 0.99999999999993693933
23.730000 0.99999999999993693933
23.740000 0.99999999999993705035
23.750000 0.99999999999993671729
23.760000 0.99999999999993693933
23.770000 0.99999999999993693933
23.780000 0.99999999999993671729
23.790000 0.99999999999993682831
23.800000 0.99999999999993671729
23.810000 0.99999999999993693933
23.820000 0.99999999999993671729
23.830000 0.99999999999993671729
23.840000 0.99999999999993705035
23.850000 0.99999999999993705035
23.860000 0.99999999999993693933
23.870000 0.99999999999993716138
23.880000 0.99999999999993705035
23.890000 0.99999999999993705035
23.900000 0.99999999999993716138
23.910000 0.99999999999993727240
23.920000 0.99999999999993716138
23.930000 0.99999999999993716138
23.940000 0.99999999999993738342
23.950000 0.99999999999993738342
23.960000 0.99999999999993738342
23.970000 0.99999999999993749444
23.980000 0.99999999999993749444
23.990000 0.99999999999993749444
24.000000 0.99999999999993738342
24.010000 0.99999999999993738342
24.020000 0.99999999999993738342
24.030000 0.99999999999993749444
24.040000 0.99999999999993716138
24.050000 0.99999999999993749444
24.060000 0.99999999999993749444
24.070000 0.99999999999993738342
24.080000 0.99999999999993749444
24.090000 0.99999999999993738342
24.100000 0.99999999999993749444
24.110000 0.99999999999993716138
24.120000 0.99999999999993738342
24.130000 0.99999999999993738342
24.140000 0.99999999999993716138
24.150000 0.99999999999993716138
24.160000 0.99999999999993738342
24.170000 0.99999999999993727240
24.180000 0.99999999999993716138
24.190000 0.99999999999993716138
24.200000 0.99999999999993716138
24.210000 0.99999999999993716138
24.220000 0.99999999999993693933
24.230000 0.99999999999993705035
24.240000 0.99999999999993693933
24.250000 0.99999999999993693933
24.260000 0.99999999999993693933
24.270000 0.99999999999993693933
24.280000 0.99999999999993705035
24.290000 0.99999999999993705035
24.300000 0.99999999999993693933
24.310000 0.99999999999993693933
24.320000 0.99999999999993693933
24.330000 0.99999999999993671729
24.340000 0.99999999999993693933
24.350000 0.99999999999993693933
24.360000 0.99999999999993716138
24.370000 0.99999999999993693933
24.380000 0.99999999999993693933
24.390000 0.99999999999993671729
24.400000 0.99999999999993693933
24.410000 0.99999999999993682831
24.420000 0.99999999999993671729
24.430000 0.99999999999993705035
24.440000 0.99999999999993705035
24.450000 0.99999999999993671729
24.460000 0.99999999999993693933
24.470000 0.99999999999993693933
24.480000 0.99999999999993693933
24.490000 0.99999999999993693933
24.500000 0.99999999999993716138
24.510000 0.99999999999993727240
24.520000 0.99999999999993716138
24.530000 0.99999999999993716138
24.540000 0.99999999999993727240
24.550000 0.99999999999993716138
24.560000 0.99999999999993693933
24.570000 0.99999999999993693933
24.580000 0.99999999999993716138
24.590000 0.99999999999993693933
24.600000 0.99999999999993693933
24.610000 0.99999999999993716138
24.620000 0.99999999999993716138
24.630000 0.99999999999993693933
24.640000 0.99999999999993716138
24.650000 0.99999999999993716138
24.660000 0.99999999999993693933
24.670000 0.99999999999993727240
24.680000 0.99999999999993727240
24.690000 0.99999999999993716138
24.700000 0.99999999999993727240
24.710000 0.99999999999993716138
24.720000 0.99999999999993693933
24.730000 0.99999999999993693933
24.740000 0.99999999999993693933
24.750000 0.99999999999993716138
24.760000 0.99999999999993716138
24.770000 0.99999999999993716138
24.780000 0.99999999999993727240
24.790000 0.99999999999993716138
24.800000 0.99999999999993716138
24.810000 0.99999999999993716138
24.820000 0.99999999999993738342
24.830000 0.99999999999993716138
24.840000 0.99999999999993716138
24.850000 0.99999999999993727240
24.860000 0.99999999999993716138
24.870000 0.99999999999993716138
24.880000 0.99999999999993716138
24.890000 0.99999999999993716138
24.900000 0.99999999999993716138
24.910000 0.99999999999993693933
24.920000 0.99999999999993693933
24.930000 0.99999999999993716138
24.940000 0.99999999999993693933
24.950000 0.99999999999993693933
24.960000 0.99999999999993716138
24.970000 0.99999999999993705035
24.980000 0.99999999999993716138
24.990000 0.99999999999993727240
25.000000 0.99999999999993727240
25.010000 0.99999999999993727240
25.020000 0.99999999999993749444
25.030000 0.99999999999993738342
25.040000 0.99999999999993716138
25.050000 0.99999999999993738342
25.060000 0.99999999999993716138
25.070000 0.99999999999993738342
25.080000 0.99999999999993738342
25.090000 0.99999999999993738342
25.100000 0.99999999999993738342
25.110000 0.99999999999993727240
25.120000 0.99999999999993716138
25.130000 0.99999999999993716138
25.140000 0.99999999999993716138
25.150000 0.99999999999993727240
25.160000 0.99999999999993716138
25.170000 0.99999999999993727240
25.180000 0.99999999999993716138
25.190000 0.99999999999993716138
25.200000 0.99999999999993749444
25.210000 0.99999999999993716138
25.220000 0.99999999999993716138
25.230000 0.99999999999993738342
25.240000 0.99999999999993727240
25.250000 0.99999999999993716138
25.260000 0.99999999999993693933
25.270000 0.99999999999993716138
25.280000 0.99999999999993716138
25.290000 0.99999999999993693933
25.300000 0.99999999999993693933
25.310000 0.99999999999993705035
25.320000 0.99999999999993693933
25.330000 0.99999999999993671729
25.340000 0.99999999999993693933
25.350000 0.99999999999993693933
25.360000 0.99999999999993671729
25.370000 0.99999999999993682831
25.380000 0.99999999999993671729
25.390000 0.99999999999993671729
25.400000 0.99999999999993671729
25.410000 0.99999999999993693933
25.420000 0.99999999999993671729
25.430000 0.99999999999993671729
25.440000 0.99999999999993649524
25.450000 0.99999999999993671729
25.460000 0.99999999999993682831
25.470000 0.99999999999993693933
25.480000 0.99999999999993693933
25.490000 0.99999999999993705035
25.500000 0.99999999999993693933
25.510000 0.99999999999993693933
25.520000 0.99999999999993727240
25.530000 0.99999999999993716138
25.540000 0.99999999999993716138
25.550000 0.99999999999993716138
25.560000 0.99999999999993727240
25.570000 0.99999999999993727240
25.580000 0.99999999999993749444
25.590000 0.99999999999993738342
25.600000 0.99999999999993738342
25.610000 0.99999999999993760547
25.620000 0.99999999999993749444
25.630000 0.99999999999993738342
25.640000 0.99999999999993738342
25.650000 0.99999999999993738342
25.660000 0.99999999999993738342
25.670000 0.99999999999993738342
25.680000 0.99999999999993738342
25.690000 0.99999999999993760547
25.700000 0.99999999999993738342
25.710000 0.99999999999993738342
25.720000 0.99999999999993760547
25.730000 0.99999999999993749444
25.740000 0.99999999999993738342
25.750000 0.99999999999993738342
25.760000 0.99999999999993760547
25.770000 0.99999999999993749444
25.780000 0.99999999999993738342
25.790000 0.99999999999993760547
25.800000 0.99999999999993749444
25.810000 0.99999999999993749444
25.820000 0.99999999999993760547
25.830000 0.99999999999993738342
25.840000 0.99999999999993749444
25.850000 0.99999999999993738342
25.860000 0.99999999999993760547
25.870000 0.99999999999993749444
25.880000 0.99999999999993738342
25.890000 0.99999999999993738342
25.900000 0.99999999999993760547
25.910000 0.99999999999993738342
25.920000 0.99999999999993738342
25.930000 0.99999999999993749444
25.940000 0.99999999999993749444
25.950000 0.99999999999993738342
25.960000 0.99999999999993771649
25.970000 0.99999999999993760547
25.980000 0.99999999999993738342
25.990000 0.99999999999993738342
26.000000 0.99999999999993760547
26.010000 0.99999999999993760547
26.020000 0.99999999999993738342
26.030000 0.99999999999993738342
26.040000 0.99999999999993749444
26.050000 0.99999999999993760547
26.060000 0.99999999999993738342
26.070000 0.99999999999993760547
26.080000 0.99999999999993749444
26.090000 0.99999999999993738342
26.100000 0.99999999999993738342
26.110000 0.99999999999993760547
26.120000 0.99999999999993738342
26.130000 0.99999999999993738342
26.140000 0.99999999999993760547
26.150000 0.99999999999993738342
26.160000 0.99999999999993738342
26.170000 0.99999999999993716138
26.180000 0.99999999999993760547
26.190000 0.99999999999993738342
26.200000 0.99999999999993749444
26.210000 0.99999999999993716138
26.220000 0.99999999999993738342
26.230000 0.99999999999993738342
26.240000 0.99999999999993738342
26.250000 0.99999999999993749444
26.260000 0.99999999999993749444
26.270000 0.99999999999993738342
26.280000 0.99999999999993760547
26.290000 0.99999999999993738342
26.300000 0.99999999999993738342
26.310000 0.99999999999993760547
26.320000 0.99999999999993738342
26.330000 0.99999999999993738342
26.340000 0.99999999999993771649
26.350000 0.99999999999993760547
26.360000 0.99999999999993749444
26.370000 0.99999999999993738342
26.380000 0.99999999999993760547
26.390000 0.99999999999993771649
26.400000 0.99999999999993749444
26.410000 0.99999999999993738342
26.420000 0.99999999999993771649
26.430000 0.99999999999993738342
26.440000 0.99999999999993738342
26.450000 0.99999999999993738342
26.460000 0.99999999999993749444
26.470000 0.99999999999993738342
26.480000 0.99999999999993716138
26.490000 0.99999999999993760547
26.500000 0.99999999999993727240
26.510000 0.99999999999993716138
26.520000 0.99999999999993727240
26.530000 0.99999999999993727240
26.540000 0.99999999999993716138
26.550000 0.99999999999993716138
26.560000 0.99999999999993693933
26.570000 0.99999999999993716138
26.580000 0.99999999999993716138
26.590000 0.99999999999993716138
26.600000 0.99999999999993738342
26.610000 0.99999999999993738342
26.620000 0.99999999999993716138
26.630000 0.99999999999993738342
26.640000 0.99999999999993727240
26.650000 0.99999999999993727240
26.660000 0.99999999999993749444
26.670000 0.99999999999993738342
26.680000 0.99999999999993716138
26.690000 0.99999999999993716138
26.700000 0.99999999999993738342
26.710000 0.99999999999993738342
26.720000 0.99999999999993738342
26.730000 0.99999999999993749444
26.740000 0.99999999999993749444
26.750000 0.99999999999993738342
26.760000 0.99999999999993727240
26.770000 0.99999999999993738342
26.780000 0.99999999999993738342
26.790000 0.99999999999993716138
26.800000 0.99999999999993716138
26.810000 0.99999999999993716138
26.820000 0.99999999999993716138
26.830000 0.99999999999993716138
26.840000 0.99999999999993716138
26.850000 0.99999999999993693933
26.860000 0.99999999999993693933
26.870000 0.99999999999993716138
26.880000 0.99999999999993716138
26.890000 0.99999999999993716138
26.900000 0.99999999999993693933
26.910000 0.99999999999993716138
26.920000 0.99999999999993716138
26.930000 0.99999999999993727240
26.940000 0.99999999999993716138
26.950000 0.99999999999993716138
26.960000 0.99999999999993727240
26.970000 0.99999999999993738342
26.980000 0.99999999999993727240
26.990000 0.99999999999993727240
27.000000 0.99999999999993716138
27.010000 0.99999999999993738342
27.020000 0.99999999999993738342
27.030000 0.99999999999993716138
27.040000 0.99999999999993716138
27.050000 0.99999999999993727240
27.060000 0.99999999999993716138
27.070000 0.99999999999993716138
27.080000 0.99999999999993727240
27.090000 0.99999999999993716138
27.100000 0.99999999999993738342
27.110000 0.99999999999993749444
27.120000 0.99999999999993738342
27.130000 0.99999999999993738342
27.140000 0.99999999999993716138
27.150000 0.99999999999993738342
27.160000 0.99999999999993749444
27.170000 0.99999999999993738342
27.180000 0.99999999999993716138
27.190000 0.99999999999993760547
27.200000 0.99999999999993716138
27.210000 0.99999999999993738342
27.220000 0.99999999999993738342
27.230000 0.99999999999993727240
27.240000 0.99999999999993716138
27.250000 0.99999999999993716138
27.260000 0.99999999999993716138
27.270000 0.99999999999993693933
27.280000 0.99999999999993671729
27.290000 0.99999999999993705035
27.300000 0.99999999999993693933
27.310000 0.99999999999993693933
27.320000 0.99999999999993693933
27.330000 0.99999999999993716138
27.340000 0.99999999999993716138
27.350000 0.99999999999993716138
27.360000 0.99999999999993727240
27.370000 0.99999999999993716138
27.380000 0.99999999999993716138
27.390000 0.99999999999993738342
27.400000 0.99999999999993760547
27.410000 0.99999999999993738342
27.420000 0.99999999999993749444
27.430000 0.99999999999993749444
27.440000 0.99999999999993749444
27.450000 0.99999999999993738342
27.460000 0.99999999999993749444
27.470000 0.99999999999993749444
27.480000 0.99999999999993738342
27.490000 0.99999999999993738342
27.500000 0.99999999999993749444
27.510000 0.99999999999993749444
27.520000 0.99999999999993716138
27.530000 0.99999999999993738342
27.540000 0.99999999999993760547
27.550000 0.99999999999993749444
27.560000 0.99999999999993716138
27.570000 0.99999999999993749444
27.580000 0.99999999999993749444
27.590000 0.99999999999993738342
27.600000 0.99999999999993760547
27.610000 0.99999999999993749444
27.620000 0.99999999999993749444
27.630000 0.99999999999993760547
27.640000 0.99999999999993760547
27.650000 0.99999999999993749444
27.660000 0.99999999999993738342
27.670000 0.99999999999993738342
27.680000 0.99999999999993749444
27.690000 0.99999999999993738342
27.700000 0.99999999999993760547
27.710000 0.99999999999993749444
27.720000 0.99999999999993749444
27.730000 0.99999999999993738342
27.740000 0.99999999999993738342
27.750000 0.99999999999993760547
27.760000 0.99999999999993760547
27.770000 0.99999999999993738342
27.780000 0.99999999999993771649
27.790000 0.99999999999993760547
27.800000 0.99999999999993760547
27.810000 0.99999999999993771649
27.820000 0.99999999999993760547
27.830000 0.99999999999993771649
27.840000 0.99999999999993771649
27.850000 0.99999999999993760547
27.860000 0.99999999999993760547
27.870000 0.99999999999993738342
27.880000 0.99999999999993771649
27.890000 0.99999999999993771649
27.900000 0.99999999999993760547
27.910000 0.99999999999993738342
27.920000 0.99999999999993760547
27.930000 0.99999999999993760547
27.940000 0.99999999999993738342
27.950000 0.99999999999993760547
27.960000 0.99999999999993760547
27.970000 0.99999999999993738342
27.980000 0.99999999999993738342
27.990000 0.99999999999993749444
28.000000 0.99999999999993738342
28.010000 0.99999999999993727240
28.020000 0.99999999999993749444
28.030000 0.99999999999993738342
28.040000 0.99999999999993738342
28.050000 0.99999999999993727240
28.060000 0.99999999999993749444
28.070000 0.99999999999993727240
28.080000 0.99999999999993738342
28.090000 0.99999999999993716138
28.100000 0.99999999999993738342
28.110000 0.99999999999993738342
28.120000 0.99999999999993716138
28.130000 0.99999999999993749444
28.140000 0.99999999999993749444
28.150000 0.99999999999993738342
28.160000 0.99999999999993760547
28.170000 0.99999999999993760547
28.180000 0.99999999999993738342
28.190000 0.99999999999993771649
28.200000 0.99999999999993749444
28.210000 0.99999999999993738342
28.220000 0.99999999999993749444
28.230000 0.99999999999993749444
28.240000 0.99999999999993760547
28.250000 0.99999999999993749444
28.260000 0.99999999999993738342
28.270000 0.99999999999993749444
28.280000 0.99999999999993749444
28.290000 0.99999999999993738342
28.300000 0.99999999999993749444
28.310000 0.99999999999993749444
28.320000 0.99999999999993749444
28.330000 0.99999999999993738342
28.340000 0.99999999999993749444
28.350000 0.99999999999993749444
28.360000 0.99999999999993738342
28.370000 0.99999999999993760547
28.380000 0.99999999999993749444
28.390000 0.99999999999993738342
28.400000 0.99999999999993738342
28.410000 0.99999999999993760547
28.420000 0.99999999999993760547
28.430000 0.99999999999993738342
28.440000 0.99999999999993738342
28.450000 0.99999999999993771649
28.460000 0.99999999999993760547
28.470000 0.99999999999993760547
28.480000 0.99999999999993771649
28.490000 0.99999999999993760547
28.500000 0.99999999999993771649
28.510000 0.99999999999993771649
28.520000 0.99999999999993771649
28.530000 0.99999999999993749444
28.540000 0.99999999999993771649
28.550000 0.99999999999993771649
28.560000 0.99999999999993771649
28.570000 0.99999999999993771649
28.580000 0.99999999999993771649
28.590000 0.99999999999993760547
28.600000 0.99999999999993749444
28.610000 0.99999999999993760547
28.620000 0.99999999999993749444
28.630000 0.99999999999993749444
28.640000 0.99999999999993738342
28.650000 0.99999999999993749444
28.660000 0.99999999999993749444
28.670000 0.99999999999993738342
28.680000 0.99999999999993738342
28.690000 0.99999999999993771649
28.700000 0.99999999999993760547
28.710000 0.99999999999993749444
28.720000 0.99999999999993760547
28.730000 0.99999999999993738342
28.740000 0.99999999999993738342
28.750000 0.99999999999993760547
28.760000 0.99999999999993760547
28.770000 0.99999999999993749444
28.780000 0.99999999999993738342
28.790000 0.99999999999993749444
28.800000 0.99999999999993749444
28.810000 0.99999999999993738342
28.820000 0.99999999999993716138
28.830000 0.99999999999993760547
28.840000 0.99999999999993760547
28.850000 0.99999999999993738342
28.860000 0.99999999999993749444
28.870000 0.99999999999993749444
28.880000 0.99999999999993716138
28.890000 0.99999999999993760547
28.900000 0.99999999999993749444
28.910000 0.99999999999993738342
28.920000 0.99999999999993760547
28.930000 0.99999999999993749444
28.940000 0.99999999999993749444
28.950000 0.99999999999993738342
28.960000 0.99999999999993760547
28.970000 0.99999999999993749444
28.980000 0.99999999999993738342
28.990000 0.99999999999993738342
29.000000 0.99999999999993749444
29.010000 0.99999999999993738342
29.020000 0.99999999999993738342
29.030000 0.99999999999993738342
29.040000 0.99999999999993749444
29.050000 0.99999999999993738342
29.060000 0.99999999999993738342
29.070000 0.99999999999993760547
29.080000 0.99999999999993749444
29.090000 0.99999999999993738342
29.100000 0.99999999999993760547
29.110000 0.99999999999993749444
29.120000 0.99999999999993738342
29.130000 0.99999999999993760547
29.140000 0.99999999999993749444
29.150000 0.99999999999993749444
29.160000 0.99999999999993738342
29.170000 0.99999999999993749444
29.180000 0.99999999999993760547
29.190000 0.99999999999993749444
29.200000 0.99999999999993727240
29.210000 0.99999999999993749444
29.220000 0.99999999999993749444
29.230000 0.99999999999993749444
29.240000 0.99999999999993760547
29.250000 0.99999999999993760547
29.260000 0.99999999999993760547
29.270000 0.99999999999993749444
29.280000 0.99999999999993771649
29.290000 0.99999999999993760547
29.300000 0.99999999999993760547
29.310000 0.99999999999993738342
29.320000 0.99999999999993749444
29.330000 0.99999999999993760547
29.340000 0.99999999999993771649
29.350000 0.99999999999993760547
29.360000 0.99999999999993760547
29.370000 0.99999999999993738342
29.380000 0.99999999999993760547
29.390000 0.99999999999993749444
29.400000 0.99999999999993749444
29.410000 0.99999999999993738342
29.420000 0.99999999999993760547
29.430000 0.99999999999993749444
29.440000 0.99999999999993738342
29.450000 0.99999999999993760547
29.460000 0.99999999999993760547
29.470000 0.99999999999993738342
29.480000 0.99999999999993760547
29.490000 0.99999999999993760547
29.500000 0.99999999999993749444
29.510000 0.99999999999993760547
29.520000 0.99999999999993771649
29.530000 0.99999999999993771649
29.540000 0.99999999999993771649
29.550000 0.99999999999993760547
29.560000 0.99999999999993771649
29.570000 0.99999999999993760547
29.580000 0.99999999999993760547
29.590000 0.99999999999993771649
29.600000 0.99999999999993771649
29.610000 0.99999999999993760547
29.620000 0.99999999999993749444
29.630000 0.99999999999993771649
29.640000 0.99999999999993760547
29.650000 0.99999999999993749444
29.660000 0.99999999999993771649
29.670000 0.99999999999993760547
29.680000 0.99999999999993749444
29.690000 0.99999999999993771649
29.700000 0.99999999999993760547
29.710000 0.99999999999993749444
29.720000 0.99999999999993771649
29.730000 0.99999999999993760547
29.740000 0.99999999999993760547
29.750000 0.99999999999993738342
29.760000 0.99999999999993738342
29.770000 0.99999999999993760547
29.780000 0.99999999999993749444
29.790000 0.99999999999993749444
29.800000 0.99999999999993771649
29.810000 0.99999999999993771649
29.820000 0.99999999999993749444
29.830000 0.99999999999993771649
29.840000 0.99999999999993771649
29.850000 0.99999999999993771649
29.860000 0.99999999999993771649
29.870000 0.99999999999993771649
29.880000 0.99999999999993771649
29.890000 0.99999999999993760547
29.900000 0.99999999999993738342
29.910000 0.99999999999993760547
29.920000 0.99999999999993760547
29.930000 0.99999999999993738342
29.940000 0.99999999999993771649
29.950000 0.99999999999993749444
29.960000 0.99999999999993760547
29.970000 0.99999999999993749444
29.980000 0.99999999999993749444
29.990000 0.99999999999993771649
30.000000 0.99999999999993749444
