-30.000000 0.00000000000000000000
-29.990000 0.00000000000000000000
-29.980000 0.00000000000000000000
-29.970000 0.00000000000000000000
-29.960000 0.00000000000000000000
-29.950000 0.00000000000000000000
-29.940000 0.00000000000000000000
-29.930000 0.00000000000000000000
-29.920000 0.00000000000000000000
-29.910000 0.00000000000000000000
-29.900000 0.00000000000000000000
-29.890000 0.00000000000000000000
-29.880000 0.00000000000000000000
-29.870000 0.00000000000000000000
-29.860000 0.00000000000000000000
-29.850000 0.00000000000000000000
-29.840000 0.00000000000000000000
-29.830000 0.00000000000000000000
-29.820000 0.00000000000000000000
-29.810000 0.00000000000000000000
-29.800000 0.00000000000000000000
-29.790000 0.00000000000000000000
-29.780000 0.00000000000000000000
-29.770000 0.00000000000000000000
-29.760000 0.00000000000000000000
-29.750000 0.00000000000000000000
-29.740000 0.00000000000000000000
-29.730000 0.00000000000000000000
-29.720000 0.00000000000000000000
-29.710000 0.00000000000000000000
-29.700000 0.00000000000000000000
-29.690000 0.00000000000000000000
-29.680000 0.00000000000000000000
-29.670000 0.00000000000000000000
-29.660000 0.00000000000000000000
-29.650000 0.00000000000000000000
-29.640000 0.00000000000000000000
-29.630000 0.00000000000000000000
-29.620000 0.00000000000000000000
-29.610000 0.00000000000000000000
-29.600000 0.00000000000000000000
-29.590000 0.00000000000000000000
-29.580000 0.00000000000000000000
-29.570000 0.00000000000000000000
-29.560000 0.00000000000000000000
-29.550000 0.00000000000000000000
-29.540000 0.00000000000000000000
-29.530000 0.00000000000000000000
-29.520000 0.00000000000000000000
-29.510000 0.00000000000000000000
-29.500000 0.00000000000000000000
-29.490000 0.00000000000000000000
-29.480000 0.00000000000000000000
-29.470000 0.00000000000000000000
-29.460000 0.00000000000000000000
-29.450000 0.00000000000000000000
-29.440000 0.00000000000000000000
-29.430000 0.00000000000000000000
-29.420000 0.00000000000000000000
-29.410000 0.00000000000000000000
-29.400000 0.00000000000000000000
-29.390000 0.00000000000000000000
-29.380000 0.00000000000000000000
-29.370000 0.00000000000000000000
-29.360000 0.00000000000000000000
-29.350000 0.00000000000000000000
-29.340000 0.00000000000000000000
-29.330000 0.00000000000000000000
-29.320000 0.00000000000000000000
-29.310000 0.00000000000000000000
-29.300000 0.00000000000000000000
-29.290000 0.00000000000000000000
-29.280000 0.00000000000000000000
-29.270000 0.00000000000000000000
-29.260000 0.00000000000000000000
-29.250000 0.00000000000000000000
-29.240000 0.00000000000000000000
-29.230000 0.00000000000000000000
-29.220000 0.00000000000000000000
-29.210000 0.00000000000000000000
-29.200000 0.00000000000000000000
-29.190000 0.00000000000000000000
-29.180000 0.00000000000000000000
-29.170000 0.00000000000000000000
-29.160000 0.00000000000000000000
-29.150000 0.00000000000000000000
-29.140000 0.00000000000000000000
-29.130000 0.00000000000000000000
-29.120000 0.00000000000000000000
-29.110000 0.00000000000000000000
-29.100000 0.00000000000000000000
-29.090000 0.00000000000000000000
-29.080000 0.00000000000000000000
-29.070000 0.00000000000000000000
-29.060000 0.00000000000000000000
-29.050000 0.00000000000000000000
-29.040000 0.00000000000000000000
-29.030000 0.00000000000000000000
-29.020000 0.00000000000000000000
-29.010000 0.00000000000000000000
-29.000000 0.00000000000000000000
-28.990000 0.00000000000000000000
-28.980000 0.00000000000000000000
-28.970000 0.00000000000000000000
-28.960000 0.00000000000000000000
-28.950000 0.00000000000000000000
-28.940000 0.00000000000000000000
-28.930000 0.00000000000000000000
-28.920000 0.00000000000000000000
-28.910000 0.00000000000000000000
-28.900000 0.00000000000000000000
-28.890000 0.00000000000000000000
-28.880000 0.00000000000000000000
-28.870000 0.00000000000000000000
-28.860000 0.00000000000000000000
-28.850000 0.00000000000000000000
-28.840000 0.00000000000000000000
-28.830000 0.00000000000000000000
-28.820000 0.00000000000000000000
-28.810000 0.00000000000000000000
-28.800000 0.00000000000000000000
-28.790000 0.00000000000000000000
-28.780000 0.00000000000000000000
-28.770000 0.00000000000000000000
-28.760000 0.00000000000000000000
-28.750000 0.00000000000000000000
-28.740000 0.00000000000000000000
-28.730000 0.00000000000000000000
-28.720000 0.00000000000000000000
-28.710000 0.00000000000000000000
-28.700000 0.00000000000000000000
-28.690000 0.00000000000000000000
-28.680000 0.00000000000000000000
-28.670000 0.00000000000000000000
-28.660000 0.00000000000000000000
-28.650000 0.00000000000000000000
-28.640000 0.00000000000000000000
-28.630000 0.00000000000000000000
-28.620000 0.00000000000000000000
-28.610000 0.00000000000000000000
-28.600000 0.00000000000000000000
-28.590000 0.00000000000000000000
-28.580000 0.00000000000000000000
-28.570000 0.00000000000000000000
-28.560000 0.00000000000000000000
-28.550000 0.00000000000000000000
-28.540000 0.00000000000000000000
-28.530000 0.00000000000000000000
-28.520000 0.00000000000000000000
-28.510000 0.00000000000000000000
-28.500000 0.00000000000000000000
-28.490000 0.00000000000000000000
-28.480000 0.00000000000000000000
-28.470000 0.00000000000000000000
-28.460000 0.00000000000000000000
-28.450000 0.00000000000000000000
-28.440000 0.00000000000000000000
-28.430000 0.00000000000000000000
-28.420000 0.00000000000000000000
-28.410000 0.00000000000000000000
-28.400000 0.00000000000000000000
-28.390000 0.00000000000000000000
-28.380000 0.00000000000000000000
-28.370000 0.00000000000000000000
-28.360000 0.00000000000000000000
-28.350000 0.00000000000000000000
-28.340000 0.00000000000000000000
-28.330000 0.00000000000000000000
-28.320000 0.00000000000000000000
-28.310000 0.00000000000000000000
-28.300000 0.00000000000000000000
-28.290000 0.00000000000000000000
-28.280000 0.00000000000000000000
-28.270000 0.00000000000000000000
-28.260000 0.00000000000000000000
-28.250000 0.00000000000000000000
-28.240000 0.00000000000000000000
-28.230000 0.00000000000000000000
-28.220000 0.00000000000000000000
-28.210000 0.00000000000000000000
-28.200000 0.00000000000000000000
-28.190000 0.00000000000000000000
-28.180000 0.00000000000000000000
-28.170000 0.00000000000000000000
-28.160000 0.00000000000000000000
-28.150000 0.00000000000000000000
-28.140000 0.00000000000000000000
-28.130000 0.00000000000000000000
-28.120000 0.00000000000000000000
-28.110000 0.00000000000000000000
-28.100000 0.00000000000000000000
-28.090000 0.00000000000000000000
-28.080000 0.00000000000000000000
-28.070000 0.00000000000000000000
-28.060000 0.00000000000000000000
-28.050000 0.00000000000000000000
-28.040000 0.00000000000000000000
-28.030000 0.00000000000000000000
-28.020000 0.00000000000000000000
-28.010000 0.00000000000000000000
-28.000000 0.00000000000000000000
-27.990000 0.00000000000000000000
-27.980000 0.00000000000000000000
-27.970000 0.00000000000000000000
-27.960000 0.00000000000000000000
-27.950000 0.00000000000000000000
-27.940000 0.00000000000000000000
-27.930000 0.00000000000000000000
-27.920000 0.00000000000000000000
-27.910000 0.00000000000000000000
-27.900000 0.00000000000000000000
-27.890000 0.00000000000000000000
-27.880000 0.00000000000000000000
-27.870000 0.00000000000000000000
-27.860000 0.00000000000000000000
-27.850000 0.00000000000000000000
-27.840000 0.00000000000000000000
-27.830000 0.00000000000000000000
-27.820000 0.00000000000000000000
-27.810000 0.00000000000000000000
-27.800000 0.00000000000000000000
-27.790000 0.00000000000000000000
-27.780000 0.00000000000000000000
-27.770000 0.00000000000000000000
-27.760000 0.00000000000000000000
-27.750000 0.00000000000000000000
-27.740000 0.00000000000000000000
-27.730000 0.00000000000000000000
-27.720000 0.00000000000000000000
-27.710000 0.00000000000000000000
-27.700000 0.00000000000000000000
-27.690000 0.00000000000000000000
-27.680000 0.00000000000000000000
-27.670000 0.00000000000000000000
-27.660000 0.00000000000000000000
-27.650000 0.00000000000000000000
-27.640000 0.00000000000000000000
-27.630000 0.00000000000000000000
-27.620000 0.00000000000000000000
-27.610000 0.00000000000000000000
-27.600000 0.00000000000000000000
-27.590000 0.00000000000000000000
-27.580000 0.00000000000000000000
-27.570000 0.00000000000000000000
-27.560000 0.00000000000000000000
-27.550000 0.00000000000000000000
-27.540000 0.00000000000000000000
-27.530000 0.00000000000000000000
-27.520000 0.00000000000000000000
-27.510000 0.00000000000000000000
-27.500000 0.00000000000000000000
-27.490000 0.00000000000000000000
-27.480000 0.00000000000000000000
-27.470000 0.00000000000000000000
-27.460000 0.00000000000000000000
-27.450000 0.00000000000000000000
-27.440000 0.00000000000000000000
-27.430000 0.00000000000000000000
-27.420000 0.00000000000000000000
-27.410000 0.00000000000000000000
-27.400000 0.00000000000000000000
-27.390000 0.00000000000000000000
-27.380000 0.00000000000000000000
-27.370000 0.00000000000000000000
-27.360000 0.00000000000000000000
-27.350000 0.00000000000000000000
-27.340000 0.00000000000000000000
-27.330000 0.00000000000000000000
-27.320000 0.00000000000000000000
-27.310000 0.00000000000000000000
-27.300000 0.00000000000000000000
-27.290000 0.00000000000000000000
-27.280000 0.00000000000000000000
-27.270000 0.00000000000000000000
-27.260000 0.00000000000000000000
-27.250000 0.00000000000000000000
-27.240000 0.00000000000000000000
-27.230000 0.00000000000000000000
-27.220000 0.00000000000000000000
-27.210000 0.00000000000000000000
-27.200000 0.00000000000000000000
-27.190000 0.00000000000000000000
-27.180000 0.00000000000000000000
-27.170000 0.00000000000000000000
-27.160000 0.00000000000000000000
-27.150000 0.00000000000000000000
-27.140000 0.00000000000000000000
-27.130000 0.00000000000000000000
-27.120000 0.00000000000000000000
-27.110000 0.00000000000000000000
-27.100000 0.00000000000000000000
-27.090000 0.00000000000000000000
-27.080000 0.00000000000000000000
-27.070000 0.00000000000000000000
-27.060000 0.00000000000000000000
-27.050000 0.00000000000000000000
-27.040000 0.00000000000000000000
-27.030000 0.00000000000000000000
-27.020000 0.00000000000000000000
-27.010000 0.00000000000000000000
-27.000000 0.00000000000000000000
-26.990000 0.00000000000000000000
-26.980000 0.00000000000000000000
-26.970000 0.00000000000000000000
-26.960000 0.00000000000000000000
-26.950000 0.00000000000000000000
-26.940000 0.00000000000000000000
-26.930000 0.00000000000000000000
-26.920000 0.00000000000000000000
-26.910000 0.00000000000000000000
-26.900000 0.00000000000000000000
-26.890000 0.00000000000000000000
-26.880000 0.00000000000000000000
-26.870000 0.00000000000000000000
-26.860000 0.00000000000000000000
-26.850000 0.00000000000000000000
-26.840000 0.00000000000000000000
-26.830000 0.00000000000000000000
-26.820000 0.00000000000000000000
-26.810000 0.00000000000000000000
-26.800000 0.00000000000000000000
-26.790000 0.00000000000000000000
-26.780000 0.00000000000000000000
-26.770000 0.00000000000000000000
-26.760000 0.00000000000000000000
-26.750000 0.00000000000000000000
-26.740000 0.00000000000000000000
-26.730000 0.00000000000000000000
-26.720000 0.00000000000000000000
-26.710000 0.00000000000000000000
-26.700000 0.00000000000000000000
-26.690000 0.00000000000000000000
-26.680000 0.00000000000000000000
-26.670000 0.00000000000000000000
-26.660000 0.00000000000000000000
-26.650000 0.00000000000000000000
-26.640000 0.00000000000000000000
-26.630000 0.00000000000000000000
-26.620000 0.00000000000000000000
-26.610000 0.00000000000000000000
-26.600000 0.00000000000000000000
-26.590000 0.00000000000000000000
-26.580000 0.00000000000000000000
-26.570000 0.00000000000000000000
-26.560000 0.00000000000000000000
-26.550000 0.00000000000000000000
-26.540000 0.00000000000000000000
-26.530000 0.00000000000000000000
-26.520000 0.00000000000000000000
-26.510000 0.00000000000000000000
-26.500000 0.00000000000000000000
-26.490000 0.00000000000000000000
-26.480000 0.00000000000000000000
-26.470000 0.00000000000000000000
-26.460000 0.00000000000000000000
-26.450000 0.00000000000000000000
-26.440000 0.00000000000000000000
-26.430000 0.00000000000000000000
-26.420000 0.00000000000000000000
-26.410000 0.00000000000000000000
-26.400000 0.00000000000000000000
-26.390000 0.00000000000000000000
-26.380000 0.00000000000000000000
-26.370000 0.00000000000000000000
-26.360000 0.00000000000000000000
-26.350000 0.00000000000000000000
-26.340000 0.00000000000000000000
-26.330000 0.00000000000000000000
-26.320000 0.00000000000000000000
-26.310000 0.00000000000000000000
-26.300000 0.00000000000000000000
-26.290000 0.00000000000000000000
-26.280000 0.00000000000000000000
-26.270000 0.00000000000000000000
-26.260000 0.00000000000000000000
-26.250000 0.00000000000000000000
-26.240000 0.00000000000000000000
-26.230000 0.00000000000000000000
-26.220000 0.00000000000000000000
-26.210000 0.00000000000000000000
-26.200000 0.00000000000000000000
-26.190000 0.00000000000000000000
-26.180000 0.00000000000000000000
-26.170000 0.00000000000000000000
-26.160000 0.00000000000000000000
-26.150000 0.00000000000000000000
-26.140000 0.00000000000000000000
-26.130000 0.00000000000000000000
-26.120000 0.00000000000000000000
-26.110000 0.00000000000000000000
-26.100000 0.00000000000000000000
-26.090000 0.00000000000000000000
-26.080000 0.00000000000000000000
-26.070000 0.00000000000000000000
-26.060000 0.00000000000000000000
-26.050000 0.00000000000000000000
-26.040000 0.00000000000000000000
-26.030000 0.00000000000000000000
-26.020000 0.00000000000000000000
-26.010000 0.00000000000000000000
-26.000000 0.00000000000000000000
-25.990000 0.00000000000000000000
-25.980000 0.00000000000000000000
-25.970000 0.00000000000000000000
-25.960000 0.00000000000000000000
-25.950000 0.00000000000000000000
-25.940000 0.00000000000000000000
-25.930000 0.00000000000000000000
-25.920000 0.00000000000000000000
-25.910000 0.00000000000000000000
-25.900000 0.00000000000000000000
-25.890000 0.00000000000000000000
-25.880000 0.00000000000000000000
-25.870000 0.00000000000000000000
-25.860000 0.00000000000000000000
-25.850000 0.00000000000000000000
-25.840000 0.00000000000000000000
-25.830000 0.00000000000000000000
-25.820000 0.00000000000000000000
-25.810000 0.00000000000000000000
-25.800000 0.00000000000000000000
-25.790000 0.00000000000000000000
-25.780000 0.00000000000000000000
-25.770000 0.00000000000000000000
-25.760000 0.00000000000000000000
-25.750000 0.00000000000000000000
-25.740000 0.00000000000000000000
-25.730000 0.00000000000000000000
-25.720000 0.00000000000000000000
-25.710000 0.00000000000000000000
-25.700000 0.00000000000000000000
-25.690000 0.00000000000000000000
-25.680000 0.00000000000000000000
-25.670000 0.00000000000000000000
-25.660000 0.00000000000000000000
-25.650000 0.00000000000000000000
-25.640000 0.00000000000000000000
-25.630000 0.00000000000000000000
-25.620000 0.00000000000000000000
-25.610000 0.00000000000000000000
-25.600000 0.00000000000000000000
-25.590000 0.00000000000000000000
-25.580000 0.00000000000000000000
-25.570000 0.00000000000000000000
-25.560000 0.00000000000000000000
-25.550000 0.00000000000000000000
-25.540000 0.00000000000000000000
-25.530000 0.00000000000000000000
-25.520000 0.00000000000000000000
-25.510000 0.00000000000000000000
-25.500000 0.00000000000000000000
-25.490000 0.00000000000000000000
-25.480000 0.00000000000000000000
-25.470000 0.00000000000000000000
-25.460000 0.00000000000000000000
-25.450000 0.00000000000000000000
-25.440000 0.00000000000000000000
-25.430000 0.00000000000000000000
-25.420000 0.00000000000000000000
-25.410000 0.00000000000000000000
-25.400000 0.00000000000000000000
-25.390000 0.00000000000000000000
-25.380000 0.00000000000000000000
-25.370000 0.00000000000000000000
-25.360000 0.00000000000000000000
-25.350000 0.00000000000000000000
-25.340000 0.00000000000000000000
-25.330000 0.00000000000000000000
-25.320000 0.00000000000000000000
-25.310000 0.00000000000000000000
-25.300000 0.00000000000000000000
-25.290000 0.00000000000000000000
-25.280000 0.00000000000000000000
-25.270000 0.00000000000000000000
-25.260000 0.00000000000000000000
-25.250000 0.00000000000000000000
-25.240000 0.00000000000000000000
-25.230000 0.00000000000000000000
-25.220000 0.00000000000000000000
-25.210000 0.00000000000000000000
-25.200000 0.00000000000000000000
-25.190000 0.00000000000000000000
-25.180000 0.00000000000000000000
-25.170000 0.00000000000000000000
-25.160000 0.00000000000000000000
-25.150000 0.00000000000000000000
-25.140000 0.00000000000000000000
-25.130000 0.00000000000000000000
-25.120000 0.00000000000000000000
-25.110000 0.00000000000000000000
-25.100000 0.00000000000000000000
-25.090000 0.00000000000000000000
-25.080000 0.00000000000000000000
-25.070000 0.00000000000000000000
-25.060000 0.00000000000000000000
-25.050000 0.00000000000000000000
-25.040000 0.00000000000000000000
-25.030000 0.00000000000000000000
-25.020000 0.00000000000000000000
-25.010000 0.00000000000000000000
-25.000000 0.00000000000000000000
-24.990000 0.00000000000000000000
-24.980000 0.00000000000000000000
-24.970000 0.00000000000000000000
-24.960000 0.00000000000000000000
-24.950000 0.00000000000000000000
-24.940000 0.00000000000000000000
-24.930000 0.00000000000000000000
-24.920000 0.00000000000000000000
-24.910000 0.00000000000000000000
-24.900000 0.00000000000000000000
-24.890000 0.00000000000000000000
-24.880000 0.00000000000000000000
-24.870000 0.00000000000000000000
-24.860000 0.00000000000000000000
-24.850000 0.00000000000000000000
-24.840000 0.00000000000000000000
-24.830000 0.00000000000000000000
-24.820000 0.00000000000000000000
-24.810000 0.00000000000000000000
-24.800000 0.00000000000000000000
-24.790000 0.00000000000000000000
-24.780000 0.00000000000000000000
-24.770000 0.00000000000000000000
-24.760000 0.00000000000000000000
-24.750000 0.00000000000000000000
-24.740000 0.00000000000000000000
-24.730000 0.00000000000000000000
-24.720000 0.00000000000000000000
-24.710000 0.00000000000000000000
-24.700000 0.00000000000000000000
-24.690000 0.00000000000000000000
-24.680000 0.00000000000000000000
-24.670000 0.00000000000000000000
-24.660000 0.00000000000000000000
-24.650000 0.00000000000000000000
-24.640000 0.00000000000000000000
-24.630000 0.00000000000000000000
-24.620000 0.00000000000000000000
-24.610000 0.00000000000000000000
-24.600000 0.00000000000000000000
-24.590000 0.00000000000000000000
-24.580000 0.00000000000000000000
-24.570000 0.00000000000000000000
-24.560000 0.00000000000000000000
-24.550000 0.00000000000000000000
-24.540000 0.00000000000000000000
-24.530000 0.00000000000000000000
-24.520000 0.00000000000000000000
-24.510000 0.00000000000000000000
-24.500000 0.00000000000000000000
-24.490000 0.00000000000000000000
-24.480000 0.00000000000000000000
-24.470000 0.00000000000000000000
-24.460000 0.00000000000000000000
-24.450000 0.00000000000000000000
-24.440000 0.00000000000000000000
-24.430000 0.00000000000000000000
-24.420000 0.00000000000000000000
-24.410000 0.00000000000000000000
-24.400000 0.00000000000000000000
-24.390000 0.00000000000000000000
-24.380000 0.00000000000000000000
-24.370000 0.00000000000000000000
-24.360000 0.00000000000000000000
-24.350000 0.00000000000000000000
-24.340000 0.00000000000000000000
-24.330000 0.00000000000000000000
-24.320000 0.00000000000000000000
-24.310000 0.00000000000000000000
-24.300000 0.00000000000000000000
-24.290000 0.00000000000000000000
-24.280000 0.00000000000000000000
-24.270000 0.00000000000000000000
-24.260000 0.00000000000000000000
-24.250000 0.00000000000000000000
-24.240000 0.00000000000000000000
-24.230000 0.00000000000000000000
-24.220000 0.00000000000000000000
-24.210000 0.00000000000000000000
-24.200000 0.00000000000000000000
-24.190000 0.00000000000000000000
-24.180000 0.00000000000000000000
-24.170000 0.00000000000000000000
-24.160000 0.00000000000000000000
-24.150000 0.00000000000000000000
-24.140000 0.00000000000000000000
-24.130000 0.00000000000000000000
-24.120000 0.00000000000000000000
-24.110000 0.00000000000000000000
-24.100000 0.00000000000000000000
-24.090000 0.00000000000000000000
-24.080000 0.00000000000000000000
-24.070000 0.00000000000000000000
-24.060000 0.00000000000000000000
-24.050000 0.00000000000000000000
-24.040000 0.00000000000000000000
-24.030000 0.00000000000000000000
-24.020000 0.00000000000000000000
-24.010000 0.00000000000000000000
-24.000000 0.00000000000000000000
-23.990000 0.00000000000000000000
-23.980000 0.00000000000000000000
-23.970000 0.00000000000000000000
-23.960000 0.00000000000000000000
-23.950000 0.00000000000000000000
-23.940000 0.00000000000000000000
-23.930000 0.00000000000000000000
-23.920000 0.00000000000000000000
-23.910000 0.00000000000000000000
-23.900000 0.00000000000000000000
-23.890000 0.00000000000000000000
-23.880000 0.00000000000000000000
-23.870000 0.00000000000000000000
-23.860000 0.00000000000000000000
-23.850000 0.00000000000000000000
-23.840000 0.00000000000000000000
-23.830000 0.00000000000000000000
-23.820000 0.00000000000000000000
-23.810000 0.00000000000000000000
-23.800000 0.00000000000000000000
-23.790000 0.00000000000000000000
-23.780000 0.00000000000000000000
-23.770000 0.00000000000000000000
-23.760000 0.00000000000000000000
-23.750000 0.00000000000000000000
-23.740000 0.00000000000000000000
-23.730000 0.00000000000000000000
-23.720000 0.00000000000000000000
-23.710000 0.00000000000000000000
-23.700000 0.00000000000000000000
-23.690000 0.00000000000000000000
-23.680000 0.00000000000000000000
-23.670000 0.00000000000000000000
-23.660000 0.00000000000000000000
-23.650000 0.00000000000000000000
-23.640000 0.00000000000000000000
-23.630000 0.00000000000000000000
-23.620000 0.00000000000000000000
-23.610000 0.00000000000000000000
-23.600000 0.00000000000000000000
-23.590000 0.00000000000000000000
-23.580000 0.00000000000000000000
-23.570000 0.00000000000000000000
-23.560000 0.00000000000000000000
-23.550000 0.00000000000000000000
-23.540000 0.00000000000000000000
-23.530000 0.00000000000000000000
-23.520000 0.00000000000000000000
-23.510000 0.00000000000000000000
-23.500000 0.00000000000000000000
-23.490000 0.00000000000000000000
-23.480000 0.00000000000000000000
-23.470000 0.00000000000000000000
-23.460000 0.00000000000000000000
-23.450000 0.00000000000000000000
-23.440000 0.00000000000000000000
-23.430000 0.00000000000000000000
-23.420000 0.00000000000000000000
-23.410000 0.00000000000000000000
-23.400000 0.00000000000000000000
-23.390000 0.00000000000000000000
-23.380000 0.00000000000000000000
-23.370000 0.00000000000000000000
-23.360000 0.00000000000000000000
-23.350000 0.00000000000000000000
-23.340000 0.00000000000000000000
-23.330000 0.00000000000000000000
-23.320000 0.00000000000000000000
-23.310000 0.00000000000000000000
-23.300000 0.00000000000000000000
-23.290000 0.00000000000000000000
-23.280000 0.00000000000000000000
-23.270000 0.00000000000000000000
-23.260000 0.00000000000000000000
-23.250000 0.00000000000000000000
-23.240000 0.00000000000000000000
-23.230000 0.00000000000000000000
-23.220000 0.00000000000000000000
-23.210000 0.00000000000000000000
-23.200000 0.00000000000000000000
-23.190000 0.00000000000000000000
-23.180000 0.00000000000000000000
-23.170000 0.00000000000000000000
-23.160000 0.00000000000000000000
-23.150000 0.00000000000000000000
-23.140000 0.00000000000000000000
-23.130000 0.00000000000000000000
-23.120000 0.00000000000000000000
-23.110000 0.00000000000000000000
-23.100000 0.00000000000000000000
-23.090000 0.00000000000000000000
-23.080000 0.00000000000000000000
-23.070000 0.00000000000000000000
-23.060000 0.00000000000000000000
-23.050000 0.00000000000000000000
-23.040000 0.00000000000000000000
-23.030000 0.00000000000000000000
-23.020000 0.00000000000000000000
-23.010000 0.00000000000000000000
-23.000000 0.00000000000000000000
-22.990000 0.00000000000000000000
-22.980000 0.00000000000000000000
-22.970000 0.00000000000000000000
-22.960000 0.00000000000000000000
-22.950000 0.00000000000000000000
-22.940000 0.00000000000000000000
-22.930000 0.00000000000000000000
-22.920000 0.00000000000000000000
-22.910000 0.00000000000000000000
-22.900000 0.00000000000000000000
-22.890000 0.00000000000000000000
-22.880000 0.00000000000000000000
-22.870000 0.00000000000000000000
-22.860000 0.00000000000000000000
-22.850000 0.00000000000000000000
-22.840000 0.00000000000000000000
-22.830000 0.00000000000000000000
-22.820000 0.00000000000000000000
-22.810000 0.00000000000000000000
-22.800000 0.00000000000000000000
-22.790000 0.00000000000000000000
-22.780000 0.00000000000000000000
-22.770000 0.00000000000000000000
-22.760000 0.00000000000000000000
-22.750000 0.00000000000000000000
-22.740000 0.00000000000000000000
-22.730000 0.00000000000000000000
-22.720000 0.00000000000000000000
-22.710000 0.00000000000000000000
-22.700000 0.00000000000000000000
-22.690000 0.00000000000000000000
-22.680000 0.00000000000000000000
-22.670000 0.00000000000000000000
-22.660000 0.00000000000000000000
-22.650000 0.00000000000000000000
-22.640000 0.00000000000000000000
-22.630000 0.00000000000000000000
-22.620000 0.00000000000000000000
-22.610000 0.00000000000000000000
-22.600000 0.00000000000000000000
-22.590000 0.00000000000000000000
-22.580000 0.00000000000000000000
-22.570000 0.00000000000000000000
-22.560000 0.00000000000000000000
-22.550000 0.00000000000000000000
-22.540000 0.00000000000000000000
-22.530000 0.00000000000000000000
-22.520000 0.00000000000000000000
-22.510000 0.00000000000000000000
-22.500000 0.00000000000000000000
-22.490000 0.00000000000000000000
-22.480000 0.00000000000000000000
-22.470000 0.00000000000000000000
-22.460000 0.00000000000000000000
-22.450000 0.00000000000000000000
-22.440000 0.00000000000000000000
-22.430000 0.00000000000000000000
-22.420000 0.00000000000000000000
-22.410000 0.00000000000000000000
-22.400000 0.00000000000000000000
-22.390000 0.00000000000000000000
-22.380000 0.00000000000000000000
-22.370000 0.00000000000000000000
-22.360000 0.00000000000000000000
-22.350000 0.00000000000000000000
-22.340000 0.00000000000000000000
-22.330000 0.00000000000000000000
-22.320000 0.00000000000000000000
-22.310000 0.00000000000000000000
-22.300000 0.00000000000000000000
-22.290000 0.00000000000000000000
-22.280000 0.00000000000000000000
-22.270000 0.00000000000000000000
-22.260000 0.00000000000000000000
-22.250000 0.00000000000000000000
-22.240000 0.00000000000000000000
-22.230000 0.00000000000000000000
-22.220000 0.00000000000000000000
-22.210000 0.00000000000000000000
-22.200000 0.00000000000000000000
-22.190000 0.00000000000000000000
-22.180000 0.00000000000000000000
-22.170000 0.00000000000000000000
-22.160000 0.00000000000000000000
-22.150000 0.00000000000000000000
-22.140000 0.00000000000000000000
-22.130000 0.00000000000000000000
-22.120000 0.00000000000000000000
-22.110000 0.00000000000000000000
-22.100000 0.00000000000000000000
-22.090000 0.00000000000000000000
-22.080000 0.00000000000000000000
-22.070000 0.00000000000000000000
-22.060000 0.00000000000000000000
-22.050000 0.00000000000000000000
-22.040000 0.00000000000000000000
-22.030000 0.00000000000000000000
-22.020000 0.00000000000000000000
-22.010000 0.00000000000000000000
-22.000000 0.00000000000000000000
-21.990000 0.00000000000000000000
-21.980000 0.00000000000000000000
-21.970000 0.00000000000000000000
-21.960000 0.00000000000000000000
-21.950000 0.00000000000000000000
-21.940000 0.00000000000000000000
-21.930000 0.00000000000000000000
-21.920000 0.00000000000000000000
-21.910000 0.00000000000000000000
-21.900000 0.00000000000000000000
-21.890000 0.00000000000000000000
-21.880000 0.00000000000000000000
-21.870000 0.00000000000000000000
-21.860000 0.00000000000000000000
-21.850000 0.00000000000000000000
-21.840000 0.00000000000000000000
-21.830000 0.00000000000000000000
-21.820000 0.00000000000000000000
-21.810000 0.00000000000000000000
-21.800000 0.00000000000000000000
-21.790000 0.00000000000000000000
-21.780000 0.00000000000000000000
-21.770000 0.00000000000000000000
-21.760000 0.00000000000000000000
-21.750000 0.00000000000000000000
-21.740000 0.00000000000000000000
-21.730000 0.00000000000000000000
-21.720000 0.00000000000000000000
-21.710000 0.00000000000000000000
-21.700000 0.00000000000000000000
-21.690000 0.00000000000000000000
-21.680000 0.00000000000000000000
-21.670000 0.00000000000000000000
-21.660000 0.00000000000000000000
-21.650000 0.00000000000000000000
-21.640000 0.00000000000000000000
-21.630000 0.00000000000000000000
-21.620000 0.00000000000000000000
-21.610000 0.00000000000000000000
-21.600000 0.00000000000000000000
-21.590000 0.00000000000000000000
-21.580000 0.00000000000000000000
-21.570000 0.00000000000000000000
-21.560000 0.00000000000000000000
-21.550000 0.00000000000000000000
-21.540000 0.00000000000000000000
-21.530000 0.00000000000000000000
-21.520000 0.00000000000000000000
-21.510000 0.00000000000000000000
-21.500000 0.00000000000000000000
-21.490000 0.00000000000000000000
-21.480000 0.00000000000000000000
-21.470000 0.00000000000000000000
-21.460000 0.00000000000000000000
-21.450000 0.00000000000000000000
-21.440000 0.00000000000000000000
-21.430000 0.00000000000000000000
-21.420000 0.00000000000000000000
-21.410000 0.00000000000000000000
-21.400000 0.00000000000000000000
-21.390000 0.00000000000000000000
-21.380000 0.00000000000000000000
-21.370000 0.00000000000000000000
-21.360000 0.00000000000000000000
-21.350000 0.00000000000000000000
-21.340000 0.00000000000000000000
-21.330000 0.00000000000000000000
-21.320000 0.00000000000000000000
-21.310000 0.00000000000000000000
-21.300000 0.00000000000000000000
-21.290000 0.00000000000000000000
-21.280000 0.00000000000000000000
-21.270000 0.00000000000000000000
-21.260000 0.00000000000000000000
-21.250000 0.00000000000000000000
-21.240000 0.00000000000000000000
-21.230000 0.00000000000000000000
-21.220000 0.00000000000000000000
-21.210000 0.00000000000000000000
-21.200000 0.00000000000000000000
-21.190000 0.00000000000000000000
-21.180000 0.00000000000000000000
-21.170000 0.00000000000000000000
-21.160000 0.00000000000000000000
-21.150000 0.00000000000000000000
-21.140000 0.00000000000000000000
-21.130000 0.00000000000000000000
-21.120000 0.00000000000000000000
-21.110000 0.00000000000000000000
-21.100000 0.00000000000000000000
-21.090000 0.00000000000000000000
-21.080000 0.00000000000000000000
-21.070000 0.00000000000000000000
-21.060000 0.00000000000000000000
-21.050000 0.00000000000000000000
-21.040000 0.00000000000000000000
-21.030000 0.00000000000000000000
-21.020000 0.00000000000000000000
-21.010000 0.00000000000000000000
-21.000000 0.00000000000000000000
-20.990000 0.00000000000000000000
-20.980000 0.00000000000000000000
-20.970000 0.00000000000000000000
-20.960000 0.00000000000000000000
-20.950000 0.00000000000000000000
-20.940000 0.00000000000000000000
-20.930000 0.00000000000000000000
-20.920000 0.00000000000000000000
-20.910000 0.00000000000000000000
-20.900000 0.00000000000000000000
-20.890000 0.00000000000000000000
-20.880000 0.00000000000000000000
-20.870000 0.00000000000000000000
-20.860000 0.00000000000000000000
-20.850000 0.00000000000000000000
-20.840000 0.00000000000000000000
-20.830000 0.00000000000000000000
-20.820000 0.00000000000000000000
-20.810000 0.00000000000000000000
-20.800000 0.00000000000000000000
-20.790000 0.00000000000000000000
-20.780000 0.00000000000000000000
-20.770000 0.00000000000000000000
-20.760000 0.00000000000000000000
-20.750000 0.00000000000000000000
-20.740000 0.00000000000000000000
-20.730000 0.00000000000000000000
-20.720000 0.00000000000000000000
-20.710000 0.00000000000000000000
-20.700000 0.00000000000000000000
-20.690000 0.00000000000000000000
-20.680000 0.00000000000000000000
-20.670000 0.00000000000000000000
-20.660000 0.00000000000000000000
-20.650000 0.00000000000000000000
-20.640000 0.00000000000000000000
-20.630000 0.00000000000000000000
-20.620000 0.00000000000000000000
-20.610000 0.00000000000000000000
-20.600000 0.00000000000000000000
-20.590000 0.00000000000000000000
-20.580000 0.00000000000000000000
-20.570000 0.00000000000000000000
-20.560000 0.00000000000000000000
-20.550000 0.00000000000000000000
-20.540000 0.00000000000000000000
-20.530000 0.00000000000000000000
-20.520000 0.00000000000000000000
-20.510000 0.00000000000000000000
-20.500000 0.00000000000000000000
-20.490000 0.00000000000000000000
-20.480000 0.00000000000000000000
-20.470000 0.00000000000000000000
-20.460000 0.00000000000000000000
-20.450000 0.00000000000000000000
-20.440000 0.00000000000000000000
-20.430000 0.00000000000000000000
-20.420000 0.00000000000000000000
-20.410000 0.00000000000000000000
-20.400000 0.00000000000000000000
-20.390000 0.00000000000000000000
-20.380000 0.00000000000000000000
-20.370000 0.00000000000000000000
-20.360000 0.00000000000000000000
-20.350000 0.00000000000000000000
-20.340000 0.00000000000000000000
-20.330000 0.00000000000000000000
-20.320000 0.00000000000000000000
-20.310000 0.00000000000000000000
-20.300000 0.00000000000000000000
-20.290000 0.00000000000000000000
-20.280000 0.00000000000000000000
-20.270000 0.00000000000000000000
-20.260000 0.00000000000000000000
-20.250000 0.00000000000000000000
-20.240000 0.00000000000000000000
-20.230000 0.00000000000000000000
-20.220000 0.00000000000000000000
-20.210000 0.00000000000000000000
-20.200000 0.00000000000000000000
-20.190000 0.00000000000000000000
-20.180000 0.00000000000000000000
-20.170000 0.00000000000000000000
-20.160000 0.00000000000000000000
-20.150000 0.00000000000000000000
-20.140000 0.00000000000000000000
-20.130000 0.00000000000000000000
-20.120000 0.00000000000000000000
-20.110000 0.00000000000000000000
-20.100000 0.00000000000000000000
-20.090000 0.00000000000000000000
-20.080000 0.00000000000000000000
-20.070000 0.00000000000000000000
-20.060000 0.00000000000000000000
-20.050000 0.00000000000000000000
-20.040000 0.00000000000000000000
-20.030000 0.00000000000000000000
-20.020000 0.00000000000000000000
-20.010000 0.00000000000000000000
-20.000000 0.00000000000000000000
-19.990000 0.00000000000000000000
-19.980000 0.00000000000000000000
-19.970000 0.00000000000000000000
-19.960000 0.00000000000000000000
-19.950000 0.00000000000000000000
-19.940000 0.00000000000000000000
-19.930000 0.00000000000000000000
-19.920000 0.00000000000000000000
-19.910000 0.00000000000000000000
-19.900000 0.00000000000000000000
-19.890000 0.00000000000000000000
-19.880000 0.00000000000000000000
-19.870000 0.00000000000000000000
-19.860000 0.00000000000000000000
-19.850000 0.00000000000000000000
-19.840000 0.00000000000000000000
-19.830000 0.00000000000000000000
-19.820000 0.00000000000000000000
-19.810000 0.00000000000000000000
-19.800000 0.00000000000000000000
-19.790000 0.00000000000000000000
-19.780000 0.00000000000000000000
-19.770000 0.00000000000000000000
-19.760000 0.00000000000000000000
-19.750000 0.00000000000000000000
-19.740000 0.00000000000000000000
-19.730000 0.00000000000000000000
-19.720000 0.00000000000000000000
-19.710000 0.00000000000000000000
-19.700000 0.00000000000000000000
-19.690000 0.00000000000000000000
-19.680000 0.00000000000000000000
-19.670000 0.00000000000000000000
-19.660000 0.00000000000000000000
-19.650000 0.00000000000000000000
-19.640000 0.00000000000000000000
-19.630000 0.00000000000000000000
-19.620000 0.00000000000000000000
-19.610000 0.00000000000000000000
-19.600000 0.00000000000000000000
-19.590000 0.00000000000000000000
-19.580000 0.00000000000000000000
-19.570000 0.00000000000000000000
-19.560000 0.00000000000000000000
-19.550000 0.00000000000000000000
-19.540000 0.00000000000000000000
-19.530000 0.00000000000000000000
-19.520000 0.00000000000000000000
-19.510000 0.00000000000000000000
-19.500000 0.00000000000000000000
-19.490000 0.00000000000000000000
-19.480000 0.00000000000000000000
-19.470000 0.00000000000000000000
-19.460000 0.00000000000000000000
-19.450000 0.00000000000000000000
-19.440000 0.00000000000000000000
-19.430000 0.00000000000000000000
-19.420000 0.00000000000000000000
-19.410000 0.00000000000000000000
-19.400000 0.00000000000000000000
-19.390000 0.00000000000000000000
-19.380000 0.00000000000000000000
-19.370000 0.00000000000000000000
-19.360000 0.00000000000000000000
-19.350000 0.00000000000000000000
-19.340000 0.00000000000000000000
-19.330000 0.00000000000000000000
-19.320000 0.00000000000000000000
-19.310000 0.00000000000000000000
-19.300000 0.00000000000000000000
-19.290000 0.00000000000000000000
-19.280000 0.00000000000000000000
-19.270000 0.00000000000000000000
-19.260000 0.00000000000000000000
-19.250000 0.00000000000000000000
-19.240000 0.00000000000000000000
-19.230000 0.00000000000000000000
-19.220000 0.00000000000000000000
-19.210000 0.00000000000000000000
-19.200000 0.00000000000000000000
-19.190000 0.00000000000000000000
-19.180000 0.00000000000000000000
-19.170000 0.00000000000000000000
-19.160000 0.00000000000000000000
-19.150000 0.00000000000000000000
-19.140000 0.00000000000000000000
-19.130000 0.00000000000000000000
-19.120000 0.00000000000000000000
-19.110000 0.00000000000000000000
-19.100000 0.00000000000000000000
-19.090000 0.00000000000000000000
-19.080000 0.00000000000000000000
-19.070000 0.00000000000000000000
-19.060000 0.00000000000000000000
-19.050000 0.00000000000000000000
-19.040000 0.00000000000000000000
-19.030000 0.00000000000000000000
-19.020000 0.00000000000000000000
-19.010000 0.00000000000000000000
-19.000000 0.00000000000000000000
-18.990000 0.00000000000000000000
-18.980000 0.00000000000000000000
-18.970000 0.00000000000000000000
-18.960000 0.00000000000000000000
-18.950000 0.00000000000000000000
-18.940000 0.00000000000000000000
-18.930000 0.00000000000000000000
-18.920000 0.00000000000000000000
-18.910000 0.00000000000000000000
-18.900000 0.00000000000000000000
-18.890000 0.00000000000000000000
-18.880000 0.00000000000000000000
-18.870000 0.00000000000000000000
-18.860000 0.00000000000000000000
-18.850000 0.00000000000000000000
-18.840000 0.00000000000000000000
-18.830000 0.00000000000000000000
-18.820000 0.00000000000000000000
-18.810000 0.00000000000000000000
-18.800000 0.00000000000000000000
-18.790000 0.00000000000000000000
-18.780000 0.00000000000000000000
-18.770000 0.00000000000000000000
-18.760000 0.00000000000000000000
-18.750000 0.00000000000000000000
-18.740000 0.00000000000000000000
-18.730000 0.00000000000000000000
-18.720000 0.00000000000000000000
-18.710000 0.00000000000000000000
-18.700000 0.00000000000000000000
-18.690000 0.00000000000000000000
-18.680000 0.00000000000000000000
-18.670000 0.00000000000000000000
-18.660000 0.00000000000000000000
-18.650000 0.00000000000000000000
-18.640000 0.00000000000000000000
-18.630000 0.00000000000000000000
-18.620000 0.00000000000000000000
-18.610000 0.00000000000000000000
-18.600000 0.00000000000000000000
-18.590000 0.00000000000000000000
-18.580000 0.00000000000000000000
-18.570000 0.00000000000000000000
-18.560000 0.00000000000000000000
-18.550000 0.00000000000000000000
-18.540000 0.00000000000000000000
-18.530000 0.00000000000000000000
-18.520000 0.00000000000000000000
-18.510000 0.00000000000000000000
-18.500000 0.00000000000000000000
-18.490000 0.00000000000000000000
-18.480000 0.00000000000000000000
-18.470000 0.00000000000000000000
-18.460000 0.00000000000000000000
-18.450000 0.00000000000000000000
-18.440000 0.00000000000000000000
-18.430000 0.00000000000000000000
-18.420000 0.00000000000000000000
-18.410000 0.00000000000000000000
-18.400000 0.00000000000000000000
-18.390000 0.00000000000000000000
-18.380000 0.00000000000000000000
-18.370000 0.00000000000000000000
-18.360000 0.00000000000000000000
-18.350000 0.00000000000000000000
-18.340000 0.00000000000000000000
-18.330000 0.00000000000000000000
-18.320000 0.00000000000000000000
-18.310000 0.00000000000000000000
-18.300000 0.00000000000000000000
-18.290000 0.00000000000000000000
-18.280000 0.00000000000000000000
-18.270000 0.00000000000000000000
-18.260000 0.00000000000000000000
-18.250000 0.00000000000000000000
-18.240000 0.00000000000000000000
-18.230000 0.00000000000000000000
-18.220000 0.00000000000000000000
-18.210000 0.00000000000000000000
-18.200000 0.00000000000000000000
-18.190000 0.00000000000000000000
-18.180000 0.00000000000000000000
-18.170000 0.00000000000000000000
-18.160000 0.00000000000000000000
-18.150000 0.00000000000000000000
-18.140000 0.00000000000000000000
-18.130000 0.00000000000000000000
-18.120000 0.00000000000000000000
-18.110000 0.00000000000000000000
-18.100000 0.00000000000000000000
-18.090000 0.00000000000000000000
-18.080000 0.00000000000000000000
-18.070000 0.00000000000000000000
-18.060000 0.00000000000000000000
-18.050000 0.00000000000000000000
-18.040000 0.00000000000000000000
-18.030000 0.00000000000000000000
-18.020000 0.00000000000000000000
-18.010000 0.00000000000000000000
-18.000000 0.00000000000000000000
-17.990000 0.00000000000000000000
-17.980000 0.00000000000000000000
-17.970000 0.00000000000000000000
-17.960000 0.00000000000000000000
-17.950000 0.00000000000000000000
-17.940000 0.00000000000000000000
-17.930000 0.00000000000000000000
-17.920000 0.00000000000000000000
-17.910000 0.00000000000000000000
-17.900000 0.00000000000000000000
-17.890000 0.00000000000000000000
-17.880000 0.00000000000000000000
-17.870000 0.00000000000000000000
-17.860000 0.00000000000000000000
-17.850000 0.00000000000000000000
-17.840000 0.00000000000000000000
-17.830000 0.00000000000000000000
-17.820000 0.00000000000000000000
-17.810000 0.00000000000000000000
-17.800000 0.00000000000000000000
-17.790000 0.00000000000000000000
-17.780000 0.00000000000000000000
-17.770000 0.00000000000000000000
-17.760000 0.00000000000000000000
-17.750000 0.00000000000000000000
-17.740000 0.00000000000000000000
-17.730000 0.00000000000000000000
-17.720000 0.00000000000000000000
-17.710000 0.00000000000000000000
-17.700000 0.00000000000000000000
-17.690000 0.00000000000000000000
-17.680000 0.00000000000000000000
-17.670000 0.00000000000000000000
-17.660000 0.00000000000000000000
-17.650000 0.00000000000000000000
-17.640000 0.00000000000000000000
-17.630000 0.00000000000000000000
-17.620000 0.00000000000000000000
-17.610000 0.00000000000000000000
-17.600000 0.00000000000000000000
-17.590000 0.00000000000000000000
-17.580000 0.00000000000000000000
-17.570000 0.00000000000000000000
-17.560000 0.00000000000000000000
-17.550000 0.00000000000000000000
-17.540000 0.00000000000000000000
-17.530000 0.00000000000000000000
-17.520000 0.00000000000000000000
-17.510000 0.00000000000000000000
-17.500000 0.00000000000000000000
-17.490000 0.00000000000000000000
-17.480000 0.00000000000000000000
-17.470000 0.00000000000000000000
-17.460000 0.00000000000000000000
-17.450000 0.00000000000000000000
-17.440000 0.00000000000000000000
-17.430000 0.00000000000000000000
-17.420000 0.00000000000000000000
-17.410000 0.00000000000000000000
-17.400000 0.00000000000000000000
-17.390000 0.00000000000000000000
-17.380000 0.00000000000000000000
-17.370000 0.00000000000000000000
-17.360000 0.00000000000000000000
-17.350000 0.00000000000000000000
-17.340000 0.00000000000000000000
-17.330000 0.00000000000000000000
-17.320000 0.00000000000000000000
-17.310000 0.00000000000000000000
-17.300000 0.00000000000000000000
-17.290000 0.00000000000000000000
-17.280000 0.00000000000000000000
-17.270000 0.00000000000000000000
-17.260000 0.00000000000000000000
-17.250000 0.00000000000000000000
-17.240000 0.00000000000000000000
-17.230000 0.00000000000000000000
-17.220000 0.00000000000000000000
-17.210000 0.00000000000000000000
-17.200000 0.00000000000000000000
-17.190000 0.00000000000000000000
-17.180000 0.00000000000000000000
-17.170000 0.00000000000000000000
-17.160000 0.00000000000000000000
-17.150000 0.00000000000000000000
-17.140000 0.00000000000000000000
-17.130000 0.00000000000000000000
-17.120000 0.00000000000000000000
-17.110000 0.00000000000000000000
-17.100000 0.00000000000000000000
-17.090000 0.00000000000000000000
-17.080000 0.00000000000000000000
-17.070000 0.00000000000000000000
-17.060000 0.00000000000000000000
-17.050000 0.00000000000000000000
-17.040000 0.00000000000000000000
-17.030000 0.00000000000000000000
-17.020000 0.00000000000000000000
-17.010000 0.00000000000000000000
-17.000000 0.00000000000000000000
-16.990000 0.00000000000000000000
-16.980000 0.00000000000000000000
-16.970000 0.00000000000000000000
-16.960000 0.00000000000000000000
-16.950000 0.00000000000000000000
-16.940000 0.00000000000000000000
-16.930000 0.00000000000000000000
-16.920000 0.00000000000000000000
-16.910000 0.00000000000000000000
-16.900000 0.00000000000000000000
-16.890000 0.00000000000000000000
-16.880000 0.00000000000000000000
-16.870000 0.00000000000000000000
-16.860000 0.00000000000000000000
-16.850000 0.00000000000000000000
-16.840000 0.00000000000000000000
-16.830000 0.00000000000000000000
-16.820000 0.00000000000000000000
-16.810000 0.00000000000000000000
-16.800000 0.00000000000000000000
-16.790000 0.00000000000000000000
-16.780000 0.00000000000000000000
-16.770000 0.00000000000000000000
-16.760000 0.00000000000000000000
-16.750000 0.00000000000000000000
-16.740000 0.00000000000000000000
-16.730000 0.00000000000000000000
-16.720000 0.00000000000000000000
-16.710000 0.00000000000000000000
-16.700000 0.00000000000000000000
-16.690000 0.00000000000000000000
-16.680000 0.00000000000000000000
-16.670000 0.00000000000000000000
-16.660000 0.00000000000000000000
-16.650000 0.00000000000000000000
-16.640000 0.00000000000000000000
-16.630000 0.00000000000000000000
-16.620000 0.00000000000000000000
-16.610000 0.00000000000000000000
-16.600000 0.00000000000000000000
-16.590000 0.00000000000000000000
-16.580000 0.00000000000000000000
-16.570000 0.00000000000000000000
-16.560000 0.00000000000000000000
-16.550000 0.00000000000000000000
-16.540000 0.00000000000000000000
-16.530000 0.00000000000000000000
-16.520000 0.00000000000000000000
-16.510000 0.00000000000000000000
-16.500000 0.00000000000000000000
-16.490000 0.00000000000000000000
-16.480000 0.00000000000000000000
-16.470000 0.00000000000000000000
-16.460000 0.00000000000000000000
-16.450000 0.00000000000000000000
-16.440000 0.00000000000000000000
-16.430000 0.00000000000000000000
-16.420000 0.00000000000000000000
-16.410000 0.00000000000000000000
-16.400000 0.00000000000000000000
-16.390000 0.00000000000000000000
-16.380000 0.00000000000000000000
-16.370000 0.00000000000000000000
-16.360000 0.00000000000000000000
-16.350000 0.00000000000000000000
-16.340000 0.00000000000000000000
-16.330000 0.00000000000000000000
-16.320000 0.00000000000000000000
-16.310000 0.00000000000000000000
-16.300000 0.00000000000000000000
-16.290000 0.00000000000000000000
-16.280000 0.00000000000000000000
-16.270000 0.00000000000000000000
-16.260000 0.00000000000000000000
-16.250000 0.00000000000000000000
-16.240000 0.00000000000000000000
-16.230000 0.00000000000000000000
-16.220000 0.00000000000000000000
-16.210000 0.00000000000000000000
-16.200000 0.00000000000000000000
-16.190000 0.00000000000000000000
-16.180000 0.00000000000000000000
-16.170000 0.00000000000000000000
-16.160000 0.00000000000000000000
-16.150000 0.00000000000000000000
-16.140000 0.00000000000000000000
-16.130000 0.00000000000000000000
-16.120000 0.00000000000000000000
-16.110000 0.00000000000000000000
-16.100000 0.00000000000000000000
-16.090000 0.00000000000000000000
-16.080000 0.00000000000000000000
-16.070000 0.00000000000000000000
-16.060000 0.00000000000000000000
-16.050000 0.00000000000000000000
-16.040000 0.00000000000000000000
-16.030000 0.00000000000000000000
-16.020000 0.00000000000000000000
-16.010000 0.00000000000000000000
-16.000000 0.00000000000000000000
-15.990000 0.00000000000000000000
-15.980000 0.00000000000000000000
-15.970000 0.00000000000000000000
-15.960000 0.00000000000000000000
-15.950000 0.00000000000000000000
-15.940000 0.00000000000000000000
-15.930000 0.00000000000000000000
-15.920000 0.00000000000000000000
-15.910000 0.00000000000000000000
-15.900000 0.00000000000000000000
-15.890000 0.00000000000000000000
-15.880000 0.00000000000000000000
-15.870000 0.00000000000000000000
-15.860000 0.00000000000000000000
-15.850000 0.00000000000000000000
-15.840000 0.00000000000000000000
-15.830000 0.00000000000000000000
-15.820000 0.00000000000000000000
-15.810000 0.00000000000000000000
-15.800000 0.00000000000000000000
-15.790000 0.00000000000000000000
-15.780000 0.00000000000000000000
-15.770000 0.00000000000000000000
-15.760000 0.00000000000000000000
-15.750000 0.00000000000000000000
-15.740000 0.00000000000000000000
-15.730000 0.00000000000000000000
-15.720000 0.00000000000000000000
-15.710000 0.00000000000000000000
-15.700000 0.00000000000000000000
-15.690000 0.00000000000000000000
-15.680000 0.00000000000000000000
-15.670000 0.00000000000000000000
-15.660000 0.00000000000000000000
-15.650000 0.00000000000000000000
-15.640000 0.00000000000000000000
-15.630000 0.00000000000000000000
-15.620000 0.00000000000000000000
-15.610000 0.00000000000000000000
-15.600000 0.00000000000000000000
-15.590000 0.00000000000000000000
-15.580000 0.00000000000000000000
-15.570000 0.00000000000000000000
-15.560000 0.00000000000000000000
-15.550000 0.00000000000000000000
-15.540000 0.00000000000000000000
-15.530000 0.00000000000000000000
-15.520000 0.00000000000000000000
-15.510000 0.00000000000000000000
-15.500000 0.00000000000000000000
-15.490000 0.00000000000000000000
-15.480000 0.00000000000000000000
-15.470000 0.00000000000000000000
-15.460000 0.00000000000000000000
-15.450000 0.00000000000000000000
-15.440000 0.00000000000000000000
-15.430000 0.00000000000000000000
-15.420000 0.00000000000000000000
-15.410000 0.00000000000000000000
-15.400000 0.00000000000000000000
-15.390000 0.00000000000000000000
-15.380000 0.00000000000000000000
-15.370000 0.00000000000000000000
-15.360000 0.00000000000000000000
-15.350000 0.00000000000000000000
-15.340000 0.00000000000000000000
-15.330000 0.00000000000000000000
-15.320000 0.00000000000000000000
-15.310000 0.00000000000000000000
-15.300000 0.00000000000000000000
-15.290000 0.00000000000000000000
-15.280000 0.00000000000000000000
-15.270000 0.00000000000000000000
-15.260000 0.00000000000000000000
-15.250000 0.00000000000000000000
-15.240000 0.00000000000000000000
-15.230000 0.00000000000000000000
-15.220000 0.00000000000000000000
-15.210000 0.00000000000000000000
-15.200000 0.00000000000000000000
-15.190000 0.00000000000000000000
-15.180000 0.00000000000000000000
-15.170000 0.00000000000000000000
-15.160000 0.00000000000000000000
-15.150000 0.00000000000000000000
-15.140000 0.00000000000000000000
-15.130000 0.00000000000000000000
-15.120000 0.00000000000000000000
-15.110000 0.00000000000000000000
-15.100000 0.00000000000000000000
-15.090000 0.00000000000000000000
-15.080000 0.00000000000000000000
-15.070000 0.00000000000000000000
-15.060000 0.00000000000000000000
-15.050000 0.00000000000000000000
-15.040000 0.00000000000000000000
-15.030000 0.00000000000000000000
-15.020000 0.00000000000000000000
-15.010000 0.00000000000000000000
-15.000000 0.00000000000000000000
-14.990000 0.00000000000000000000
-14.980000 0.00000000000000000000
-14.970000 0.00000000000000000000
-14.960000 0.00000000000000000000
-14.950000 0.00000000000000000000
-14.940000 0.00000000000000000000
-14.930000 0.00000000000000000000
-14.920000 0.00000000000000000000
-14.910000 0.00000000000000000000
-14.900000 0.00000000000000000000
-14.890000 0.00000000000000000000
-14.880000 0.00000000000000000000
-14.870000 0.00000000000000000000
-14.860000 0.00000000000000000000
-14.850000 0.00000000000000000000
-14.840000 0.00000000000000000000
-14.830000 0.00000000000000000000
-14.820000 0.00000000000000000000
-14.810000 0.00000000000000000000
-14.800000 0.00000000000000000000
-14.790000 0.00000000000000000000
-14.780000 0.00000000000000000000
-14.770000 0.00000000000000000000
-14.760000 0.00000000000000000000
-14.750000 0.00000000000000000000
-14.740000 0.00000000000000000000
-14.730000 0.00000000000000000000
-14.720000 0.00000000000000000000
-14.710000 0.00000000000000000000
-14.700000 0.00000000000000000000
-14.690000 0.00000000000000000000
-14.680000 0.00000000000000000000
-14.670000 0.00000000000000000000
-14.660000 0.00000000000000000000
-14.650000 0.00000000000000000000
-14.640000 0.00000000000000000000
-14.630000 0.00000000000000000000
-14.620000 0.00000000000000000000
-14.610000 0.00000000000000000000
-14.600000 0.00000000000000000000
-14.590000 0.00000000000000000000
-14.580000 0.00000000000000000000
-14.570000 0.00000000000000000000
-14.560000 0.00000000000000000000
-14.550000 0.00000000000000000000
-14.540000 0.00000000000000000000
-14.530000 0.00000000000000000000
-14.520000 0.00000000000000000000
-14.510000 0.00000000000000000000
-14.500000 0.00000000000000000000
-14.490000 0.00000000000000000000
-14.480000 0.00000000000000000000
-14.470000 0.00000000000000000000
-14.460000 0.00000000000000000000
-14.450000 0.00000000000000000000
-14.440000 0.00000000000000000000
-14.430000 0.00000000000000000000
-14.420000 0.00000000000000000000
-14.410000 0.00000000000000000000
-14.400000 0.00000000000000000000
-14.390000 0.00000000000000000000
-14.380000 0.00000000000000000000
-14.370000 0.00000000000000000000
-14.360000 0.00000000000000000000
-14.350000 0.00000000000000000000
-14.340000 0.00000000000000000000
-14.330000 0.00000000000000000000
-14.320000 0.00000000000000000000
-14.310000 0.00000000000000000000
-14.300000 0.00000000000000000000
-14.290000 0.00000000000000000000
-14.280000 0.00000000000000000000
-14.270000 0.00000000000000000000
-14.260000 0.00000000000000000000
-14.250000 0.00000000000000000000
-14.240000 0.00000000000000000000
-14.230000 0.00000000000000000000
-14.220000 0.00000000000000000000
-14.210000 0.00000000000000000000
-14.200000 0.00000000000000000000
-14.190000 0.00000000000000000000
-14.180000 0.00000000000000000000
-14.170000 0.00000000000000000000
-14.160000 0.00000000000000000000
-14.150000 0.00000000000000000000
-14.140000 0.00000000000000000000
-14.130000 0.00000000000000000000
-14.120000 0.00000000000000000000
-14.110000 0.00000000000000000000
-14.100000 0.00000000000000000000
-14.090000 0.00000000000000000000
-14.080000 0.00000000000000000000
-14.070000 0.00000000000000000000
-14.060000 0.00000000000000000000
-14.050000 0.00000000000000000000
-14.040000 0.00000000000000000000
-14.030000 0.00000000000000000000
-14.020000 0.00000000000000000000
-14.010000 0.00000000000000000000
-14.000000 0.00000000000000000000
-13.990000 0.00000000000000000000
-13.980000 0.00000000000000000000
-13.970000 0.00000000000000000000
-13.960000 0.00000000000000000000
-13.950000 0.00000000000000000000
-13.940000 0.00000000000000000000
-13.930000 0.00000000000000000000
-13.920000 0.00000000000000000000
-13.910000 0.00000000000000000000
-13.900000 0.00000000000000000000
-13.890000 0.00000000000000000000
-13.880000 0.00000000000000000000
-13.870000 0.00000000000000000000
-13.860000 0.00000000000000000000
-13.850000 0.00000000000000000000
-13.840000 0.00000000000000000000
-13.830000 0.00000000000000000000
-13.820000 0.00000000000000000000
-13.810000 0.00000000000000000000
-13.800000 0.00000000000000000000
-13.790000 0.00000000000000000000
-13.780000 0.00000000000000000000
-13.770000 0.00000000000000000000
-13.760000 0.00000000000000000000
-13.750000 0.00000000000000000000
-13.740000 0.00000000000000000000
-13.730000 0.00000000000000000000
-13.720000 0.00000000000000000000
-13.710000 0.00000000000000000000
-13.700000 0.00000000000000000000
-13.690000 0.00000000000000000000
-13.680000 0.00000000000000000000
-13.670000 0.00000000000000000000
-13.660000 0.00000000000000000000
-13.650000 0.00000000000000000000
-13.640000 0.00000000000000000000
-13.630000 0.00000000000000000000
-13.620000 0.00000000000000000000
-13.610000 0.00000000000000000000
-13.600000 0.00000000000000000000
-13.590000 0.00000000000000000000
-13.580000 0.00000000000000000000
-13.570000 0.00000000000000000000
-13.560000 0.00000000000000000000
-13.550000 0.00000000000000000000
-13.540000 0.00000000000000000000
-13.530000 0.00000000000000000000
-13.520000 0.00000000000000000000
-13.510000 0.00000000000000000000
-13.500000 0.00000000000000000000
-13.490000 0.00000000000000000000
-13.480000 0.00000000000000000000
-13.470000 0.00000000000000000000
-13.460000 0.00000000000000000000
-13.450000 0.00000000000000000000
-13.440000 0.00000000000000000000
-13.430000 0.00000000000000000000
-13.420000 0.00000000000000000000
-13.410000 0.00000000000000000000
-13.400000 0.00000000000000000000
-13.390000 0.00000000000000000000
-13.380000 0.00000000000000000000
-13.370000 0.00000000000000000000
-13.360000 0.00000000000000000000
-13.350000 0.00000000000000000000
-13.340000 0.00000000000000000000
-13.330000 0.00000000000000000000
-13.320000 0.00000000000000000000
-13.310000 0.00000000000000000000
-13.300000 0.00000000000000000000
-13.290000 0.00000000000000000000
-13.280000 0.00000000000000000000
-13.270000 0.00000000000000000000
-13.260000 0.00000000000000000000
-13.250000 0.00000000000000000000
-13.240000 0.00000000000000000000
-13.230000 0.00000000000000000000
-13.220000 0.00000000000000000000
-13.210000 0.00000000000000000000
-13.200000 0.00000000000000000000
-13.190000 0.00000000000000000000
-13.180000 0.00000000000000000000
-13.170000 0.00000000000000000000
-13.160000 0.00000000000000000000
-13.150000 0.00000000000000000000
-13.140000 0.00000000000000000000
-13.130000 0.00000000000000000000
-13.120000 0.00000000000000000000
-13.110000 0.00000000000000000000
-13.100000 0.00000000000000000000
-13.090000 0.00000000000000000000
-13.080000 0.00000000000000000000
-13.070000 0.00000000000000000000
-13.060000 0.00000000000000000000
-13.050000 0.00000000000000000000
-13.040000 0.00000000000000000000
-13.030000 0.00000000000000000000
-13.020000 0.00000000000000000000
-13.010000 0.00000000000000000000
-13.000000 0.00000000000000000000
-12.990000 0.00000000000000000000
-12.980000 0.00000000000000000000
-12.970000 0.00000000000000000000
-12.960000 0.00000000000000000000
-12.950000 0.00000000000000000000
-12.940000 0.00000000000000000000
-12.930000 0.00000000000000000000
-12.920000 0.00000000000000000000
-12.910000 0.00000000000000000000
-12.900000 0.00000000000000000000
-12.890000 0.00000000000000000000
-12.880000 0.00000000000000000000
-12.870000 0.00000000000000000000
-12.860000 0.00000000000000000000
-12.850000 0.00000000000000000000
-12.840000 0.00000000000000000000
-12.830000 0.00000000000000000000
-12.820000 0.00000000000000000000
-12.810000 0.00000000000000000000
-12.800000 0.00000000000000000000
-12.790000 0.00000000000000000000
-12.780000 0.00000000000000000000
-12.770000 0.00000000000000000000
-12.760000 0.00000000000000000000
-12.750000 0.00000000000000000000
-12.740000 0.00000000000000000000
-12.730000 0.00000000000000000000
-12.720000 0.00000000000000000000
-12.710000 0.00000000000000000000
-12.700000 0.00000000000000000000
-12.690000 0.00000000000000000000
-12.680000 0.00000000000000000000
-12.670000 0.00000000000000000000
-12.660000 0.00000000000000000000
-12.650000 0.00000000000000000000
-12.640000 0.00000000000000000000
-12.630000 0.00000000000000000000
-12.620000 0.00000000000000000000
-12.610000 0.00000000000000000000
-12.600000 0.00000000000000000000
-12.590000 0.00000000000000000000
-12.580000 0.00000000000000000000
-12.570000 0.00000000000000000000
-12.560000 0.00000000000000000000
-12.550000 0.00000000000000000000
-12.540000 0.00000000000000000000
-12.530000 0.00000000000000000000
-12.520000 0.00000000000000000000
-12.510000 0.00000000000000000000
-12.500000 0.00000000000000000000
-12.490000 0.00000000000000000000
-12.480000 0.00000000000000000000
-12.470000 0.00000000000000000000
-12.460000 0.00000000000000000000
-12.450000 0.00000000000000000000
-12.440000 0.00000000000000000000
-12.430000 0.00000000000000000000
-12.420000 0.00000000000000000000
-12.410000 0.00000000000000000000
-12.400000 0.00000000000000000000
-12.390000 0.00000000000000000000
-12.380000 0.00000000000000000000
-12.370000 0.00000000000000000000
-12.360000 0.00000000000000000000
-12.350000 0.00000000000000000000
-12.340000 0.00000000000000000000
-12.330000 0.00000000000000000000
-12.320000 0.00000000000000000000
-12.310000 0.00000000000000000000
-12.300000 0.00000000000000000000
-12.290000 0.00000000000000000000
-12.280000 0.00000000000000000000
-12.270000 0.00000000000000000000
-12.260000 0.00000000000000000000
-12.250000 0.00000000000000000000
-12.240000 0.00000000000000000000
-12.230000 0.00000000000000000000
-12.220000 0.00000000000000000000
-12.210000 0.00000000000000000000
-12.200000 0.00000000000000000000
-12.190000 0.00000000000000000000
-12.180000 0.00000000000000000000
-12.170000 0.00000000000000000000
-12.160000 0.00000000000000000000
-12.150000 0.00000000000000000000
-12.140000 0.00000000000000000000
-12.130000 0.00000000000000000000
-12.120000 0.00000000000000000000
-12.110000 0.00000000000000000000
-12.100000 0.00000000000000000000
-12.090000 0.00000000000000000000
-12.080000 0.00000000000000000000
-12.070000 0.00000000000000000000
-12.060000 0.00000000000000000000
-12.050000 0.00000000000000000000
-12.040000 0.00000000000000000000
-12.030000 0.00000000000000000000
-12.020000 0.00000000000000000000
-12.010000 0.00000000000000000000
-12.000000 0.00000000000000000000
-11.990000 0.00000000000000000000
-11.980000 0.00000000000000000000
-11.970000 0.00000000000000000000
-11.960000 0.00000000000000000000
-11.950000 0.00000000000000000000
-11.940000 0.00000000000000000000
-11.930000 0.00000000000000000000
-11.920000 0.00000000000000000000
-11.910000 0.00000000000000000000
-11.900000 0.00000000000000000000
-11.890000 0.00000000000000000000
-11.880000 0.00000000000000000000
-11.870000 0.00000000000000000000
-11.860000 0.00000000000000000000
-11.850000 0.00000000000000000000
-11.840000 0.00000000000000000000
-11.830000 0.00000000000000000000
-11.820000 0.00000000000000000000
-11.810000 0.00000000000000000000
-11.800000 0.00000000000000000000
-11.790000 0.00000000000000000000
-11.780000 0.00000000000000000000
-11.770000 0.00000000000000000000
-11.760000 0.00000000000000000000
-11.750000 0.00000000000000000000
-11.740000 0.00000000000000000000
-11.730000 0.00000000000000000000
-11.720000 0.00000000000000000000
-11.710000 0.00000000000000000000
-11.700000 0.00000000000000000000
-11.690000 0.00000000000000000000
-11.680000 0.00000000000000000000
-11.670000 0.00000000000000000000
-11.660000 0.00000000000000000000
-11.650000 0.00000000000000000000
-11.640000 0.00000000000000000000
-11.630000 0.00000000000000000000
-11.620000 0.00000000000000000000
-11.610000 0.00000000000000000000
-11.600000 0.00000000000000000000
-11.590000 0.00000000000000000000
-11.580000 0.00000000000000000000
-11.570000 0.00000000000000000000
-11.560000 0.00000000000000000000
-11.550000 0.00000000000000000000
-11.540000 0.00000000000000000000
-11.530000 0.00000000000000000000
-11.520000 0.00000000000000000000
-11.510000 0.00000000000000000000
-11.500000 0.00000000000000000000
-11.490000 0.00000000000000000000
-11.480000 0.00000000000000000000
-11.470000 0.00000000000000000000
-11.460000 0.00000000000000000000
-11.450000 0.00000000000000000000
-11.440000 0.00000000000000000000
-11.430000 0.00000000000000000000
-11.420000 0.00000000000000000000
-11.410000 0.00000000000000000000
-11.400000 0.00000000000000000000
-11.390000 0.00000000000000000000
-11.380000 0.00000000000000000000
-11.370000 0.00000000000000000000
-11.360000 0.00000000000000000000
-11.350000 0.00000000000000000000
-11.340000 0.00000000000000000000
-11.330000 0.00000000000000000000
-11.320000 0.00000000000000000000
-11.310000 0.00000000000000000000
-11.300000 0.00000000000000000000
-11.290000 0.00000000000000000000
-11.280000 0.00000000000000000000
-11.270000 0.00000000000000000000
-11.260000 0.00000000000000000000
-11.250000 0.00000000000000000000
-11.240000 0.00000000000000000000
-11.230000 0.00000000000000000000
-11.220000 0.00000000000000000000
-11.210000 0.00000000000000000000
-11.200000 0.00000000000000000000
-11.190000 0.00000000000000000000
-11.180000 0.00000000000000000000
-11.170000 0.00000000000000000000
-11.160000 0.00000000000000000000
-11.150000 0.00000000000000000000
-11.140000 0.00000000000000000000
-11.130000 0.00000000000000000000
-11.120000 0.00000000000000000000
-11.110000 0.00000000000000000000
-11.100000 0.00000000000000000000
-11.090000 0.00000000000000000000
-11.080000 0.00000000000000000000
-11.070000 0.00000000000000000000
-11.060000 0.00000000000000000000
-11.050000 0.00000000000000000000
-11.040000 0.00000000000000000000
-11.030000 0.00000000000000000000
-11.020000 0.00000000000000000000
-11.010000 0.00000000000000000000
-11.000000 0.00000000000000000000
-10.990000 0.00000000000000000000
-10.980000 0.00000000000000000000
-10.970000 0.00000000000000000000
-10.960000 0.00000000000000000000
-10.950000 0.00000000000000000000
-10.940000 0.00000000000000000000
-10.930000 0.00000000000000000000
-10.920000 0.00000000000000000000
-10.910000 0.00000000000000000000
-10.900000 0.00000000000000000000
-10.890000 0.00000000000000000000
-10.880000 0.00000000000000000000
-10.870000 0.00000000000000000000
-10.860000 0.00000000000000000000
-10.850000 0.00000000000000000000
-10.840000 0.00000000000000000000
-10.830000 0.00000000000000000000
-10.820000 0.00000000000000000000
-10.810000 0.00000000000000000000
-10.800000 0.00000000000000000000
-10.790000 0.00000000000000000000
-10.780000 0.00000000000000000000
-10.770000 0.00000000000000000000
-10.760000 0.00000000000000000000
-10.750000 0.00000000000000000000
-10.740000 0.00000000000000000000
-10.730000 0.00000000000000000000
-10.720000 0.00000000000000000000
-10.710000 0.00000000000000000000
-10.700000 0.00000000000000000000
-10.690000 0.00000000000000000000
-10.680000 0.00000000000000000000
-10.670000 0.00000000000000000000
-10.660000 0.00000000000000000000
-10.650000 0.00000000000000000000
-10.640000 0.00000000000000000000
-10.630000 0.00000000000000000000
-10.620000 0.00000000000000000000
-10.610000 0.00000000000000000000
-10.600000 0.00000000000000000000
-10.590000 0.00000000000000000000
-10.580000 0.00000000000000000000
-10.570000 0.00000000000000000000
-10.560000 0.00000000000000000000
-10.550000 0.00000000000000000000
-10.540000 0.00000000000000000000
-10.530000 0.00000000000000000000
-10.520000 0.00000000000000000000
-10.510000 0.00000000000000000000
-10.500000 0.00000000000000000000
-10.490000 0.00000000000000000000
-10.480000 0.00000000000000000000
-10.470000 0.00000000000000000000
-10.460000 0.00000000000000000000
-10.450000 0.00000000000000000000
-10.440000 0.00000000000000000000
-10.430000 0.00000000000000000000
-10.420000 0.00000000000000000000
-10.410000 0.00000000000000000000
-10.400000 0.00000000000000000000
-10.390000 0.00000000000000000000
-10.380000 0.00000000000000000000
-10.370000 0.00000000000000000000
-10.360000 0.00000000000000000000
-10.350000 0.00000000000000000000
-10.340000 0.00000000000000000000
-10.330000 0.00000000000000000000
-10.320000 0.00000000000000000000
-10.310000 0.00000000000000000000
-10.300000 0.00000000000000000000
-10.290000 0.00000000000000000000
-10.280000 0.00000000000000000000
-10.270000 0.00000000000000000000
-10.260000 0.00000000000000000000
-10.250000 0.00000000000000000000
-10.240000 0.00000000000000000000
-10.230000 0.00000000000000000000
-10.220000 0.00000000000000000000
-10.210000 0.00000000000000000000
-10.200000 0.00000000000000000000
-10.190000 0.00000000000000000000
-10.180000 0.00000000000000000000
-10.170000 0.00000000000000000000
-10.160000 0.00000000000000000000
-10.150000 0.00000000000000000000
-10.140000 0.00000000000000000000
-10.130000 0.00000000000000000000
-10.120000 0.00000000000000000000
-10.110000 0.00000000000000000000
-10.100000 0.00000000000000000000
-10.090000 0.00000000000000000000
-10.080000 0.00000000000000000000
-10.070000 0.00000000000000000000
-10.060000 0.00000000000000000000
-10.050000 0.00000000000000000000
-10.040000 0.00000000000000000000
-10.030000 0.00000000000000000000
-10.020000 0.00000000000000000000
-10.010000 0.00000000000000000000
-10.000000 0.00000000000000000000
-9.990000 0.00000000000000000000
-9.980000 0.00000000000000000000
-9.970000 0.00000000000000000000
-9.960000 0.00000000000000000000
-9.950000 0.00000000000000000000
-9.940000 0.00000000000000000000
-9.930000 0.00000000000000000000
-9.920000 0.00000000000000000000
-9.910000 0.00000000000000000000
-9.900000 0.00000000000000000000
-9.890000 0.00000000000000000000
-9.880000 0.00000000000000000000
-9.870000 0.00000000000000000000
-9.860000 0.00000000000000000000
-9.850000 0.00000000000000000000
-9.840000 0.00000000000000000000
-9.830000 0.00000000000000000000
-9.820000 0.00000000000000000000
-9.810000 0.00000000000000000000
-9.800000 0.00000000000000000000
-9.790000 0.00000000000000000000
-9.780000 0.00000000000000000000
-9.770000 0.00000000000000000000
-9.760000 0.00000000000000000000
-9.750000 0.00000000000000000000
-9.740000 0.00000000000000000000
-9.730000 0.00000000000000000000
-9.720000 0.00000000000000000000
-9.710000 0.00000000000000000000
-9.700000 0.00000000000000000000
-9.690000 0.00000000000000000000
-9.680000 0.00000000000000000000
-9.670000 0.00000000000000000000
-9.660000 0.00000000000000000000
-9.650000 0.00000000000000000000
-9.640000 0.00000000000000000000
-9.630000 0.00000000000000000000
-9.620000 0.00000000000000000000
-9.610000 0.00000000000000000000
-9.600000 0.00000000000000000000
-9.590000 0.00000000000000000000
-9.580000 0.00000000000000000000
-9.570000 0.00000000000000000000
-9.560000 0.00000000000000000000
-9.550000 0.00000000000000000000
-9.540000 0.00000000000000000000
-9.530000 0.00000000000000000000
-9.520000 0.00000000000000000000
-9.510000 0.00000000000000000000
-9.500000 0.00000000000000000000
-9.490000 0.00000000000000000000
-9.480000 0.00000000000000000000
-9.470000 0.00000000000000000000
-9.460000 0.00000000000000000000
-9.450000 0.00000000000000000000
-9.440000 0.00000000000000000000
-9.430000 0.00000000000000000000
-9.420000 0.00000000000000000000
-9.410000 0.00000000000000000000
-9.400000 0.00000000000000000000
-9.390000 0.00000000000000000000
-9.380000 0.00000000000000000000
-9.370000 0.00000000000000000000
-9.360000 0.00000000000000000000
-9.350000 0.00000000000000000000
-9.340000 0.00000000000000000000
-9.330000 0.00000000000000000000
-9.320000 0.00000000000000000000
-9.310000 0.00000000000000000000
-9.300000 0.00000000000000000000
-9.290000 0.00000000000000000000
-9.280000 0.00000000000000000000
-9.270000 0.00000000000000000000
-9.260000 0.00000000000000000000
-9.250000 0.00000000000000000000
-9.240000 0.00000000000000000000
-9.230000 0.00000000000000000000
-9.220000 0.00000000000000000000
-9.210000 0.00000000000000000000
-9.200000 0.00000000000000000000
-9.190000 0.00000000000000000000
-9.180000 0.00000000000000000000
-9.170000 0.00000000000000000000
-9.160000 0.00000000000000000000
-9.150000 0.00000000000000000000
-9.140000 0.00000000000000000000
-9.130000 0.00000000000000000000
-9.120000 0.00000000000000000000
-9.110000 0.00000000000000000000
-9.100000 0.00000000000000000000
-9.090000 0.00000000000000000000
-9.080000 0.00000000000000000000
-9.070000 0.00000000000000000000
-9.060000 0.00000000000000000000
-9.050000 0.00000000000000000000
-9.040000 0.00000000000000000000
-9.030000 0.00000000000000000000
-9.020000 0.00000000000000000000
-9.010000 0.00000000000000000000
-9.000000 0.00000000000000000000
-8.990000 0.00000000000000000000
-8.980000 0.00000000000000000000
-8.970000 0.00000000000000000000
-8.960000 0.00000000000000000000
-8.950000 0.00000000000000000000
-8.940000 0.00000000000000000000
-8.930000 0.00000000000000000000
-8.920000 0.00000000000000000000
-8.910000 0.00000000000000000000
-8.900000 0.00000000000000000000
-8.890000 0.00000000000000000000
-8.880000 0.00000000000000000000
-8.870000 0.00000000000000000000
-8.860000 0.00000000000000000000
-8.850000 0.00000000000000000000
-8.840000 0.00000000000000000000
-8.830000 0.00000000000000000000
-8.820000 0.00000000000000000000
-8.810000 0.00000000000000000000
-8.800000 0.00000000000000000000
-8.790000 0.00000000000000000000
-8.780000 0.00000000000000000000
-8.770000 0.00000000000000000000
-8.760000 0.00000000000000000000
-8.750000 0.00000000000000000000
-8.740000 0.00000000000000000000
-8.730000 0.00000000000000000000
-8.720000 0.00000000000000000000
-8.710000 0.00000000000000000000
-8.700000 0.00000000000000000000
-8.690000 0.00000000000000000000
-8.680000 0.00000000000000000000
-8.670000 0.00000000000000000000
-8.660000 0.00000000000000000000
-8.650000 0.00000000000000000000
-8.640000 0.00000000000000000000
-8.630000 0.00000000000000000000
-8.620000 0.00000000000000000000
-8.610000 0.00000000000000000000
-8.600000 0.00000000000000000000
-8.590000 0.00000000000000000000
-8.580000 0.00000000000000000000
-8.570000 0.00000000000000000000
-8.560000 0.00000000000000000000
-8.550000 0.00000000000000000000
-8.540000 0.00000000000000000000
-8.530000 0.00000000000000000000
-8.520000 0.00000000000000000000
-8.510000 0.00000000000000000000
-8.500000 0.00000000000000000000
-8.490000 0.00000000000000000000
-8.480000 0.00000000000000000000
-8.470000 0.00000000000000000000
-8.460000 0.00000000000000000000
-8.450000 0.00000000000000000000
-8.440000 0.00000000000000000000
-8.430000 0.00000000000000000000
-8.420000 0.00000000000000000000
-8.410000 0.00000000000000000000
-8.400000 0.00000000000000000000
-8.390000 0.00000000000000000000
-8.380000 0.00000000000000000000
-8.370000 0.00000000000000000000
-8.360000 0.00000000000000000000
-8.350000 0.00000000000000000000
-8.340000 0.00000000000000000000
-8.330000 0.00000000000000000000
-8.320000 0.00000000000000000000
-8.310000 0.00000000000000000000
-8.300000 0.00000000000000000000
-8.290000 0.00000000000000000000
-8.280000 0.00000000000000000000
-8.270000 0.00000000000000000000
-8.260000 0.00000000000000000000
-8.250000 0.00000000000000000000
-8.240000 0.00000000000000000000
-8.230000 0.00000000000000000000
-8.220000 0.00000000000000000000
-8.210000 0.00000000000000000000
-8.200000 0.00000000000000000000
-8.190000 0.00000000000000000000
-8.180000 0.00000000000000000000
-8.170000 0.00000000000000000000
-8.160000 0.00000000000000000000
-8.150000 0.00000000000000000000
-8.140000 0.00000000000000000000
-8.130000 0.00000000000000000000
-8.120000 0.00000000000000000000
-8.110000 0.00000000000000000000
-8.100000 0.00000000000000000000
-8.090000 0.00000000000000000000
-8.080000 0.00000000000000000000
-8.070000 0.00000000000000000000
-8.060000 0.00000000000000000000
-8.050000 0.00000000000000000000
-8.040000 0.00000000000000000000
-8.030000 0.00000000000000000000
-8.020000 0.00000000000000000000
-8.010000 0.00000000000000000000
-8.000000 0.00000000000000000000
-7.990000 0.00000000000000000000
-7.980000 0.00000000000000000000
-7.970000 0.00000000000000000000
-7.960000 0.00000000000000000000
-7.950000 0.00000000000000000000
-7.940000 0.00000000000000000000
-7.930000 0.00000000000000000000
-7.920000 0.00000000000000000000
-7.910000 0.00000000000000000000
-7.900000 0.00000000000000000000
-7.890000 0.00000000000000000001
-7.880000 0.00000000000000000001
-7.870000 0.00000000000000000001
-7.860000 0.00000000000000000001
-7.850000 0.00000000000000000001
-7.840000 0.00000000000000000001
-7.830000 0.00000000000000000001
-7.820000 0.00000000000000000001
-7.810000 0.00000000000000000001
-7.800000 0.00000000000000000001
-7.790000 0.00000000000000000001
-7.780000 0.00000000000000000001
-7.770000 0.00000000000000000001
-7.760000 0.00000000000000000001
-7.750000 0.00000000000000000001
-7.740000 0.00000000000000000001
-7.730000 0.00000000000000000001
-7.720000 0.00000000000000000001
-7.710000 0.00000000000000000001
-7.700000 0.00000000000000000002
-7.690000 0.00000000000000000002
-7.680000 0.00000000000000000002
-7.670000 0.00000000000000000002
-7.660000 0.00000000000000000002
-7.650000 0.00000000000000000002
-7.640000 0.00000000000000000002
-7.630000 0.00000000000000000002
-7.620000 0.00000000000000000002
-7.610000 0.00000000000000000003
-7.600000 0.00000000000000000003
-7.590000 0.00000000000000000003
-7.580000 0.00000000000000000003
-7.570000 0.00000000000000000003
-7.560000 0.00000000000000000003
-7.550000 0.00000000000000000004
-7.540000 0.00000000000000000004
-7.530000 0.00000000000000000004
-7.520000 0.00000000000000000004
-7.510000 0.00000000000000000004
-7.500000 0.00000000000000000005
-7.490000 0.00000000000000000005
-7.480000 0.00000000000000000005
-7.470000 0.00000000000000000006
-7.460000 0.00000000000000000006
-7.450000 0.00000000000000000006
-7.440000 0.00000000000000000007
-7.430000 0.00000000000000000007
-7.420000 0.00000000000000000007
-7.410000 0.00000000000000000008
-7.400000 0.00000000000000000008
-7.390000 0.00000000000000000009
-7.380000 0.00000000000000000009
-7.370000 0.00000000000000000010
-7.360000 0.00000000000000000010
-7.350000 0.00000000000000000011
-7.340000 0.00000000000000000012
-7.330000 0.00000000000000000012
-7.320000 0.00000000000000000013
-7.310000 0.00000000000000000014
-7.300000 0.00000000000000000014
-7.290000 0.00000000000000000015
-7.280000 0.00000000000000000016
-7.270000 0.00000000000000000017
-7.260000 0.00000000000000000018
-7.250000 0.00000000000000000019
-7.240000 0.00000000000000000020
-7.230000 0.00000000000000000021
-7.220000 0.00000000000000000023
-7.210000 0.00000000000000000024
-7.200000 0.00000000000000000025
-7.190000 0.00000000000000000027
-7.180000 0.00000000000000000028
-7.170000 0.00000000000000000030
-7.160000 0.00000000000000000032
-7.150000 0.00000000000000000034
-7.140000 0.00000000000000000036
-7.130000 0.00000000000000000038
-7.120000 0.00000000000000000040
-7.110000 0.00000000000000000042
-7.100000 0.00000000000000000045
-7.090000 0.00000000000000000047
-7.080000 0.00000000000000000050
-7.070000 0.00000000000000000053
-7.060000 0.00000000000000000056
-7.050000 0.00000000000000000059
-7.040000 0.00000000000000000062
-7.030000 0.00000000000000000066
-7.020000 0.00000000000000000070
-7.010000 0.00000000000000000074
-7.000000 0.00000000000000000078
-6.990000 0.00000000000000000083
-6.980000 0.00000000000000000087
-6.970000 0.00000000000000000092
-6.960000 0.00000000000000000098
-6.950000 0.00000000000000000103
-6.940000 0.00000000000000000109
-6.930000 0.00000000000000000116
-6.920000 0.00000000000000000122
-6.910000 0.00000000000000000129
-6.900000 0.00000000000000000137
-6.890000 0.00000000000000000145
-6.880000 0.00000000000000000153
-6.870000 0.00000000000000000162
-6.860000 0.00000000000000000171
-6.850000 0.00000000000000000181
-6.840000 0.00000000000000000192
-6.830000 0.00000000000000000203
-6.820000 0.00000000000000000214
-6.810000 0.00000000000000000227
-6.800000 0.00000000000000000240
-6.790000 0.00000000000000000254
-6.780000 0.00000000000000000268
-6.770000 0.00000000000000000284
-6.760000 0.00000000000000000300
-6.750000 0.00000000000000000318
-6.740000 0.00000000000000000336
-6.730000 0.00000000000000000355
-6.720000 0.00000000000000000376
-6.710000 0.00000000000000000398
-6.700000 0.00000000000000000421
-6.690000 0.00000000000000000445
-6.680000 0.00000000000000000470
-6.670000 0.00000000000000000498
-6.660000 0.00000000000000000526
-6.650000 0.00000000000000000557
-6.640000 0.00000000000000000589
-6.630000 0.00000000000000000623
-6.620000 0.00000000000000000659
-6.610000 0.00000000000000000697
-6.600000 0.00000000000000000737
-6.590000 0.00000000000000000780
-6.580000 0.00000000000000000825
-6.570000 0.00000000000000000872
-6.560000 0.00000000000000000923
-6.550000 0.00000000000000000976
-6.540000 0.00000000000000001032
-6.530000 0.00000000000000001092
-6.520000 0.00000000000000001155
-6.510000 0.00000000000000001221
-6.500000 0.00000000000000001292
-6.490000 0.00000000000000001367
-6.480000 0.00000000000000001445
-6.470000 0.00000000000000001529
-6.460000 0.00000000000000001617
-6.450000 0.00000000000000001710
-6.440000 0.00000000000000001809
-6.430000 0.00000000000000001914
-6.420000 0.00000000000000002024
-6.410000 0.00000000000000002141
-6.400000 0.00000000000000002265
-6.390000 0.00000000000000002395
-6.380000 0.00000000000000002534
-6.370000 0.00000000000000002680
-6.360000 0.00000000000000002835
-6.350000 0.00000000000000002998
-6.340000 0.00000000000000003171
-6.330000 0.00000000000000003354
-6.320000 0.00000000000000003548
-6.310000 0.00000000000000003753
-6.300000 0.00000000000000003969
-6.290000 0.00000000000000004199
-6.280000 0.00000000000000004441
-6.270000 0.00000000000000004697
-6.260000 0.00000000000000004968
-6.250000 0.00000000000000005255
-6.240000 0.00000000000000005559
-6.230000 0.00000000000000005880
-6.220000 0.00000000000000006219
-6.210000 0.00000000000000006578
-6.200000 0.00000000000000006958
-6.190000 0.00000000000000007359
-6.180000 0.00000000000000007784
-6.170000 0.00000000000000008234
-6.160000 0.00000000000000008709
-6.150000 0.00000000000000009212
-6.140000 0.00000000000000009743
-6.130000 0.00000000000000010306
-6.120000 0.00000000000000010901
-6.110000 0.00000000000000011530
-6.100000 0.00000000000000012196
-6.090000 0.00000000000000012900
-6.080000 0.00000000000000013644
-6.070000 0.00000000000000014432
-6.060000 0.00000000000000015265
-6.050000 0.00000000000000016146
-6.040000 0.00000000000000017078
-6.030000 0.00000000000000018064
-6.020000 0.00000000000000019107
-6.010000 0.00000000000000020210
-6.000000 0.00000000000000021377
-5.990000 0.00000000000000022611
-5.980000 0.00000000000000023916
-5.970000 0.00000000000000025297
-5.960000 0.00000000000000026757
-5.950000 0.00000000000000028302
-5.940000 0.00000000000000029935
-5.930000 0.00000000000000031664
-5.920000 0.00000000000000033491
-5.910000 0.00000000000000035425
-5.900000 0.00000000000000037470
-5.890000 0.00000000000000039633
-5.880000 0.00000000000000041921
-5.870000 0.00000000000000044341
-5.860000 0.00000000000000046900
-5.850000 0.00000000000000049608
-5.840000 0.00000000000000052472
-5.830000 0.00000000000000055500
-5.820000 0.00000000000000058705
-5.810000 0.00000000000000062093
-5.800000 0.00000000000000065678
-5.790000 0.00000000000000069470
-5.780000 0.00000000000000073479
-5.770000 0.00000000000000077722
-5.760000 0.00000000000000082208
-5.750000 0.00000000000000086953
-5.740000 0.00000000000000091974
-5.730000 0.00000000000000097283
-5.720000 0.00000000000000102899
-5.710000 0.00000000000000108839
-5.700000 0.00000000000000115121
-5.690000 0.00000000000000121768
-5.680000 0.00000000000000128797
-5.670000 0.00000000000000136231
-5.660000 0.00000000000000144097
-5.650000 0.00000000000000152414
-5.640000 0.00000000000000161213
-5.630000 0.00000000000000170521
-5.620000 0.00000000000000180363
-5.610000 0.00000000000000190776
-5.600000 0.00000000000000201789
-5.590000 0.00000000000000213436
-5.580000 0.00000000000000225760
-5.570000 0.00000000000000238791
-5.560000 0.00000000000000252575
-5.550000 0.00000000000000267158
-5.540000 0.00000000000000282577
-5.530000 0.00000000000000298892
-5.520000 0.00000000000000316146
-5.510000 0.00000000000000334394
-5.500000 0.00000000000000353702
-5.490000 0.00000000000000374118
-5.480000 0.00000000000000395714
-5.470000 0.00000000000000418561
-5.460000 0.00000000000000442719
-5.450000 0.00000000000000468279
-5.440000 0.00000000000000495312
-5.430000 0.00000000000000523901
-5.420000 0.00000000000000554151
-5.410000 0.00000000000000586137
-5.400000 0.00000000000000619971
-5.390000 0.00000000000000655767
-5.380000 0.00000000000000693616
-5.370000 0.00000000000000733661
-5.360000 0.00000000000000776015
-5.350000 0.00000000000000820805
-5.340000 0.00000000000000868198
-5.330000 0.00000000000000918311
-5.320000 0.00000000000000971319
-5.310000 0.00000000000001027402
-5.300000 0.00000000000001086701
-5.290000 0.00000000000001149439
-5.280000 0.00000000000001215797
-5.270000 0.00000000000001285970
-5.260000 0.00000000000001360221
-5.250000 0.00000000000001438736
-5.240000 0.00000000000001521783
-5.230000 0.00000000000001609649
-5.220000 0.00000000000001702555
-5.210000 0.00000000000001800845
-5.200000 0.00000000000001904811
-5.190000 0.00000000000002014752
-5.180000 0.00000000000002131081
-5.170000 0.00000000000002254094
-5.160000 0.00000000000002384204
-5.150000 0.00000000000002521866
-5.140000 0.00000000000002667424
-5.130000 0.00000000000002821413
-5.120000 0.00000000000002984302
-5.110000 0.00000000000003156549
-5.100000 0.00000000000003338801
-5.090000 0.00000000000003531530
-5.080000 0.00000000000003735374
-5.070000 0.00000000000003951052
-5.060000 0.00000000000004179102
-5.050000 0.00000000000004420355
-5.040000 0.00000000000004675561
-5.030000 0.00000000000004945423
-5.020000 0.00000000000005230957
-5.010000 0.00000000000005532914
-5.000000 0.00000000000005852276
-4.990000 0.00000000000006190184
-4.980000 0.00000000000006547476
-4.970000 0.00000000000006925444
-4.960000 0.00000000000007325286
-4.950000 0.00000000000007748083
-4.940000 0.00000000000008195430
-4.930000 0.00000000000008668519
-4.920000 0.00000000000009168863
-4.910000 0.00000000000009698270
-4.900000 0.00000000000010258053
-4.890000 0.00000000000010850210
-4.880000 0.00000000000011476660
-4.870000 0.00000000000012139064
-4.860000 0.00000000000012839918
-4.850000 0.00000000000013581129
-4.840000 0.00000000000014365021
-4.830000 0.00000000000015194451
-4.820000 0.00000000000016071481
-4.810000 0.00000000000016999208
-4.800000 0.00000000000017980691
-4.790000 0.00000000000019018493
-4.780000 0.00000000000020116515
-4.770000 0.00000000000021277806
-4.760000 0.00000000000022505934
-4.750000 0.00000000000023805414
-4.740000 0.00000000000025179487
-4.730000 0.00000000000026632949
-4.720000 0.00000000000028170675
-4.710000 0.00000000000029796622
-4.700000 0.00000000000031516880
-4.690000 0.00000000000033336331
-4.680000 0.00000000000035260449
-4.670000 0.00000000000037296358
-4.660000 0.00000000000039449169
-4.650000 0.00000000000041726299
-4.640000 0.00000000000044135506
-4.630000 0.00000000000046682915
-4.620000 0.00000000000049378017
-4.610000 0.00000000000052228643
-4.600000 0.00000000000055243179
-4.590000 0.00000000000058432853
-4.580000 0.00000000000061805744
-4.570000 0.00000000000065373313
-4.560000 0.00000000000069147892
-4.550000 0.00000000000073138983
-4.540000 0.00000000000077361350
-4.530000 0.00000000000081827576
-4.520000 0.00000000000086550484
-4.510000 0.00000000000091547761
-4.500000 0.00000000000096832206
-4.490000 0.00000000000102421505
-4.480000 0.00000000000108335242
-4.470000 0.00000000000114588193
-4.460000 0.00000000000121203301
-4.450000 0.00000000000128200766
-4.440000 0.00000000000135600209
-4.430000 0.00000000000143429451
-4.420000 0.00000000000151708811
-4.410000 0.00000000000160465563
-4.400000 0.00000000000169730759
-4.390000 0.00000000000179527438
-4.380000 0.00000000000189891223
-4.370000 0.00000000000200854487
-4.360000 0.00000000000212447309
-4.350000 0.00000000000224713371
-4.340000 0.00000000000237685005
-4.330000 0.00000000000251404217
-4.320000 0.00000000000265920201
-4.310000 0.00000000000281268957
-4.300000 0.00000000000297505755
-4.290000 0.00000000000314682394
-4.280000 0.00000000000332845067
-4.270000 0.00000000000352062254
-4.260000 0.00000000000372385496
-4.250000 0.00000000000393879427
-4.240000 0.00000000000416621888
-4.230000 0.00000000000440669280
-4.220000 0.00000000000466107279
-4.210000 0.00000000000493018640
-4.200000 0.00000000000521474443
-4.190000 0.00000000000551581873
-4.180000 0.00000000000583423243
-4.170000 0.00000000000617097889
-4.160000 0.00000000000652728858
-4.150000 0.00000000000690404724
-4.140000 0.00000000000730258184
-4.130000 0.00000000000772421261
-4.120000 0.00000000000817003556
-4.110000 0.00000000000864172562
-4.100000 0.00000000000914059971
-4.090000 0.00000000000966818265
-4.080000 0.00000000001022641754
-4.070000 0.00000000001081669877
-4.060000 0.00000000001144107975
-4.050000 0.00000000001210166378
-4.040000 0.00000000001280014461
-4.030000 0.00000000001353913530
-4.020000 0.00000000001432074617
-4.010000 0.00000000001514731487
-4.000000 0.00000000001602190687
-3.990000 0.00000000001694672250
-3.980000 0.00000000001792493642
-3.970000 0.00000000001895989510
-3.960000 0.00000000002005422191
-3.950000 0.00000000002121198687
-3.940000 0.00000000002243657675
-3.930000 0.00000000002373157052
-3.920000 0.00000000002510179968
-3.910000 0.00000000002655074436
-3.900000 0.00000000002808330809
-3.890000 0.00000000002970480869
-3.880000 0.00000000003141931889
-3.870000 0.00000000003323316793
-3.860000 0.00000000003515179723
-3.850000 0.00000000003718067979
-3.840000 0.00000000003932742296
-3.830000 0.00000000004159754342
-3.820000 0.00000000004399860767
-3.810000 0.00000000004653905608
-3.800000 0.00000000004922522662
-3.790000 0.00000000005206695255
-3.780000 0.00000000005507296558
-3.770000 0.00000000005825164436
-3.760000 0.00000000006161494863
-3.750000 0.00000000006517164222
-3.740000 0.00000000006893338891
-3.730000 0.00000000007291356984
-3.720000 0.00000000007712207212
-3.710000 0.00000000008157416064
-3.700000 0.00000000008628382325
-3.690000 0.00000000009126390963
-3.680000 0.00000000009653319132
-3.670000 0.00000000010210561913
-3.660000 0.00000000010799915371
-3.650000 0.00000000011423498590
-3.640000 0.00000000012082857721
-3.630000 0.00000000012780360500
-3.620000 0.00000000013518244148
-3.610000 0.00000000014298483059
-3.600000 0.00000000015124018768
-3.590000 0.00000000015997076361
-3.580000 0.00000000016920418484
-3.570000 0.00000000017897397412
-3.560000 0.00000000018930436969
-3.550000 0.00000000020023206662
-3.540000 0.00000000021179279322
-3.530000 0.00000000022401694770
-3.520000 0.00000000023695055002
-3.510000 0.00000000025062915414
-3.500000 0.00000000026509520474
-3.490000 0.00000000028040167846
-3.480000 0.00000000029658666511
-3.470000 0.00000000031370698545
-3.460000 0.00000000033181961620
-3.450000 0.00000000035097145798
-3.440000 0.00000000037123439241
-3.430000 0.00000000039266532689
-3.420000 0.00000000041532939300
-3.410000 0.00000000043931022697
-3.400000 0.00000000046466783036
-3.390000 0.00000000049149010927
-3.380000 0.00000000051986780303
-3.370000 0.00000000054987343314
-3.360000 0.00000000058161909413
-3.350000 0.00000000061519601567
-3.340000 0.00000000065070401412
-3.330000 0.00000000068827500051
-3.320000 0.00000000072800371640
-3.310000 0.00000000077002603425
-3.300000 0.00000000081448627680
-3.290000 0.00000000086149683913
-3.280000 0.00000000091123223884
-3.270000 0.00000000096383894156
-3.260000 0.00000000101946971149
-3.250000 0.00000000107833240072
-3.240000 0.00000000114057694827
-3.230000 0.00000000120641316604
-3.220000 0.00000000127607032041
-3.210000 0.00000000134972301321
-3.200000 0.00000000142764254893
-3.190000 0.00000000151006422600
-3.180000 0.00000000159722166563
-3.170000 0.00000000168944202185
-3.160000 0.00000000178696311595
-3.150000 0.00000000189010861574
-3.140000 0.00000000199924229765
-3.130000 0.00000000211463605194
-3.120000 0.00000000223671129309
-3.110000 0.00000000236584542511
-3.100000 0.00000000250239626441
-3.090000 0.00000000264687791442
-3.080000 0.00000000279966839000
-3.070000 0.00000000296126648652
-3.060000 0.00000000313224875431
-3.050000 0.00000000331303961441
-3.040000 0.00000000350429311772
-3.030000 0.00000000370661358550
-3.020000 0.00000000392055004590
-3.010000 0.00000000414690906456
-3.000000 0.00000000438629270860
-2.990000 0.00000000463946883357
-2.980000 0.00000000490735021997
-2.970000 0.00000000519060101694
-2.960000 0.00000000549023549795
-2.950000 0.00000000580721981789
-2.940000 0.00000000614239802235
-2.930000 0.00000000649703346760
-2.920000 0.00000000687208690443
-2.910000 0.00000000726873906039
-2.900000 0.00000000768843350498
-2.890000 0.00000000813221207434
-2.880000 0.00000000860164632739
-2.870000 0.00000000909827861029
-2.860000 0.00000000962340915798
-2.850000 0.00000001017901362644
-2.840000 0.00000001076662788975
-2.830000 0.00000001138806541327
-2.820000 0.00000001204560688268
-2.810000 0.00000001274089058511
-2.800000 0.00000001347634944133
-2.790000 0.00000001425444216314
-2.780000 0.00000001507717602246
-2.770000 0.00000001594763559408
-2.760000 0.00000001686828026406
-2.750000 0.00000001784189187181
-2.740000 0.00000001887207008247
-2.730000 0.00000001996139728465
-2.720000 0.00000002111363648887
-2.710000 0.00000002233270200110
-2.700000 0.00000002362169951225
-2.690000 0.00000002498543712273
-2.680000 0.00000002642785913529
-2.670000 0.00000002795322730922
-2.660000 0.00000002956721759798
-2.650000 0.00000003127391010522
-2.640000 0.00000003307911970470
-2.630000 0.00000003498907012692
-2.620000 0.00000003700857765065
-2.610000 0.00000003914512463195
-2.600000 0.00000004140504585923
-2.590000 0.00000004379486132976
-2.580000 0.00000004632351244183
-2.570000 0.00000004899746033814
-2.560000 0.00000005182568196112
-2.550000 0.00000005481806102849
-2.540000 0.00000005798208430084
-2.530000 0.00000006132938090121
-2.520000 0.00000006487012460840
-2.510000 0.00000006861428921015
-2.500000 0.00000007257594268356
-2.490000 0.00000007676533920309
-2.480000 0.00000008119632349557
-2.470000 0.00000008588457338241
-2.460000 0.00000009084175497463
-2.450000 0.00000009608592801247
-2.440000 0.00000010163340333386
-2.430000 0.00000010749946431792
-2.420000 0.00000011370620857496
-2.410000 0.00000012026994426924
-2.400000 0.00000012721200141741
-2.390000 0.00000013455722091084
-2.380000 0.00000014232382583580
-2.370000 0.00000015053983994880
-2.360000 0.00000015923137039365
-2.350000 0.00000016842188008219
-2.340000 0.00000017814602315904
-2.330000 0.00000018842978795033
-2.320000 0.00000019930600139733
-2.310000 0.00000021081398077058
-2.300000 0.00000022298226174079
-2.290000 0.00000023585429377669
-2.280000 0.00000024947179986848
-2.270000 0.00000026387087104547
-2.260000 0.00000027910576583615
-2.250000 0.00000029521797710791
-2.240000 0.00000031225796891697
-2.230000 0.00000033028790709791
-2.220000 0.00000034935258610089
-2.210000 0.00000036951931576783
-2.200000 0.00000039085467926873
-2.190000 0.00000041341430810644
-2.180000 0.00000043728302029068
-2.170000 0.00000046252718126819
-2.160000 0.00000048922427738253
-2.150000 0.00000051747250361890
-2.140000 0.00000054734234931689
-2.130000 0.00000057893799859311
-2.120000 0.00000061236556325236
-2.110000 0.00000064771098286215
-2.100000 0.00000068510663602467
-2.090000 0.00000072465884775245
-2.080000 0.00000076648645106761
-2.070000 0.00000081074440365109
-2.060000 0.00000085754389744768
-2.050000 0.00000090704605150003
-2.040000 0.00000095941975771538
-2.030000 0.00000101479808002867
-2.020000 0.00000107338729905968
-2.010000 0.00000113535802568935
-2.000000 0.00000120089226992713
-1.990000 0.00000127023434194556
-1.980000 0.00000134356005729957
-1.970000 0.00000142111836472003
-1.960000 0.00000150317775885745
-1.950000 0.00000158994476063379
-1.940000 0.00000168174030633143
-1.930000 0.00000177883854469025
-1.920000 0.00000188151789742922
-1.910000 0.00000199016321291905
-1.900000 0.00000210505313974102
-1.890000 0.00000222657199443137
-1.880000 0.00000235514614247437
-1.870000 0.00000249109690905795
-1.860000 0.00000263492313213361
-1.850000 0.00000278706502786548
-1.840000 0.00000294794882839230
-1.830000 0.00000311817997514776
-1.820000 0.00000329820111221002
-1.810000 0.00000348860501244732
-1.800000 0.00000369006805646827
-1.790000 0.00000390309148247648
-1.780000 0.00000412845014861429
-1.770000 0.00000436684983943379
-1.760000 0.00000461894433004231
-1.750000 0.00000488568471433611
-1.740000 0.00000516777574907887
-1.730000 0.00000546613096010457
-1.720000 0.00000578182239884886
-1.710000 0.00000611563405257672
-1.700000 0.00000646876883949448
-1.690000 0.00000684235679245974
-1.680000 0.00000723740285800753
-1.670000 0.00000765539912501035
-1.660000 0.00000809747022826263
-1.650000 0.00000856502291063204
-1.640000 0.00000905975511930680
-1.630000 0.00000958289655000985
-1.620000 0.00001013631379355056
-1.610000 0.00001072181412908330
-1.600000 0.00001134094602760002
-1.590000 0.00001199604755735423
-1.580000 0.00001268891756620506
-1.570000 0.00001342172087419167
-1.560000 0.00001419714537040326
-1.550000 0.00001501712565095547
-1.540000 0.00001588455731512056
-1.530000 0.00001680232841694755
-1.520000 0.00001777283146109169
-1.510000 0.00001879972672745973
-1.500000 0.00001988589856167665
-1.490000 0.00002103467686265127
-1.480000 0.00002225031577418945
-1.470000 0.00002353586884390336
-1.460000 0.00002489582793290919
-1.450000 0.00002633480630085271
-1.440000 0.00002785651232831881
-1.430000 0.00002946667292384040
-1.420000 0.00003116992561744687
-1.410000 0.00003297139181420493
-1.400000 0.00003487780630464914
-1.390000 0.00003689400657718684
-1.380000 0.00003902696377255300
-1.370000 0.00004128404813003437
-1.360000 0.00004367102949511526
-1.350000 0.00004619686786380365
-1.340000 0.00004886904350924882
-1.330000 0.00005169543651834803
-1.320000 0.00005468671873765372
-1.310000 0.00005785058699732238
-1.300000 0.00006119787224451067
-1.290000 0.00006474036099301869
-1.280000 0.00006848707254260553
-1.270000 0.00007245203732198017
-1.260000 0.00007664736496913948
-1.250000 0.00008108519973989552
-1.240000 0.00008578248339200030
-1.230000 0.00009075152724638334
-1.220000 0.00009600919548708229
-1.210000 0.00010157437861560983
-1.200000 0.00010746125941970823
-1.190000 0.00011369186891220035
-1.180000 0.00012028586268361150
-1.170000 0.00012726205644936252
-1.160000 0.00013464742046737172
-1.150000 0.00014246178108390150
-1.140000 0.00015073149433391254
-1.130000 0.00015948695660055473
-1.120000 0.00016875064460347128
-1.110000 0.00017855731623892484
-1.100000 0.00018893901220259354
-1.090000 0.00019992511708663113
-1.080000 0.00021155877492890407
-1.070000 0.00022387220289978591
-1.060000 0.00023690684058198628
-1.050000 0.00025071191779173273
-1.040000 0.00026532342974859964
-1.030000 0.00028079662164676329
-1.020000 0.00029718410515372381
-1.010000 0.00031453228045823635
-1.000000 0.00033291071773959390
-0.990000 0.00035237241196631750
-0.980000 0.00037298313179550199
-0.970000 0.00039482342060199695
-0.960000 0.00041795174843957351
-0.950000 0.00044245691507278819
-0.940000 0.00046842630530189583
-0.930000 0.00049593432364027155
-0.920000 0.00052509454422095588
-0.910000 0.00055599560829125330
-0.900000 0.00058874336865870043
-0.890000 0.00062347159826039392
-0.880000 0.00066027713113586662
-0.870000 0.00069930506393288362
-0.860000 0.00074070302885098627
-0.850000 0.00078459288682467996
-0.840000 0.00083116343572710164
-0.830000 0.00088056633860833001
-0.820000 0.00093297542378978013
-0.810000 0.00098861768829932011
-0.800000 0.00104765772206519107
-0.790000 0.00111033814425633907
-0.780000 0.00117691443957619363
-0.770000 0.00124759194355381726
-0.760000 0.00132269253989138582
-0.750000 0.00140248362948620117
-0.740000 0.00148725866452146193
-0.730000 0.00157741422561088855
-0.720000 0.00167323970737242819
-0.710000 0.00177515356645771951
-0.700000 0.00188361239254506980
-0.690000 0.00199897513531846916
-0.680000 0.00212180926508290539
-0.670000 0.00225260463696894987
-0.660000 0.00239187481610669351
-0.650000 0.00254033915875060204
-0.640000 0.00269852850356305535
-0.630000 0.00286719358092829470
-0.620000 0.00304718417553943941
-0.610000 0.00323915684278251390
-0.600000 0.00344415480313143077
-0.590000 0.00366311704273044421
-0.580000 0.00389698351894696583
-0.570000 0.00414711897631670195
-0.560000 0.00441454657235570026
-0.550000 0.00470067706609827562
-0.540000 0.00500716777659787355
-0.530000 0.00533528257265535651
-0.520000 0.00568703240605405828
-0.510000 0.00606430278379576151
-0.500000 0.00646890171963472246
-0.490000 0.00690353708408965750
-0.480000 0.00737027584774173003
-0.470000 0.00787188415696824309
-0.460000 0.00841171716795183731
-0.450000 0.00899230003526312743
-0.440000 0.00961762169790326971
-0.430000 0.01029152308775494601
-0.420000 0.01101752190176553785
-0.410000 0.01180092967681149393
-0.400000 0.01264576318633757815
-0.390000 0.01355714589942723369
-0.380000 0.01454107810379546076
-0.370000 0.01560173693196613420
-0.360000 0.01674520574769136280
-0.350000 0.01797605874182393176
-0.340000 0.01929762778660487621
-0.330000 0.02071229263077143182
-0.320000 0.02221812711878626279
-0.310000 0.02381066664863928928
-0.300000 0.02547330952019504630
-0.290000 0.02718887933770479728
-0.280000 0.02892481786104086905
-0.270000 0.03065452829273882310
-0.260000 0.03236065923026044955
-0.250000 0.03403570062945059094
-0.240000 0.03567650734136031815
-0.230000 0.03728016788901160339
-0.220000 0.03884317848306371307
-0.210000 0.04036295610710348425
-0.200000 0.04183559177679781887
-0.190000 0.04325695948606583796
-0.180000 0.04462364847464456163
-0.170000 0.04593026609637888141
-0.160000 0.04717238699949690556
-0.150000 0.04834498409494648874
-0.140000 0.04944143894853888360
-0.130000 0.05045703731259069263
-0.120000 0.05138496245898843684
-0.110000 0.05221856937391913811
-0.100000 0.05295294846867133753
-0.090000 0.05358151817746679979
-0.080000 0.05410103620128604851
-0.070000 0.05450908462244097308
-0.060000 0.05480826491151564311
-0.050000 0.05500566015144563170
-0.040000 0.05511593482858719723
-0.030000 0.05516764828493371520
-0.020000 0.05518155994301603140
-0.010000 0.05518562335575820377
0.000000 0.05518617021137772749
0.010000 0.05518582571334215009
0.020000 0.05518478905554211750
0.030000 0.05518303164343896228
0.040000 0.05518066803078548743
0.050000 0.05517803999701337281
0.060000 0.05517804465236630929
0.070000 0.05518597992373935890
0.080000 0.05521705501466605409
0.090000 0.05530032749347955218
0.100000 0.05546893651838224332
0.110000 0.05578842704976855887
0.120000 0.05631385648528340615
0.130000 0.05712368256364834529
0.140000 0.05830944111498675975
0.150000 0.05993653838166455861
0.160000 0.06210090222733258281
0.170000 0.06487601350811075807
0.180000 0.06832607394749722063
0.190000 0.07252597678718281093
0.200000 0.07751951149906233240
0.210000 0.08335723592514387992
0.220000 0.09007901096067644220
0.230000 0.09770812865674327607
0.240000 0.10627057914735753286
0.250000 0.11577860202840888071
0.260000 0.12624036187936771292
0.270000 0.13765857211993781650
0.280000 0.15003003994378638630
0.290000 0.16334825433052652111
0.300000 0.17759923833657703662
0.310000 0.19277047048309262078
0.320000 0.20883938013379790832
0.330000 0.22577309723088900828
0.340000 0.24353862675856643993
0.350000 0.26206896063550350062
0.360000 0.28130052754588130703
0.370000 0.30115124859777853139
0.380000 0.32150756410527148166
0.390000 0.34228744101826469315
0.400000 0.36336763909584968157
0.410000 0.38463605767188036033
0.420000 0.40600379394125524213
0.430000 0.42735071649263806082
0.440000 0.44859791494038364634
0.450000 0.46965976474275150654
0.460000 0.49045120207409798052
0.470000 0.51092072479820771491
0.480000 0.53100284204842007618
0.490000 0.55064963904952490825
0.500000 0.56982716927555498998
0.510000 0.58849661558726062971
0.520000 0.60663674351069629687
0.530000 0.62422727432324742747
0.540000 0.64125302064012856817
0.550000 0.65770711164504902513
0.560000 0.67358343044396795651
0.570000 0.68888199181769982360
0.580000 0.70360423933137461461
0.590000 0.71775600599132594049
0.600000 0.73134453813935584865
0.610000 0.74437820165540824480
0.620000 0.75687018052493892917
0.630000 0.76883041856492795318
0.640000 0.78027332508137037248
0.650000 0.79121458569071090317
0.660000 0.80166610207909960728
0.670000 0.81164599769104361915
0.680000 0.82116899348134497760
0.690000 0.83024969028738238030
0.700000 0.83890697239344635960
0.710000 0.84715366869467112476
0.720000 0.85500681092660357763
0.730000 0.86248349891629572106
0.740000 0.86959597664712451337
0.750000 0.87636194571961856248
0.760000 0.88279540777549003749
0.770000 0.88890938225699311914
0.780000 0.89472046671244132021
0.790000 0.90023969383230895147
0.800000 0.90548110113713964342
0.810000 0.91045872702413155331
0.820000 0.91518230057762428586
0.830000 0.91966564357183355760
0.840000 0.92391977483275056215
0.850000 0.92795442607854450312
0.860000 0.93178212621103151392
0.870000 0.93541117676101559475
0.880000 0.93885176472532250180
0.890000 0.94211422475697093049
0.900000 0.94520555184461352294
0.910000 0.94813557930249015016
0.920000 0.95091228947264905269
0.930000 0.95354241919817450679
0.940000 0.95603477941642667215
0.950000 0.95839524286155608479
0.960000 0.96063075975770562120
0.970000 0.96274853557237749513
0.980000 0.96475336028179270453
0.990000 0.96665190171089876436
1.000000 0.96844969535158464957
1.010000 0.97015122467188930067
1.020000 0.97176245088756330048
1.030000 0.97328739592589685881
1.040000 0.97473064137890685910
1.050000 0.97609705990101980344
1.060000 0.97738984714087551176
1.070000 0.97861340159247567350
1.080000 0.97977146584320973233
1.090000 0.98086695969062875911
1.100000 0.98190382436679957134
1.110000 0.98288476495262711019
1.120000 0.98381273951031944502
1.130000 0.98469098321532921858
1.140000 0.98552159758040058790
1.150000 0.98630743559223632566
1.160000 0.98705098847618988334
1.170000 0.98775413469492001628
1.180000 0.98841944222638256079
1.190000 0.98904871188524512426
1.200000 0.98964382823473329154
1.210000 0.99020691461756182861
1.220000 0.99073934220444992427
1.230000 0.99124294159927095471
1.240000 0.99171935455987714203
1.250000 0.99216978156022073154
1.260000 0.99259587966940809878
1.270000 0.99299884081943434744
1.280000 0.99337985488703761661
1.290000 0.99374030506654054129
1.300000 0.99408108242082393602
1.310000 0.99440335306604432652
1.320000 0.99470819178547209560
1.330000 0.99499636320999318428
1.340000 0.99526892953940593323
1.350000 0.99552667690789742316
1.360000 0.99577035210282116573
1.370000 0.99600085152765194252
1.380000 0.99621875326857001198
1.390000 0.99642479639926584412
1.400000 0.99661968133204137388
1.410000 0.99680389448028328125
1.420000 0.99697811382979195649
1.430000 0.99714285573676275654
1.440000 0.99729858799100212785
1.450000 0.99744588904171826993
1.460000 0.99758513382844871131
1.470000 0.99771678902660343446
1.480000 0.99784130960395667209
1.490000 0.99795900501120371473
1.500000 0.99807030668178198241
1.510000 0.99817555265891155791
1.520000 0.99827503584474108766
1.530000 0.99836912825127943627
1.540000 0.99845807320494173176
1.550000 0.99854216452633803858
1.560000 0.99862169704402714565
1.570000 0.99869686781073441217
1.580000 0.99876795072958968191
1.590000 0.99883516654901016718
1.600000 0.99889869873666792266
1.610000 0.99895878588352626792
1.620000 0.99901558607760865272
1.630000 0.99906928386601667746
1.640000 0.99912006995271662735
1.650000 0.99916807000428220498
1.660000 0.99921345758680946147
1.670000 0.99925637656241161899
1.680000 0.99929694195903340237
1.690000 0.99933530643910839508
1.700000 0.99937157285514399696
1.710000 0.99940585687589766906
1.720000 0.99943828167231207882
1.730000 0.99946892753380234264
1.740000 0.99949790426924156606
1.750000 0.99952530547694218299
1.760000 0.99955120337188352320
1.770000 0.99957569543118496291
1.780000 0.99959884867387693852
1.790000 0.99962073545601282110
1.800000 0.99964143523225712507
1.810000 0.99966099940633657006
1.820000 0.99967949735050987137
1.830000 0.99969698987339006280
1.840000 0.99971352238580246663
1.850000 0.99972915700808950845
1.860000 0.99974393747922396525
1.870000 0.99975790897533822754
1.880000 0.99977112269561252411
1.890000 0.99978361162265283468
1.900000 0.99979541952370187818
1.910000 0.99980658585446802178
1.920000 0.99981713922356685309
1.930000 0.99982711914627964145
1.940000 0.99983655421293393672
1.950000 0.99984547257592726321
1.960000 0.99985390719520683689
1.970000 0.99986187928156744498
1.980000 0.99986941641187720986
1.990000 0.99987654415751503478
2.000000 0.99988328057835884621
2.010000 0.99988965077136326975
2.020000 0.99989567343481411399
2.030000 0.99990136609627988662
2.040000 0.99990674994902717376
2.050000 0.99991183866458488438
2.060000 0.99991664959599213525
2.070000 0.99992119929852041338
2.080000 0.99992549919758366705
2.090000 0.99992956521619613675
2.100000 0.99993340956580867296
2.110000 0.99993704317267084747
2.120000 0.99994047964085597258
2.130000 0.99994372780230333930
2.140000 0.99994679856219181868
2.150000 0.99994970262795124238
2.160000 0.99995244724416798565
2.170000 0.99995504250308753225
2.180000 0.99995749636878850097
2.190000 0.99995981566239589000
2.200000 0.99996200910181065602
2.210000 0.99996408240514444987
2.220000 0.99996604241623909815
2.230000 0.99996789605378189059
2.240000 0.99996964792217912787
2.250000 0.99997130441151271807
2.260000 0.99997287070912110885
2.270000 0.99997435108019394612
2.280000 0.99997575110222514105
2.290000 0.99997707448523032170
2.300000 0.99997832551819099134
2.310000 0.99997950866762885802
2.320000 0.99998062686697597456
2.330000 0.99998168415802890507
2.340000 0.99998268391542222133
2.350000 0.99998362881078528552
2.360000 0.99998452240663504575
2.370000 0.99998536711502783447
2.380000 0.99998616561986297668
2.390000 0.99998692080209994337
2.400000 0.99998763453515771005
2.410000 0.99998830937280747122
2.420000 0.99998894750790212615
2.430000 0.99998955061702221592
2.440000 0.99999012097195172366
2.450000 0.99999066014393500623
2.460000 0.99999116980984958936
2.470000 0.99999165182638449778
2.480000 0.99999210739291533034
2.490000 0.99999253812126021046
2.500000 0.99999294543478622899
2.510000 0.99999333038771975879
2.520000 0.99999369442638763594
2.530000 0.99999403857619739711
2.540000 0.99999436388311968571
2.550000 0.99999467154275323288
2.560000 0.99999496232481899227
2.570000 0.99999523724547434433
2.580000 0.99999549722765235238
2.590000 0.99999574293563286975
2.600000 0.99999597528869865748
2.610000 0.99999619495718405915
2.620000 0.99999640259238253837
2.630000 0.99999659896357395716
2.640000 0.99999678456593188436
2.650000 0.99999696003933524757
2.660000 0.99999712598162882049
2.670000 0.99999728281229993687
2.680000 0.99999743111491135039
2.690000 0.99999757132762856493
2.700000 0.99999770385597908096
2.710000 0.99999782919430102446
2.720000 0.99999794766190130968
2.730000 0.99999805966122434775
2.740000 0.99999816557916032522
2.750000 0.99999826568121430448
2.760000 0.99999836033748223940
2.770000 0.99999844983397689901
2.780000 0.99999853442355779443
2.790000 0.99999861442336301920
2.800000 0.99999869003976904480
2.810000 0.99999876152556699260
2.820000 0.99999882913089632730
2.830000 0.99999889302419631143
2.840000 0.99999895343995515162
2.850000 0.99999901056462303650
2.860000 0.99999906455611098366
2.870000 0.99999911561754517564
2.880000 0.99999916388260889910
2.890000 0.99999920950987863932
2.900000 0.99999925266093347975
2.910000 0.99999929344288984723
2.920000 0.99999933200416823986
2.930000 0.99999936846616532815
2.940000 0.99999940292766043015
2.950000 0.99999943551854575396
2.960000 0.99999946632560177129
2.970000 0.99999949544816357783
2.980000 0.99999952299051420024
2.990000 0.99999954902093790565
3.000000 0.99999957363328262350
3.010000 0.99999959690649564692
3.020000 0.99999961890247801577
3.030000 0.99999963970415750580
3.040000 0.99999965936798274058
3.050000 0.99999967795608646348
3.060000 0.99999969553571577130
3.070000 0.99999971215050731388
3.080000 0.99999972785973945122
3.090000 0.99999974271469571629
3.100000 0.99999975675424201960
3.110000 0.99999977003123607933
3.120000 0.99999978258246713381
3.130000 0.99999979444673769979
3.140000 0.99999980566737578513
3.150000 0.99999981627233647252
3.160000 0.99999982629902040010
3.170000 0.99999983578070672507
3.180000 0.99999984474184677730
3.190000 0.99999985321607687272
3.200000 0.99999986122741690853
3.210000 0.99999986880005931056
3.220000 0.99999987596189821026
3.230000 0.99999988273088569191
3.240000 0.99999988913059367768
3.250000 0.99999989518259391197
3.260000 0.99999990090230295170
3.270000 0.99999990631109059169
3.280000 0.99999991142466382321
3.290000 0.99999991625808148932
3.300000 0.99999992082928645942
3.310000 0.99999992514983482295
3.320000 0.99999992923456559879
3.330000 0.99999993309744783510
3.340000 0.99999993674822285072
3.350000 0.99999994020045335219
3.360000 0.99999994346440168602
3.370000 0.99999994654944757144
3.380000 0.99999994946711634469
3.390000 0.99999995222486437463
3.400000 0.99999995483202075430
3.410000 0.99999995729762414243
3.420000 0.99999995962784304915
3.430000 0.99999996183127703997
3.440000 0.99999996391462242507
3.450000 0.99999996588372996875
3.460000 0.99999996774599031468
3.470000 0.99999996950622627168
3.480000 0.99999997117029482130
3.490000 0.99999997274403873426
3.500000 0.99999997423137410024
3.510000 0.99999997563774778442
3.520000 0.99999997696752374043
3.530000 0.99999997822435715555
3.540000 0.99999997941298002235
3.550000 0.99999998053651761865
3.560000 0.99999998159864333935
3.570000 0.99999998260312983334
3.580000 0.99999998355246955128
3.590000 0.99999998445010851444
3.600000 0.99999998529888800558
3.610000 0.99999998610109519515
3.620000 0.99999998685975488577
3.630000 0.99999998757689634310
3.640000 0.99999998825482028231
3.650000 0.99999998889596108942
3.660000 0.99999998950190804869
3.670000 0.99999999007484063895
3.680000 0.99999999061660460598
3.690000 0.99999999112863535711
3.700000 0.99999999161286212690
3.710000 0.99999999207060596973
3.720000 0.99999999250330584566
3.730000 0.99999999291253038880
3.740000 0.99999999329929645242
3.750000 0.99999999366498015796
3.760000 0.99999999401078021322
3.770000 0.99999999433759767520
3.780000 0.99999999464666289306
3.790000 0.99999999493883673374
3.800000 0.99999999521501681254
3.810000 0.99999999547621443163
3.820000 0.99999999572308118090
3.830000 0.99999999595648525474
3.840000 0.99999999617720369827
3.850000 0.99999999638580461259
3.860000 0.99999999658306948369
3.870000 0.99999999676956163874
3.880000 0.99999999694583996401
3.890000 0.99999999711255527224
3.900000 0.99999999727012700568
3.910000 0.99999999741910094997
3.920000 0.99999999755998181250
3.930000 0.99999999769312752917
3.940000 0.99999999781903436968
3.950000 0.99999999793807070603
3.960000 0.99999999805058470415
3.970000 0.99999999815699436301
3.980000 0.99999999825757002192
3.990000 0.99999999835265551695
4.000000 0.99999999844257714265
4.010000 0.99999999852756127350
4.020000 0.99999999860792287976
4.030000 0.99999999868390254676
4.040000 0.99999999875571721208
4.050000 0.99999999882363554971
4.060000 0.99999999888783142055
4.070000 0.99999999894852154014
4.080000 0.99999999900591651780
4.090000 0.99999999906016023843
4.100000 0.99999999911145220910
4.110000 0.99999999915994908228
4.120000 0.99999999920578686030
4.130000 0.99999999924913696159
4.140000 0.99999999929011229582
4.150000 0.99999999932884886533
4.160000 0.99999999936548289448
4.170000 0.99999999940010553257
4.180000 0.99999999943284334503
4.190000 0.99999999946379847238
4.200000 0.99999999949305529157
4.210000 0.99999999952072404774
4.220000 0.99999999954687823767
4.230000 0.99999999957160268238
4.240000 0.99999999959498531155
4.250000 0.99999999961708452290
4.260000 0.99999999963797980840
4.270000 0.99999999965773811450
4.280000 0.99999999967641195475
4.290000 0.99999999969407227240
4.300000 0.99999999971076647398
4.310000 0.99999999972654740610
4.320000 0.99999999974147191217
4.330000 0.99999999975557751775
4.340000 0.99999999976891440490
4.350000 0.99999999978152587232
4.360000 0.99999999979344544876
4.370000 0.99999999980471732108
4.380000 0.99999999981537279758
4.390000 0.99999999982544540700
4.400000 0.99999999983497167566
4.410000 0.99999999984397525132
4.420000 0.99999999985248777534
4.430000 0.99999999986053744738
4.440000 0.99999999986814536168
4.450000 0.99999999987533982893
4.460000 0.99999999988214127722
4.470000 0.99999999988857046773
4.480000 0.99999999989465071515
4.490000 0.99999999990039745157
4.500000 0.99999999990583066101
4.510000 0.99999999991096877316
4.520000 0.99999999991582466663
4.530000 0.99999999992041677110
4.540000 0.99999999992475818722
4.550000 0.99999999992886146050
4.560000 0.99999999993274268917
4.570000 0.99999999993641042195
4.580000 0.99999999993987842561
4.590000 0.99999999994315813545
4.600000 0.99999999994625754507
4.610000 0.99999999994918853385
4.620000 0.99999999995195976155
4.630000 0.99999999995457855562
4.640000 0.99999999995705568523
4.650000 0.99999999995939714559
4.660000 0.99999999996161037519
4.670000 0.99999999996370370070
4.680000 0.99999999996568211813
4.690000 0.99999999996755284393
4.700000 0.99999999996932142921
4.710000 0.99999999997099298099
4.720000 0.99999999997257393858
4.730000 0.99999999997406852081
4.740000 0.99999999997548127961
4.750000 0.99999999997681709996
4.760000 0.99999999997808008967
4.770000 0.99999999997927391249
4.780000 0.99999999998040300930
4.790000 0.99999999998147015567
4.800000 0.99999999998247934840
4.810000 0.99999999998343325203
4.820000 0.99999999998433497517
4.830000 0.99999999998518762645
4.840000 0.99999999998599375939
4.850000 0.99999999998675570545
4.860000 0.99999999998747624019
4.870000 0.99999999998815736202
4.880000 0.99999999998880151342
4.890000 0.99999999998941024870
4.900000 0.99999999998998578832
4.910000 0.99999999999053024169
4.920000 0.99999999999104460802
4.930000 0.99999999999153121877
4.940000 0.99999999999199107314
4.950000 0.99999999999242572546
4.960000 0.99999999999283673002
4.970000 0.99999999999322553013
4.980000 0.99999999999359268088
4.990000 0.99999999999394018069
5.000000 0.99999999999426836261
5.010000 0.99999999999457866995
5.020000 0.99999999999487232394
5.030000 0.99999999999514976867
5.040000 0.99999999999541211437
5.050000 0.99999999999566013820
5.060000 0.99999999999589439525
5.070000 0.99999999999611621782
5.080000 0.99999999999632582792
5.090000 0.99999999999652389171
5.100000 0.99999999999671129736
5.110000 0.99999999999688826691
5.120000 0.99999999999705568854
5.130000 0.99999999999721411736
5.140000 0.99999999999736388645
5.150000 0.99999999999750532886
5.160000 0.99999999999763922176
5.170000 0.99999999999776556514
5.180000 0.99999999999788502514
5.190000 0.99999999999799837891
5.200000 0.99999999999810518236
5.210000 0.99999999999820632368
5.220000 0.99999999999830180286
5.230000 0.99999999999839206399
5.240000 0.99999999999847755117
5.250000 0.99999999999855837540
5.260000 0.99999999999863475875
5.270000 0.99999999999870681222
5.280000 0.99999999999877497991
5.290000 0.99999999999883959489
5.300000 0.99999999999890065716
5.310000 0.99999999999895838876
5.320000 0.99999999999901290071
5.330000 0.99999999999906441506
5.340000 0.99999999999911326487
5.350000 0.99999999999915922810
5.360000 0.99999999999920308191
5.370000 0.99999999999924393812
5.380000 0.99999999999928268490
5.390000 0.99999999999931943329
5.400000 0.99999999999935429429
5.410000 0.99999999999938737894
5.420000 0.99999999999941835416
5.430000 0.99999999999944777507
5.440000 0.99999999999947553064
5.450000 0.99999999999950195395
5.460000 0.99999999999952660090
5.470000 0.99999999999955002661
5.480000 0.99999999999957234209
5.490000 0.99999999999959310326
5.500000 0.99999999999961297625
5.510000 0.99999999999963185005
5.520000 0.99999999999964939157
5.530000 0.99999999999966626696
5.540000 0.99999999999968214315
5.550000 0.99999999999969713116
5.560000 0.99999999999971111997
5.570000 0.99999999999972444265
5.580000 0.99999999999973698817
5.590000 0.99999999999974897857
5.600000 0.99999999999976019183
5.610000 0.99999999999977107201
5.620000 0.99999999999978106402
5.630000 0.99999999999979083398
5.640000 0.99999999999979949372
5.650000 0.99999999999980837551
5.660000 0.99999999999981636911
5.670000 0.99999999999982391863
5.680000 0.99999999999983102406
5.690000 0.99999999999983790744
5.700000 0.99999999999984423571
5.710000 0.99999999999985034194
5.720000 0.99999999999985611510
5.730000 0.99999999999986166621
5.740000 0.99999999999986688426
5.750000 0.99999999999987165822
5.760000 0.99999999999987643218
5.770000 0.99999999999988076205
5.780000 0.99999999999988475885
5.790000 0.99999999999988875565
5.800000 0.99999999999989253041
5.810000 0.99999999999989608312
5.820000 0.99999999999989941379
5.830000 0.99999999999990218935
5.840000 0.99999999999990518695
5.850000 0.99999999999990807353
5.860000 0.99999999999991051602
5.870000 0.99999999999991295851
5.880000 0.99999999999991540101
5.890000 0.99999999999991739941
5.900000 0.99999999999991950883
5.910000 0.99999999999992172928
5.920000 0.99999999999992339461
5.930000 0.99999999999992528199
5.940000 0.99999999999992694732
5.950000 0.99999999999992861266
5.960000 0.99999999999993005595
5.970000 0.99999999999993161026
5.980000 0.99999999999993294253
5.990000 0.99999999999993438582
6.000000 0.99999999999993527400
6.010000 0.99999999999993660627
6.020000 0.99999999999993782751
6.030000 0.99999999999993860467
6.040000 0.99999999999993960387
6.050000 0.99999999999994060307
6.060000 0.99999999999994115818
6.070000 0.99999999999994193534
6.080000 0.99999999999994271249
6.090000 0.99999999999994360067
6.100000 0.99999999999994415578
6.110000 0.99999999999994471089
6.120000 0.99999999999994537703
6.130000 0.99999999999994593214
6.140000 0.99999999999994659827
6.150000 0.99999999999994670929
6.160000 0.99999999999994737543
6.170000 0.99999999999994793054
6.180000 0.99999999999994837463
6.190000 0.99999999999994892974
6.200000 0.99999999999994926281
6.210000 0.99999999999994937383
6.220000 0.99999999999994981792
6.230000 0.99999999999995003996
6.240000 0.99999999999995037303
6.250000 0.99999999999995070610
6.260000 0.99999999999995115019
6.270000 0.99999999999995137223
6.280000 0.99999999999995159428
6.290000 0.99999999999995181632
6.300000 0.99999999999995192734
6.310000 0.99999999999995237143
6.320000 0.99999999999995248245
6.330000 0.99999999999995270450
6.340000 0.99999999999995314859
6.350000 0.99999999999995325961
6.360000 0.99999999999995359268
6.370000 0.99999999999995381472
6.380000 0.99999999999995403677
6.390000 0.99999999999995414779
6.400000 0.99999999999995425881
6.410000 0.99999999999995436983
6.420000 0.99999999999995448086
6.430000 0.99999999999995459188
6.440000 0.99999999999995492495
6.450000 0.99999999999995503597
6.460000 0.99999999999995514699
6.470000 0.99999999999995503597
6.480000 0.99999999999995536903
6.490000 0.99999999999995548006
6.500000 0.99999999999995559108
6.510000 0.99999999999995581312
6.520000 0.99999999999995581312
6.530000 0.99999999999995581312
6.540000 0.99999999999995581312
6.550000 0.99999999999995614619
6.560000 0.99999999999995625721
6.570000 0.99999999999995625721
6.580000 0.99999999999995625721
6.590000 0.99999999999995647926
6.600000 0.99999999999995670130
6.610000 0.99999999999995647926
6.620000 0.99999999999995670130
6.630000 0.99999999999995670130
6.640000 0.99999999999995670130
6.650000 0.99999999999995670130
6.660000 0.99999999999995670130
6.670000 0.99999999999995670130
6.680000 0.99999999999995681232
6.690000 0.99999999999995670130
6.700000 0.99999999999995670130
6.710000 0.99999999999995681232
6.720000 0.99999999999995670130
6.730000 0.99999999999995692335
6.740000 0.99999999999995703437
6.750000 0.99999999999995692335
6.760000 0.99999999999995681232
6.770000 0.99999999999995692335
6.780000 0.99999999999995692335
6.790000 0.99999999999995692335
6.800000 0.99999999999995714539
6.810000 0.99999999999995670130
6.820000 0.99999999999995692335
6.830000 0.99999999999995670130
6.840000 0.99999999999995692335
6.850000 0.99999999999995703437
6.860000 0.99999999999995692335
6.870000 0.99999999999995692335
6.880000 0.99999999999995714539
6.890000 0.99999999999995692335
6.900000 0.99999999999995703437
6.910000 0.99999999999995714539
6.920000 0.99999999999995714539
6.930000 0.99999999999995714539
6.940000 0.99999999999995714539
6.950000 0.99999999999995714539
6.960000 0.99999999999995714539
6.970000 0.99999999999995725641
6.980000 0.99999999999995725641
6.990000 0.99999999999995736744
7.000000 0.99999999999995736744
7.010000 0.99999999999995714539
7.020000 0.99999999999995736744
7.030000 0.99999999999995758948
7.040000 0.99999999999995725641
7.050000 0.99999999999995725641
7.060000 0.99999999999995725641
7.070000 0.99999999999995758948
7.080000 0.99999999999995736744
7.090000 0.99999999999995736744
7.100000 0.99999999999995758948
7.110000 0.99999999999995758948
7.120000 0.99999999999995736744
7.130000 0.99999999999995758948
7.140000 0.99999999999995758948
7.150000 0.99999999999995758948
7.160000 0.99999999999995758948
7.170000 0.99999999999995758948
7.180000 0.99999999999995758948
7.190000 0.99999999999995758948
7.200000 0.99999999999995770050
7.210000 0.99999999999995736744
7.220000 0.99999999999995736744
7.230000 0.99999999999995725641
7.240000 0.99999999999995736744
7.250000 0.99999999999995736744
7.260000 0.99999999999995758948
7.270000 0.99999999999995725641
7.280000 0.99999999999995736744
7.290000 0.99999999999995725641
7.300000 0.99999999999995736744
7.310000 0.99999999999995758948
7.320000 0.99999999999995736744
7.330000 0.99999999999995725641
7.340000 0.99999999999995736744
7.350000 0.99999999999995725641
7.360000 0.99999999999995736744
7.370000 0.99999999999995736744
7.380000 0.99999999999995758948
7.390000 0.99999999999995758948
7.400000 0.99999999999995736744
7.410000 0.99999999999995725641
7.420000 0.99999999999995736744
7.430000 0.99999999999995758948
7.440000 0.99999999999995736744
7.450000 0.99999999999995758948
7.460000 0.99999999999995736744
7.470000 0.99999999999995736744
7.480000 0.99999999999995736744
7.490000 0.99999999999995714539
7.500000 0.99999999999995736744
7.510000 0.99999999999995714539
7.520000 0.99999999999995714539
7.530000 0.99999999999995714539
7.540000 0.99999999999995714539
7.550000 0.99999999999995692335
7.560000 0.99999999999995703437
7.570000 0.99999999999995714539
7.580000 0.99999999999995714539
7.590000 0.99999999999995714539
7.600000 0.99999999999995714539
7.610000 0.99999999999995714539
7.620000 0.99999999999995736744
7.630000 0.99999999999995736744
7.640000 0.99999999999995714539
7.650000 0.99999999999995714539
7.660000 0.99999999999995703437
7.670000 0.99999999999995703437
7.680000 0.99999999999995714539
7.690000 0.99999999999995692335
7.700000 0.99999999999995692335
7.710000 0.99999999999995725641
7.720000 0.99999999999995714539
7.730000 0.99999999999995714539
7.740000 0.99999999999995736744
7.750000 0.99999999999995725641
7.760000 0.99999999999995714539
7.770000 0.99999999999995714539
7.780000 0.99999999999995714539
7.790000 0.99999999999995714539
7.800000 0.99999999999995736744
7.810000 0.99999999999995725641
7.820000 0.99999999999995725641
7.830000 0.99999999999995725641
7.840000 0.99999999999995725641
7.850000 0.99999999999995725641
7.860000 0.99999999999995736744
7.870000 0.99999999999995725641
7.880000 0.99999999999995736744
7.890000 0.99999999999995714539
7.900000 0.99999999999995736744
7.910000 0.99999999999995725641
7.920000 0.99999999999995714539
7.930000 0.99999999999995736744
7.940000 0.99999999999995736744
7.950000 0.99999999999995725641
7.960000 0.99999999999995736744
7.970000 0.99999999999995736744
7.980000 0.99999999999995725641
7.990000 0.99999999999995725641
8.000000 0.99999999999995714539
8.010000 0.99999999999995725641
8.020000 0.99999999999995725641
8.030000 0.99999999999995725641
8.040000 0.99999999999995714539
8.050000 0.99999999999995725641
8.060000 0.99999999999995725641
8.070000 0.99999999999995714539
8.080000 0.99999999999995747846
8.090000 0.99999999999995736744
8.100000 0.99999999999995736744
8.110000 0.99999999999995758948
8.120000 0.99999999999995736744
8.130000 0.99999999999995736744
8.140000 0.99999999999995747846
8.150000 0.99999999999995736744
8.160000 0.99999999999995725641
8.170000 0.99999999999995736744
8.180000 0.99999999999995736744
8.190000 0.99999999999995725641
8.200000 0.99999999999995725641
8.210000 0.99999999999995714539
8.220000 0.99999999999995725641
8.230000 0.99999999999995725641
8.240000 0.99999999999995725641
8.250000 0.99999999999995736744
8.260000 0.99999999999995736744
8.270000 0.99999999999995725641
8.280000 0.99999999999995758948
8.290000 0.99999999999995736744
8.300000 0.99999999999995736744
8.310000 0.99999999999995758948
8.320000 0.99999999999995758948
8.330000 0.99999999999995758948
8.340000 0.99999999999995736744
8.350000 0.99999999999995758948
8.360000 0.99999999999995736744
8.370000 0.99999999999995758948
8.380000 0.99999999999995736744
8.390000 0.99999999999995758948
8.400000 0.99999999999995736744
8.410000 0.99999999999995725641
8.420000 0.99999999999995714539
8.430000 0.99999999999995714539
8.440000 0.99999999999995714539
8.450000 0.99999999999995725641
8.460000 0.99999999999995714539
8.470000 0.99999999999995714539
8.480000 0.99999999999995714539
8.490000 0.99999999999995703437
8.500000 0.99999999999995714539
8.510000 0.99999999999995714539
8.520000 0.99999999999995714539
8.530000 0.99999999999995714539
8.540000 0.99999999999995725641
8.550000 0.99999999999995714539
8.560000 0.99999999999995714539
8.570000 0.99999999999995714539
8.580000 0.99999999999995714539
8.590000 0.99999999999995714539
8.600000 0.99999999999995714539
8.610000 0.99999999999995714539
8.620000 0.99999999999995714539
8.630000 0.99999999999995714539
8.640000 0.99999999999995714539
8.650000 0.99999999999995714539
8.660000 0.99999999999995692335
8.670000 0.99999999999995692335
8.680000 0.99999999999995714539
8.690000 0.99999999999995703437
8.700000 0.99999999999995714539
8.710000 0.99999999999995703437
8.720000 0.99999999999995703437
8.730000 0.99999999999995703437
8.740000 0.99999999999995714539
8.750000 0.99999999999995714539
8.760000 0.99999999999995692335
8.770000 0.99999999999995703437
8.780000 0.99999999999995714539
8.790000 0.99999999999995714539
8.800000 0.99999999999995714539
8.810000 0.99999999999995714539
8.820000 0.99999999999995703437
8.830000 0.99999999999995714539
8.840000 0.99999999999995714539
8.850000 0.99999999999995714539
8.860000 0.99999999999995714539
8.870000 0.99999999999995714539
8.880000 0.99999999999995714539
8.890000 0.99999999999995714539
8.900000 0.99999999999995714539
8.910000 0.99999999999995714539
8.920000 0.99999999999995714539
8.930000 0.99999999999995714539
8.940000 0.99999999999995703437
8.950000 0.99999999999995714539
8.960000 0.99999999999995714539
8.970000 0.99999999999995714539
8.980000 0.99999999999995736744
8.990000 0.99999999999995703437
9.000000 0.99999999999995714539
9.010000 0.99999999999995714539
9.020000 0.99999999999995703437
9.030000 0.99999999999995714539
9.040000 0.99999999999995703437
9.050000 0.99999999999995714539
9.060000 0.99999999999995714539
9.070000 0.99999999999995714539
9.080000 0.99999999999995714539
9.090000 0.99999999999995714539
9.100000 0.99999999999995692335
9.110000 0.99999999999995714539
9.120000 0.99999999999995703437
9.130000 0.99999999999995714539
9.140000 0.99999999999995736744
9.150000 0.99999999999995736744
9.160000 0.99999999999995714539
9.170000 0.99999999999995714539
9.180000 0.99999999999995736744
9.190000 0.99999999999995714539
9.200000 0.99999999999995714539
9.210000 0.99999999999995714539
9.220000 0.99999999999995736744
9.230000 0.99999999999995714539
9.240000 0.99999999999995714539
9.250000 0.99999999999995714539
9.260000 0.99999999999995714539
9.270000 0.99999999999995714539
9.280000 0.99999999999995714539
9.290000 0.99999999999995725641
9.300000 0.99999999999995714539
9.310000 0.99999999999995714539
9.320000 0.99999999999995703437
9.330000 0.99999999999995714539
9.340000 0.99999999999995714539
9.350000 0.99999999999995736744
9.360000 0.99999999999995714539
9.370000 0.99999999999995714539
9.380000 0.99999999999995714539
9.390000 0.99999999999995714539
9.400000 0.99999999999995714539
9.410000 0.99999999999995714539
9.420000 0.99999999999995703437
9.430000 0.99999999999995714539
9.440000 0.99999999999995714539
9.450000 0.99999999999995714539
9.460000 0.99999999999995703437
9.470000 0.99999999999995692335
9.480000 0.99999999999995714539
9.490000 0.99999999999995714539
9.500000 0.99999999999995692335
9.510000 0.99999999999995703437
9.520000 0.99999999999995703437
9.530000 0.99999999999995703437
9.540000 0.99999999999995670130
9.550000 0.99999999999995681232
9.560000 0.99999999999995681232
9.570000 0.99999999999995692335
9.580000 0.99999999999995703437
9.590000 0.99999999999995692335
9.600000 0.99999999999995670130
9.610000 0.99999999999995703437
9.620000 0.99999999999995714539
9.630000 0.99999999999995714539
9.640000 0.99999999999995692335
9.650000 0.99999999999995692335
9.660000 0.99999999999995714539
9.670000 0.99999999999995692335
9.680000 0.99999999999995692335
9.690000 0.99999999999995714539
9.700000 0.99999999999995703437
9.710000 0.99999999999995703437
9.720000 0.99999999999995670130
9.730000 0.99999999999995670130
9.740000 0.99999999999995692335
9.750000 0.99999999999995714539
9.760000 0.99999999999995692335
9.770000 0.99999999999995703437
9.780000 0.99999999999995703437
9.790000 0.99999999999995692335
9.800000 0.99999999999995703437
9.810000 0.99999999999995692335
9.820000 0.99999999999995670130
9.830000 0.99999999999995692335
9.840000 0.99999999999995703437
9.850000 0.99999999999995670130
9.860000 0.99999999999995681232
9.870000 0.99999999999995670130
9.880000 0.99999999999995681232
9.890000 0.99999999999995670130
9.900000 0.99999999999995670130
9.910000 0.99999999999995681232
9.920000 0.99999999999995670130
9.930000 0.99999999999995703437
9.940000 0.99999999999995692335
9.950000 0.99999999999995670130
9.960000 0.99999999999995692335
9.970000 0.99999999999995681232
9.980000 0.99999999999995670130
9.990000 0.99999999999995670130
10.000000 0.99999999999995692335
10.010000 0.99999999999995692335
10.020000 0.99999999999995692335
10.030000 0.99999999999995681232
10.040000 0.99999999999995692335
10.050000 0.99999999999995703437
10.060000 0.99999999999995681232
10.070000 0.99999999999995670130
10.080000 0.99999999999995670130
10.090000 0.99999999999995670130
10.100000 0.99999999999995670130
10.110000 0.99999999999995670130
10.120000 0.99999999999995670130
10.130000 0.99999999999995670130
10.140000 0.99999999999995670130
10.150000 0.99999999999995681232
10.160000 0.99999999999995670130
10.170000 0.99999999999995647926
10.180000 0.99999999999995670130
10.190000 0.99999999999995670130
10.200000 0.99999999999995692335
10.210000 0.99999999999995670130
10.220000 0.99999999999995670130
10.230000 0.99999999999995681232
10.240000 0.99999999999995692335
10.250000 0.99999999999995670130
10.260000 0.99999999999995692335
10.270000 0.99999999999995692335
10.280000 0.99999999999995670130
10.290000 0.99999999999995670130
10.300000 0.99999999999995681232
10.310000 0.99999999999995692335
10.320000 0.99999999999995692335
10.330000 0.99999999999995692335
10.340000 0.99999999999995714539
10.350000 0.99999999999995714539
10.360000 0.99999999999995725641
10.370000 0.99999999999995725641
10.380000 0.99999999999995714539
10.390000 0.99999999999995714539
10.400000 0.99999999999995725641
10.410000 0.99999999999995725641
10.420000 0.99999999999995714539
10.430000 0.99999999999995725641
10.440000 0.99999999999995725641
10.450000 0.99999999999995736744
10.460000 0.99999999999995725641
10.470000 0.99999999999995725641
10.480000 0.99999999999995725641
10.490000 0.99999999999995725641
10.500000 0.99999999999995725641
10.510000 0.99999999999995714539
10.520000 0.99999999999995736744
10.530000 0.99999999999995747846
10.540000 0.99999999999995714539
10.550000 0.99999999999995714539
10.560000 0.99999999999995714539
10.570000 0.99999999999995714539
10.580000 0.99999999999995725641
10.590000 0.99999999999995725641
10.600000 0.99999999999995714539
10.610000 0.99999999999995736744
10.620000 0.99999999999995714539
10.630000 0.99999999999995736744
10.640000 0.99999999999995714539
10.650000 0.99999999999995714539
10.660000 0.99999999999995714539
10.670000 0.99999999999995725641
10.680000 0.99999999999995714539
10.690000 0.99999999999995725641
10.700000 0.99999999999995692335
10.710000 0.99999999999995714539
10.720000 0.99999999999995714539
10.730000 0.99999999999995714539
10.740000 0.99999999999995714539
10.750000 0.99999999999995714539
10.760000 0.99999999999995725641
10.770000 0.99999999999995714539
10.780000 0.99999999999995714539
10.790000 0.99999999999995714539
10.800000 0.99999999999995736744
10.810000 0.99999999999995747846
10.820000 0.99999999999995714539
10.830000 0.99999999999995714539
10.840000 0.99999999999995725641
10.850000 0.99999999999995725641
10.860000 0.99999999999995714539
10.870000 0.99999999999995725641
10.880000 0.99999999999995714539
10.890000 0.99999999999995736744
10.900000 0.99999999999995714539
10.910000 0.99999999999995714539
10.920000 0.99999999999995725641
10.930000 0.99999999999995714539
10.940000 0.99999999999995714539
10.950000 0.99999999999995714539
10.960000 0.99999999999995714539
10.970000 0.99999999999995703437
10.980000 0.99999999999995714539
10.990000 0.99999999999995725641
11.000000 0.99999999999995714539
11.010000 0.99999999999995725641
11.020000 0.99999999999995725641
11.030000 0.99999999999995725641
11.040000 0.99999999999995714539
11.050000 0.99999999999995725641
11.060000 0.99999999999995725641
11.070000 0.99999999999995703437
11.080000 0.99999999999995714539
11.090000 0.99999999999995725641
11.100000 0.99999999999995714539
11.110000 0.99999999999995714539
11.120000 0.99999999999995714539
11.130000 0.99999999999995714539
11.140000 0.99999999999995725641
11.150000 0.99999999999995714539
11.160000 0.99999999999995714539
11.170000 0.99999999999995725641
11.180000 0.99999999999995714539
11.190000 0.99999999999995725641
11.200000 0.99999999999995736744
11.210000 0.99999999999995736744
11.220000 0.99999999999995714539
11.230000 0.99999999999995736744
11.240000 0.99999999999995736744
11.250000 0.99999999999995714539
11.260000 0.99999999999995714539
11.270000 0.99999999999995736744
11.280000 0.99999999999995714539
11.290000 0.99999999999995736744
11.300000 0.99999999999995725641
11.310000 0.99999999999995725641
11.320000 0.99999999999995736744
11.330000 0.99999999999995725641
11.340000 0.99999999999995714539
11.350000 0.99999999999995736744
11.360000 0.99999999999995736744
11.370000 0.99999999999995725641
11.380000 0.99999999999995714539
11.390000 0.99999999999995725641
11.400000 0.99999999999995736744
11.410000 0.99999999999995736744
11.420000 0.99999999999995725641
11.430000 0.99999999999995714539
11.440000 0.99999999999995725641
11.450000 0.99999999999995714539
11.460000 0.99999999999995736744
11.470000 0.99999999999995703437
11.480000 0.99999999999995714539
11.490000 0.99999999999995714539
11.500000 0.99999999999995714539
11.510000 0.99999999999995714539
11.520000 0.99999999999995714539
11.530000 0.99999999999995714539
11.540000 0.99999999999995714539
11.550000 0.99999999999995692335
11.560000 0.99999999999995692335
11.570000 0.99999999999995703437
11.580000 0.99999999999995703437
11.590000 0.99999999999995714539
11.600000 0.99999999999995703437
11.610000 0.99999999999995692335
11.620000 0.99999999999995692335
11.630000 0.99999999999995714539
11.640000 0.99999999999995714539
11.650000 0.99999999999995703437
11.660000 0.99999999999995692335
11.670000 0.99999999999995714539
11.680000 0.99999999999995703437
11.690000 0.99999999999995692335
11.700000 0.99999999999995714539
11.710000 0.99999999999995714539
11.720000 0.99999999999995714539
11.730000 0.99999999999995692335
11.740000 0.99999999999995692335
11.750000 0.99999999999995714539
11.760000 0.99999999999995714539
11.770000 0.99999999999995714539
11.780000 0.99999999999995692335
11.790000 0.99999999999995692335
11.800000 0.99999999999995692335
11.810000 0.99999999999995714539
11.820000 0.99999999999995714539
11.830000 0.99999999999995714539
11.840000 0.99999999999995714539
11.850000 0.99999999999995714539
11.860000 0.99999999999995714539
11.870000 0.99999999999995714539
11.880000 0.99999999999995692335
11.890000 0.99999999999995714539
11.900000 0.99999999999995714539
11.910000 0.99999999999995714539
11.920000 0.99999999999995714539
11.930000 0.99999999999995714539
11.940000 0.99999999999995714539
11.950000 0.99999999999995714539
11.960000 0.99999999999995714539
11.970000 0.99999999999995714539
11.980000 0.99999999999995714539
11.990000 0.99999999999995725641
12.000000 0.99999999999995714539
12.010000 0.99999999999995714539
12.020000 0.99999999999995714539
12.030000 0.99999999999995736744
12.040000 0.99999999999995736744
12.050000 0.99999999999995714539
12.060000 0.99999999999995725641
12.070000 0.99999999999995714539
12.080000 0.99999999999995714539
12.090000 0.99999999999995714539
12.100000 0.99999999999995714539
12.110000 0.99999999999995714539
12.120000 0.99999999999995714539
12.130000 0.99999999999995725641
12.140000 0.99999999999995725641
12.150000 0.99999999999995725641
12.160000 0.99999999999995714539
12.170000 0.99999999999995714539
12.180000 0.99999999999995725641
12.190000 0.99999999999995736744
12.200000 0.99999999999995725641
12.210000 0.99999999999995736744
12.220000 0.99999999999995736744
12.230000 0.99999999999995736744
12.240000 0.99999999999995736744
12.250000 0.99999999999995758948
12.260000 0.99999999999995725641
12.270000 0.99999999999995725641
12.280000 0.99999999999995725641
12.290000 0.99999999999995736744
12.300000 0.99999999999995725641
12.310000 0.99999999999995736744
12.320000 0.99999999999995725641
12.330000 0.99999999999995725641
12.340000 0.99999999999995714539
12.350000 0.99999999999995725641
12.360000 0.99999999999995725641
12.370000 0.99999999999995736744
12.380000 0.99999999999995714539
12.390000 0.99999999999995714539
12.400000 0.99999999999995736744
12.410000 0.99999999999995736744
12.420000 0.99999999999995758948
12.430000 0.99999999999995725641
12.440000 0.99999999999995725641
12.450000 0.99999999999995714539
12.460000 0.99999999999995736744
12.470000 0.99999999999995736744
12.480000 0.99999999999995714539
12.490000 0.99999999999995747846
12.500000 0.99999999999995736744
12.510000 0.99999999999995714539
12.520000 0.99999999999995714539
12.530000 0.99999999999995714539
12.540000 0.99999999999995714539
12.550000 0.99999999999995714539
12.560000 0.99999999999995714539
12.570000 0.99999999999995714539
12.580000 0.99999999999995714539
12.590000 0.99999999999995725641
12.600000 0.99999999999995725641
12.610000 0.99999999999995714539
12.620000 0.99999999999995714539
12.630000 0.99999999999995725641
12.640000 0.99999999999995725641
12.650000 0.99999999999995714539
12.660000 0.99999999999995725641
12.670000 0.99999999999995725641
12.680000 0.99999999999995725641
12.690000 0.99999999999995725641
12.700000 0.99999999999995736744
12.710000 0.99999999999995736744
12.720000 0.99999999999995758948
12.730000 0.99999999999995736744
12.740000 0.99999999999995736744
12.750000 0.99999999999995747846
12.760000 0.99999999999995758948
12.770000 0.99999999999995758948
12.780000 0.99999999999995747846
12.790000 0.99999999999995758948
12.800000 0.99999999999995758948
12.810000 0.99999999999995758948
12.820000 0.99999999999995758948
12.830000 0.99999999999995747846
12.840000 0.99999999999995758948
12.850000 0.99999999999995736744
12.860000 0.99999999999995714539
12.870000 0.99999999999995736744
12.880000 0.99999999999995714539
12.890000 0.99999999999995736744
12.900000 0.99999999999995736744
12.910000 0.99999999999995714539
12.920000 0.99999999999995714539
12.930000 0.99999999999995714539
12.940000 0.99999999999995714539
12.950000 0.99999999999995714539
12.960000 0.99999999999995714539
12.970000 0.99999999999995714539
12.980000 0.99999999999995725641
12.990000 0.99999999999995714539
13.000000 0.99999999999995725641
13.010000 0.99999999999995714539
13.020000 0.99999999999995736744
13.030000 0.99999999999995725641
13.040000 0.99999999999995725641
13.050000 0.99999999999995725641
13.060000 0.99999999999995725641
13.070000 0.99999999999995736744
13.080000 0.99999999999995725641
13.090000 0.99999999999995714539
13.100000 0.99999999999995736744
13.110000 0.99999999999995725641
13.120000 0.99999999999995725641
13.130000 0.99999999999995714539
13.140000 0.99999999999995714539
13.150000 0.99999999999995736744
13.160000 0.99999999999995714539
13.170000 0.99999999999995714539
13.180000 0.99999999999995725641
13.190000 0.99999999999995714539
13.200000 0.99999999999995714539
13.210000 0.99999999999995714539
13.220000 0.99999999999995692335
13.230000 0.99999999999995714539
13.240000 0.99999999999995736744
13.250000 0.99999999999995736744
13.260000 0.99999999999995714539
13.270000 0.99999999999995714539
13.280000 0.99999999999995714539
13.290000 0.99999999999995736744
13.300000 0.99999999999995736744
13.310000 0.99999999999995714539
13.320000 0.99999999999995714539
13.330000 0.99999999999995725641
13.340000 0.99999999999995714539
13.350000 0.99999999999995714539
13.360000 0.99999999999995725641
13.370000 0.99999999999995725641
13.380000 0.99999999999995725641
13.390000 0.99999999999995714539
13.400000 0.99999999999995725641
13.410000 0.99999999999995714539
13.420000 0.99999999999995736744
13.430000 0.99999999999995736744
13.440000 0.99999999999995736744
13.450000 0.99999999999995725641
13.460000 0.99999999999995736744
13.470000 0.99999999999995758948
13.480000 0.99999999999995725641
13.490000 0.99999999999995736744
13.500000 0.99999999999995736744
13.510000 0.99999999999995736744
13.520000 0.99999999999995736744
13.530000 0.99999999999995725641
13.540000 0.99999999999995736744
13.550000 0.99999999999995747846
13.560000 0.99999999999995736744
13.570000 0.99999999999995736744
13.580000 0.99999999999995747846
13.590000 0.99999999999995758948
13.600000 0.99999999999995758948
13.610000 0.99999999999995736744
13.620000 0.99999999999995736744
13.630000 0.99999999999995747846
13.640000 0.99999999999995736744
13.650000 0.99999999999995758948
13.660000 0.99999999999995736744
13.670000 0.99999999999995758948
13.680000 0.99999999999995747846
13.690000 0.99999999999995736744
13.700000 0.99999999999995736744
13.710000 0.99999999999995725641
13.720000 0.99999999999995736744
13.730000 0.99999999999995736744
13.740000 0.99999999999995714539
13.750000 0.99999999999995714539
13.760000 0.99999999999995736744
13.770000 0.99999999999995714539
13.780000 0.99999999999995736744
13.790000 0.99999999999995714539
13.800000 0.99999999999995736744
13.810000 0.99999999999995714539
13.820000 0.99999999999995736744
13.830000 0.99999999999995714539
13.840000 0.99999999999995725641
13.850000 0.99999999999995736744
13.860000 0.99999999999995714539
13.870000 0.99999999999995714539
13.880000 0.99999999999995714539
13.890000 0.99999999999995714539
13.900000 0.99999999999995714539
13.910000 0.99999999999995714539
13.920000 0.99999999999995714539
13.930000 0.99999999999995725641
13.940000 0.99999999999995725641
13.950000 0.99999999999995725641
13.960000 0.99999999999995725641
13.970000 0.99999999999995725641
13.980000 0.99999999999995736744
13.990000 0.99999999999995714539
14.000000 0.99999999999995714539
14.010000 0.99999999999995736744
14.020000 0.99999999999995736744
14.030000 0.99999999999995725641
14.040000 0.99999999999995736744
14.050000 0.99999999999995736744
14.060000 0.99999999999995736744
14.070000 0.99999999999995736744
14.080000 0.99999999999995736744
14.090000 0.99999999999995725641
14.100000 0.99999999999995714539
14.110000 0.99999999999995714539
14.120000 0.99999999999995736744
14.130000 0.99999999999995714539
14.140000 0.99999999999995714539
14.150000 0.99999999999995714539
14.160000 0.99999999999995714539
14.170000 0.99999999999995714539
14.180000 0.99999999999995714539
14.190000 0.99999999999995714539
14.200000 0.99999999999995714539
14.210000 0.99999999999995714539
14.220000 0.99999999999995714539
14.230000 0.99999999999995714539
14.240000 0.99999999999995703437
14.250000 0.99999999999995714539
14.260000 0.99999999999995692335
14.270000 0.99999999999995692335
14.280000 0.99999999999995692335
14.290000 0.99999999999995692335
14.300000 0.99999999999995692335
14.310000 0.99999999999995681232
14.320000 0.99999999999995670130
14.330000 0.99999999999995659028
14.340000 0.99999999999995659028
14.350000 0.99999999999995647926
14.360000 0.99999999999995647926
14.370000 0.99999999999995647926
14.380000 0.99999999999995659028
14.390000 0.99999999999995647926
14.400000 0.99999999999995647926
14.410000 0.99999999999995647926
14.420000 0.99999999999995670130
14.430000 0.99999999999995670130
14.440000 0.99999999999995670130
14.450000 0.99999999999995647926
14.460000 0.99999999999995670130
14.470000 0.99999999999995670130
14.480000 0.99999999999995692335
14.490000 0.99999999999995681232
14.500000 0.99999999999995692335
14.510000 0.99999999999995692335
14.520000 0.99999999999995692335
14.530000 0.99999999999995714539
14.540000 0.99999999999995681232
14.550000 0.99999999999995692335
14.560000 0.99999999999995703437
14.570000 0.99999999999995681232
14.580000 0.99999999999995714539
14.590000 0.99999999999995703437
14.600000 0.99999999999995692335
14.610000 0.99999999999995692335
14.620000 0.99999999999995703437
14.630000 0.99999999999995703437
14.640000 0.99999999999995692335
14.650000 0.99999999999995714539
14.660000 0.99999999999995714539
14.670000 0.99999999999995714539
14.680000 0.99999999999995714539
14.690000 0.99999999999995714539
14.700000 0.99999999999995736744
14.710000 0.99999999999995714539
14.720000 0.99999999999995692335
14.730000 0.99999999999995714539
14.740000 0.99999999999995703437
14.750000 0.99999999999995714539
14.760000 0.99999999999995714539
14.770000 0.99999999999995714539
14.780000 0.99999999999995714539
14.790000 0.99999999999995692335
14.800000 0.99999999999995692335
14.810000 0.99999999999995692335
14.820000 0.99999999999995692335
14.830000 0.99999999999995692335
14.840000 0.99999999999995692335
14.850000 0.99999999999995692335
14.860000 0.99999999999995714539
14.870000 0.99999999999995714539
14.880000 0.99999999999995714539
14.890000 0.99999999999995703437
14.900000 0.99999999999995714539
14.910000 0.99999999999995714539
14.920000 0.99999999999995692335
14.930000 0.99999999999995714539
14.940000 0.99999999999995703437
14.950000 0.99999999999995714539
14.960000 0.99999999999995703437
14.970000 0.99999999999995692335
14.980000 0.99999999999995714539
14.990000 0.99999999999995714539
15.000000 0.99999999999995703437
15.010000 0.99999999999995714539
15.020000 0.99999999999995714539
15.030000 0.99999999999995714539
15.040000 0.99999999999995725641
15.050000 0.99999999999995714539
15.060000 0.99999999999995725641
15.070000 0.99999999999995714539
15.080000 0.99999999999995736744
15.090000 0.99999999999995714539
15.100000 0.99999999999995714539
15.110000 0.99999999999995725641
15.120000 0.99999999999995714539
15.130000 0.99999999999995714539
15.140000 0.99999999999995714539
15.150000 0.99999999999995714539
15.160000 0.99999999999995714539
15.170000 0.99999999999995714539
15.180000 0.99999999999995714539
15.190000 0.99999999999995714539
15.200000 0.99999999999995714539
15.210000 0.99999999999995714539
15.220000 0.99999999999995703437
15.230000 0.99999999999995714539
15.240000 0.99999999999995725641
15.250000 0.99999999999995736744
15.260000 0.99999999999995736744
15.270000 0.99999999999995725641
15.280000 0.99999999999995714539
15.290000 0.99999999999995714539
15.300000 0.99999999999995714539
15.310000 0.99999999999995736744
15.320000 0.99999999999995714539
15.330000 0.99999999999995714539
15.340000 0.99999999999995714539
15.350000 0.99999999999995714539
15.360000 0.99999999999995714539
15.370000 0.99999999999995714539
15.380000 0.99999999999995714539
15.390000 0.99999999999995714539
15.400000 0.99999999999995714539
15.410000 0.99999999999995725641
15.420000 0.99999999999995725641
15.430000 0.99999999999995736744
15.440000 0.99999999999995736744
15.450000 0.99999999999995703437
15.460000 0.99999999999995725641
15.470000 0.99999999999995714539
15.480000 0.99999999999995725641
15.490000 0.99999999999995714539
15.500000 0.99999999999995714539
15.510000 0.99999999999995725641
15.520000 0.99999999999995714539
15.530000 0.99999999999995725641
15.540000 0.99999999999995714539
15.550000 0.99999999999995714539
15.560000 0.99999999999995725641
15.570000 0.99999999999995714539
15.580000 0.99999999999995714539
15.590000 0.99999999999995714539
15.600000 0.99999999999995714539
15.610000 0.99999999999995725641
15.620000 0.99999999999995725641
15.630000 0.99999999999995714539
15.640000 0.99999999999995714539
15.650000 0.99999999999995736744
15.660000 0.99999999999995714539
15.670000 0.99999999999995714539
15.680000 0.99999999999995736744
15.690000 0.99999999999995725641
15.700000 0.99999999999995714539
15.710000 0.99999999999995714539
15.720000 0.99999999999995714539
15.730000 0.99999999999995714539
15.740000 0.99999999999995714539
15.750000 0.99999999999995714539
15.760000 0.99999999999995714539
15.770000 0.99999999999995714539
15.780000 0.99999999999995714539
15.790000 0.99999999999995714539
15.800000 0.99999999999995692335
15.810000 0.99999999999995714539
15.820000 0.99999999999995714539
15.830000 0.99999999999995703437
15.840000 0.99999999999995714539
15.850000 0.99999999999995714539
15.860000 0.99999999999995714539
15.870000 0.99999999999995714539
15.880000 0.99999999999995714539
15.890000 0.99999999999995714539
15.900000 0.99999999999995692335
15.910000 0.99999999999995670130
15.920000 0.99999999999995670130
15.930000 0.99999999999995670130
15.940000 0.99999999999995659028
15.950000 0.99999999999995625721
15.960000 0.99999999999995581312
15.970000 0.99999999999995559108
15.980000 0.99999999999995525801
15.990000 0.99999999999995481392
16.000000 0.99999999999995436983
16.010000 0.99999999999995381472
16.020000 0.99999999999995337063
16.030000 0.99999999999995270450
16.040000 0.99999999999995214939
16.050000 0.99999999999995137223
16.060000 0.99999999999995081712
16.070000 0.99999999999995003996
16.080000 0.99999999999994937383
16.090000 0.99999999999994826361
16.100000 0.99999999999994737543
16.110000 0.99999999999994648725
16.120000 0.99999999999994571009
16.130000 0.99999999999994448885
16.140000 0.99999999999994348965
16.150000 0.99999999999994249045
16.160000 0.99999999999994160227
16.170000 0.99999999999994038102
16.180000 0.99999999999993938182
16.190000 0.99999999999993849364
16.200000 0.99999999999993760547
16.210000 0.99999999999993671729
16.220000 0.99999999999993571809
16.230000 0.99999999999993494093
16.240000 0.99999999999993405275
16.250000 0.99999999999993316457
16.260000 0.99999999999993249844
16.270000 0.99999999999993172128
16.280000 0.99999999999993083311
16.290000 0.99999999999993027799
16.300000 0.99999999999992938982
16.310000 0.99999999999992894573
16.320000 0.99999999999992816857
16.330000 0.99999999999992761346
16.340000 0.99999999999992694732
16.350000 0.99999999999992650324
16.360000 0.99999999999992594812
16.370000 0.99999999999992561506
16.380000 0.99999999999992494892
16.390000 0.99999999999992450483
16.400000 0.99999999999992406075
16.410000 0.99999999999992339461
16.420000 0.99999999999992317257
16.430000 0.99999999999992283950
16.440000 0.99999999999992228439
16.450000 0.99999999999992206234
16.460000 0.99999999999992161825
16.470000 0.99999999999992117417
16.480000 0.99999999999992095212
16.490000 0.99999999999992050803
16.500000 0.99999999999992028599
16.510000 0.99999999999991984190
16.520000 0.99999999999991984190
16.530000 0.99999999999991973088
16.540000 0.99999999999991906474
16.550000 0.99999999999991917576
16.560000 0.99999999999991895372
16.570000 0.99999999999991850963
16.580000 0.99999999999991850963
16.590000 0.99999999999991806554
16.600000 0.99999999999991806554
16.610000 0.99999999999991806554
16.620000 0.99999999999991762145
16.630000 0.99999999999991762145
16.640000 0.99999999999991728838
16.650000 0.99999999999991717736
16.660000 0.99999999999991728838
16.670000 0.99999999999991695532
16.680000 0.99999999999991695532
16.690000 0.99999999999991706634
16.700000 0.99999999999991673327
16.710000 0.99999999999991673327
16.720000 0.99999999999991673327
16.730000 0.99999999999991651123
16.740000 0.99999999999991662225
16.750000 0.99999999999991628918
16.760000 0.99999999999991640021
16.770000 0.99999999999991628918
16.780000 0.99999999999991628918
16.790000 0.99999999999991628918
16.800000 0.99999999999991628918
16.810000 0.99999999999991628918
16.820000 0.99999999999991628918
16.830000 0.99999999999991606714
16.840000 0.99999999999991628918
16.850000 0.99999999999991606714
16.860000 0.99999999999991617816
16.870000 0.99999999999991606714
16.880000 0.99999999999991606714
16.890000 0.99999999999991595612
16.900000 0.99999999999991595612
16.910000 0.99999999999991584509
16.920000 0.99999999999991595612
16.930000 0.99999999999991606714
16.940000 0.99999999999991595612
16.950000 0.99999999999991595612
16.960000 0.99999999999991595612
16.970000 0.99999999999991595612
16.980000 0.99999999999991606714
16.990000 0.99999999999991595612
17.000000 0.99999999999991606714
17.010000 0.99999999999991595612
17.020000 0.99999999999991595612
17.030000 0.99999999999991606714
17.040000 0.99999999999991584509
17.050000 0.99999999999991584509
17.060000 0.99999999999991584509
17.070000 0.99999999999991573407
17.080000 0.99999999999991584509
17.090000 0.99999999999991562305
17.100000 0.99999999999991573407
17.110000 0.99999999999991573407
17.120000 0.99999999999991562305
17.130000 0.99999999999991562305
17.140000 0.99999999999991540101
17.150000 0.99999999999991562305
17.160000 0.99999999999991562305
17.170000 0.99999999999991540101
17.180000 0.99999999999991540101
17.190000 0.99999999999991517896
17.200000 0.99999999999991517896
17.210000 0.99999999999991551203
17.220000 0.99999999999991562305
17.230000 0.99999999999991540101
17.240000 0.99999999999991540101
17.250000 0.99999999999991540101
17.260000 0.99999999999991540101
17.270000 0.99999999999991562305
17.280000 0.99999999999991562305
17.290000 0.99999999999991573407
17.300000 0.99999999999991540101
17.310000 0.99999999999991562305
17.320000 0.99999999999991562305
17.330000 0.99999999999991562305
17.340000 0.99999999999991562305
17.350000 0.99999999999991540101
17.360000 0.99999999999991551203
17.370000 0.99999999999991584509
17.380000 0.99999999999991562305
17.390000 0.99999999999991562305
17.400000 0.99999999999991584509
17.410000 0.99999999999991584509
17.420000 0.99999999999991562305
17.430000 0.99999999999991540101
17.440000 0.99999999999991562305
17.450000 0.99999999999991562305
17.460000 0.99999999999991540101
17.470000 0.99999999999991540101
17.480000 0.99999999999991573407
17.490000 0.99999999999991562305
17.500000 0.99999999999991562305
17.510000 0.99999999999991540101
17.520000 0.99999999999991540101
17.530000 0.99999999999991584509
17.540000 0.99999999999991562305
17.550000 0.99999999999991562305
17.560000 0.99999999999991573407
17.570000 0.99999999999991562305
17.580000 0.99999999999991584509
17.590000 0.99999999999991562305
17.600000 0.99999999999991584509
17.610000 0.99999999999991584509
17.620000 0.99999999999991584509
17.630000 0.99999999999991584509
17.640000 0.99999999999991562305
17.650000 0.99999999999991584509
17.660000 0.99999999999991584509
17.670000 0.99999999999991562305
17.680000 0.99999999999991584509
17.690000 0.99999999999991584509
17.700000 0.99999999999991562305
17.710000 0.99999999999991584509
17.720000 0.99999999999991595612
17.730000 0.99999999999991584509
17.740000 0.99999999999991584509
17.750000 0.99999999999991584509
17.760000 0.99999999999991595612
17.770000 0.99999999999991606714
17.780000 0.99999999999991584509
17.790000 0.99999999999991584509
17.800000 0.99999999999991584509
17.810000 0.99999999999991584509
17.820000 0.99999999999991595612
17.830000 0.99999999999991584509
17.840000 0.99999999999991595612
17.850000 0.99999999999991606714
17.860000 0.99999999999991595612
17.870000 0.99999999999991595612
17.880000 0.99999999999991595612
17.890000 0.99999999999991584509
17.900000 0.99999999999991595612
17.910000 0.99999999999991584509
17.920000 0.99999999999991584509
17.930000 0.99999999999991584509
17.940000 0.99999999999991573407
17.950000 0.99999999999991584509
17.960000 0.99999999999991562305
17.970000 0.99999999999991573407
17.980000 0.99999999999991584509
17.990000 0.99999999999991573407
18.000000 0.99999999999991584509
18.010000 0.99999999999991540101
18.020000 0.99999999999991584509
18.030000 0.99999999999991584509
18.040000 0.99999999999991584509
18.050000 0.99999999999991584509
18.060000 0.99999999999991584509
18.070000 0.99999999999991584509
18.080000 0.99999999999991584509
18.090000 0.99999999999991584509
18.100000 0.99999999999991573407
18.110000 0.99999999999991562305
18.120000 0.99999999999991562305
18.130000 0.99999999999991573407
18.140000 0.99999999999991584509
18.150000 0.99999999999991562305
18.160000 0.99999999999991562305
18.170000 0.99999999999991562305
18.180000 0.99999999999991562305
18.190000 0.99999999999991573407
18.200000 0.99999999999991562305
18.210000 0.99999999999991573407
18.220000 0.99999999999991584509
18.230000 0.99999999999991562305
18.240000 0.99999999999991584509
18.250000 0.99999999999991584509
18.260000 0.99999999999991584509
18.270000 0.99999999999991584509
18.280000 0.99999999999991584509
18.290000 0.99999999999991584509
18.300000 0.99999999999991595612
18.310000 0.99999999999991562305
18.320000 0.99999999999991584509
18.330000 0.99999999999991584509
18.340000 0.99999999999991562305
18.350000 0.99999999999991584509
18.360000 0.99999999999991584509
18.370000 0.99999999999991584509
18.380000 0.99999999999991584509
18.390000 0.99999999999991562305
18.400000 0.99999999999991584509
18.410000 0.99999999999991562305
18.420000 0.99999999999991584509
18.430000 0.99999999999991584509
18.440000 0.99999999999991562305
18.450000 0.99999999999991584509
18.460000 0.99999999999991584509
18.470000 0.99999999999991584509
18.480000 0.99999999999991584509
18.490000 0.99999999999991584509
18.500000 0.99999999999991584509
18.510000 0.99999999999991584509
18.520000 0.99999999999991584509
18.530000 0.99999999999991584509
18.540000 0.99999999999991584509
18.550000 0.99999999999991584509
18.560000 0.99999999999991584509
18.570000 0.99999999999991584509
18.580000 0.99999999999991584509
18.590000 0.99999999999991595612
18.600000 0.99999999999991584509
18.610000 0.99999999999991584509
18.620000 0.99999999999991584509
18.630000 0.99999999999991584509
18.640000 0.99999999999991584509
18.650000 0.99999999999991573407
18.660000 0.99999999999991584509
18.670000 0.99999999999991584509
18.680000 0.99999999999991584509
18.690000 0.99999999999991584509
18.700000 0.99999999999991562305
18.710000 0.99999999999991606714
18.720000 0.99999999999991595612
18.730000 0.99999999999991584509
18.740000 0.99999999999991584509
18.750000 0.99999999999991584509
18.760000 0.99999999999991595612
18.770000 0.99999999999991595612
18.780000 0.99999999999991584509
18.790000 0.99999999999991584509
18.800000 0.99999999999991573407
18.810000 0.99999999999991584509
18.820000 0.99999999999991584509
18.830000 0.99999999999991584509
18.840000 0.99999999999991573407
18.850000 0.99999999999991573407
18.860000 0.99999999999991562305
18.870000 0.99999999999991584509
18.880000 0.99999999999991606714
18.890000 0.99999999999991584509
18.900000 0.99999999999991606714
18.910000 0.99999999999991562305
18.920000 0.99999999999991595612
18.930000 0.99999999999991595612
18.940000 0.99999999999991584509
18.950000 0.99999999999991584509
18.960000 0.99999999999991584509
18.970000 0.99999999999991584509
18.980000 0.99999999999991584509
18.990000 0.99999999999991584509
19.000000 0.99999999999991595612
19.010000 0.99999999999991584509
19.020000 0.99999999999991595612
19.030000 0.99999999999991584509
19.040000 0.99999999999991606714
19.050000 0.99999999999991584509
19.060000 0.99999999999991584509
19.070000 0.99999999999991584509
19.080000 0.99999999999991606714
19.090000 0.99999999999991606714
19.100000 0.99999999999991606714
19.110000 0.99999999999991606714
19.120000 0.99999999999991606714
19.130000 0.99999999999991606714
19.140000 0.99999999999991606714
19.150000 0.99999999999991606714
19.160000 0.99999999999991606714
19.170000 0.99999999999991595612
19.180000 0.99999999999991584509
19.190000 0.99999999999991606714
19.200000 0.99999999999991562305
19.210000 0.99999999999991584509
19.220000 0.99999999999991584509
19.230000 0.99999999999991562305
19.240000 0.99999999999991562305
19.250000 0.99999999999991540101
19.260000 0.99999999999991562305
19.270000 0.99999999999991562305
19.280000 0.99999999999991540101
19.290000 0.99999999999991540101
19.300000 0.99999999999991562305
19.310000 0.99999999999991562305
19.320000 0.99999999999991573407
19.330000 0.99999999999991584509
19.340000 0.99999999999991584509
19.350000 0.99999999999991584509
19.360000 0.99999999999991584509
19.370000 0.99999999999991584509
19.380000 0.99999999999991584509
19.390000 0.99999999999991584509
19.400000 0.99999999999991584509
19.410000 0.99999999999991562305
19.420000 0.99999999999991584509
19.430000 0.99999999999991573407
19.440000 0.99999999999991562305
19.450000 0.99999999999991584509
19.460000 0.99999999999991584509
19.470000 0.99999999999991584509
19.480000 0.99999999999991584509
19.490000 0.99999999999991584509
19.500000 0.99999999999991606714
19.510000 0.99999999999991606714
19.520000 0.99999999999991584509
19.530000 0.99999999999991606714
19.540000 0.99999999999991617816
19.550000 0.99999999999991606714
19.560000 0.99999999999991606714
19.570000 0.99999999999991595612
19.580000 0.99999999999991606714
19.590000 0.99999999999991628918
19.600000 0.99999999999991606714
19.610000 0.99999999999991606714
19.620000 0.99999999999991617816
19.630000 0.99999999999991606714
19.640000 0.99999999999991606714
19.650000 0.99999999999991606714
19.660000 0.99999999999991606714
19.670000 0.99999999999991628918
19.680000 0.99999999999991606714
19.690000 0.99999999999991628918
19.700000 0.99999999999991606714
19.710000 0.99999999999991595612
19.720000 0.99999999999991595612
19.730000 0.99999999999991584509
19.740000 0.99999999999991584509
19.750000 0.99999999999991606714
19.760000 0.99999999999991584509
19.770000 0.99999999999991584509
19.780000 0.99999999999991584509
19.790000 0.99999999999991595612
19.800000 0.99999999999991606714
19.810000 0.99999999999991584509
19.820000 0.99999999999991584509
19.830000 0.99999999999991584509
19.840000 0.99999999999991584509
19.850000 0.99999999999991584509
19.860000 0.99999999999991584509
19.870000 0.99999999999991584509
19.880000 0.99999999999991584509
19.890000 0.99999999999991562305
19.900000 0.99999999999991584509
19.910000 0.99999999999991584509
19.920000 0.99999999999991584509
19.930000 0.99999999999991584509
19.940000 0.99999999999991562305
19.950000 0.99999999999991562305
19.960000 0.99999999999991584509
19.970000 0.99999999999991562305
19.980000 0.99999999999991562305
19.990000 0.99999999999991562305
20.000000 0.99999999999991562305
20.010000 0.99999999999991573407
20.020000 0.99999999999991540101
20.030000 0.99999999999991573407
20.040000 0.99999999999991573407
20.050000 0.99999999999991562305
20.060000 0.99999999999991584509
20.070000 0.99999999999991562305
20.080000 0.99999999999991584509
20.090000 0.99999999999991584509
20.100000 0.99999999999991584509
20.110000 0.99999999999991584509
20.120000 0.99999999999991573407
20.130000 0.99999999999991562305
20.140000 0.99999999999991584509
20.150000 0.99999999999991562305
20.160000 0.99999999999991584509
20.170000 0.99999999999991562305
20.180000 0.99999999999991562305
20.190000 0.99999999999991584509
20.200000 0.99999999999991584509
20.210000 0.99999999999991584509
20.220000 0.99999999999991584509
20.230000 0.99999999999991584509
20.240000 0.99999999999991584509
20.250000 0.99999999999991584509
20.260000 0.99999999999991584509
20.270000 0.99999999999991584509
20.280000 0.99999999999991584509
20.290000 0.99999999999991562305
20.300000 0.99999999999991584509
20.310000 0.99999999999991562305
20.320000 0.99999999999991584509
20.330000 0.99999999999991562305
20.340000 0.99999999999991562305
20.350000 0.99999999999991584509
20.360000 0.99999999999991562305
20.370000 0.99999999999991584509
20.380000 0.99999999999991584509
20.390000 0.99999999999991584509
20.400000 0.99999999999991584509
20.410000 0.99999999999991584509
20.420000 0.99999999999991584509
20.430000 0.99999999999991584509
20.440000 0.99999999999991562305
20.450000 0.99999999999991584509
20.460000 0.99999999999991584509
20.470000 0.99999999999991562305
20.480000 0.99999999999991562305
20.490000 0.99999999999991540101
20.500000 0.99999999999991562305
20.510000 0.99999999999991584509
20.520000 0.99999999999991562305
20.530000 0.99999999999991562305
20.540000 0.99999999999991562305
20.550000 0.99999999999991540101
20.560000 0.99999999999991562305
20.570000 0.99999999999991540101
20.580000 0.99999999999991562305
20.590000 0.99999999999991573407
20.600000 0.99999999999991562305
20.610000 0.99999999999991584509
20.620000 0.99999999999991562305
20.630000 0.99999999999991584509
20.640000 0.99999999999991584509
20.650000 0.99999999999991584509
20.660000 0.99999999999991584509
20.670000 0.99999999999991562305
20.680000 0.99999999999991584509
20.690000 0.99999999999991584509
20.700000 0.99999999999991584509
20.710000 0.99999999999991584509
20.720000 0.99999999999991584509
20.730000 0.99999999999991562305
20.740000 0.99999999999991562305
20.750000 0.99999999999991584509
20.760000 0.99999999999991584509
20.770000 0.99999999999991584509
20.780000 0.99999999999991562305
20.790000 0.99999999999991584509
20.800000 0.99999999999991584509
20.810000 0.99999999999991562305
20.820000 0.99999999999991584509
20.830000 0.99999999999991573407
20.840000 0.99999999999991562305
20.850000 0.99999999999991584509
20.860000 0.99999999999991573407
20.870000 0.99999999999991562305
20.880000 0.99999999999991584509
20.890000 0.99999999999991584509
20.900000 0.99999999999991584509
20.910000 0.99999999999991584509
20.920000 0.99999999999991584509
20.930000 0.99999999999991584509
20.940000 0.99999999999991562305
20.950000 0.99999999999991584509
20.960000 0.99999999999991595612
20.970000 0.99999999999991562305
20.980000 0.99999999999991584509
20.990000 0.99999999999991584509
21.000000 0.99999999999991562305
21.010000 0.99999999999991584509
21.020000 0.99999999999991584509
21.030000 0.99999999999991584509
21.040000 0.99999999999991584509
21.050000 0.99999999999991584509
21.060000 0.99999999999991584509
21.070000 0.99999999999991562305
21.080000 0.99999999999991584509
21.090000 0.99999999999991573407
21.100000 0.99999999999991562305
21.110000 0.99999999999991562305
21.120000 0.99999999999991573407
21.130000 0.99999999999991540101
21.140000 0.99999999999991562305
21.150000 0.99999999999991562305
21.160000 0.99999999999991573407
21.170000 0.99999999999991573407
21.180000 0.99999999999991540101
21.190000 0.99999999999991562305
21.200000 0.99999999999991562305
21.210000 0.99999999999991562305
21.220000 0.99999999999991562305
21.230000 0.99999999999991540101
21.240000 0.99999999999991562305
21.250000 0.99999999999991562305
21.260000 0.99999999999991562305
21.270000 0.99999999999991584509
21.280000 0.99999999999991562305
21.290000 0.99999999999991562305
21.300000 0.99999999999991540101
21.310000 0.99999999999991540101
21.320000 0.99999999999991540101
21.330000 0.99999999999991551203
21.340000 0.99999999999991540101
21.350000 0.99999999999991562305
21.360000 0.99999999999991562305
21.370000 0.99999999999991540101
21.380000 0.99999999999991540101
21.390000 0.99999999999991540101
21.400000 0.99999999999991584509
21.410000 0.99999999999991584509
21.420000 0.99999999999991562305
21.430000 0.99999999999991562305
21.440000 0.99999999999991562305
21.450000 0.99999999999991562305
21.460000 0.99999999999991584509
21.470000 0.99999999999991584509
21.480000 0.99999999999991562305
21.490000 0.99999999999991562305
21.500000 0.99999999999991573407
21.510000 0.99999999999991584509
21.520000 0.99999999999991584509
21.530000 0.99999999999991584509
21.540000 0.99999999999991584509
21.550000 0.99999999999991584509
21.560000 0.99999999999991584509
21.570000 0.99999999999991606714
21.580000 0.99999999999991584509
21.590000 0.99999999999991606714
21.600000 0.99999999999991584509
21.610000 0.99999999999991606714
21.620000 0.99999999999991606714
21.630000 0.99999999999991584509
21.640000 0.99999999999991606714
21.650000 0.99999999999991595612
21.660000 0.99999999999991606714
21.670000 0.99999999999991628918
21.680000 0.99999999999991606714
21.690000 0.99999999999991617816
21.700000 0.99999999999991628918
21.710000 0.99999999999991606714
21.720000 0.99999999999991606714
21.730000 0.99999999999991595612
21.740000 0.99999999999991606714
21.750000 0.99999999999991606714
21.760000 0.99999999999991606714
21.770000 0.99999999999991606714
21.780000 0.99999999999991584509
21.790000 0.99999999999991573407
21.800000 0.99999999999991584509
21.810000 0.99999999999991584509
21.820000 0.99999999999991584509
21.830000 0.99999999999991584509
21.840000 0.99999999999991562305
21.850000 0.99999999999991562305
21.860000 0.99999999999991573407
21.870000 0.99999999999991540101
21.880000 0.99999999999991562305
21.890000 0.99999999999991562305
21.900000 0.99999999999991573407
21.910000 0.99999999999991584509
21.920000 0.99999999999991562305
21.930000 0.99999999999991573407
21.940000 0.99999999999991562305
21.950000 0.99999999999991562305
21.960000 0.99999999999991562305
21.970000 0.99999999999991584509
21.980000 0.99999999999991562305
21.990000 0.99999999999991540101
22.000000 0.99999999999991562305
22.010000 0.99999999999991584509
22.020000 0.99999999999991584509
22.030000 0.99999999999991584509
22.040000 0.99999999999991584509
22.050000 0.99999999999991584509
22.060000 0.99999999999991584509
22.070000 0.99999999999991606714
22.080000 0.99999999999991584509
22.090000 0.99999999999991584509
22.100000 0.99999999999991584509
22.110000 0.99999999999991584509
22.120000 0.99999999999991584509
22.130000 0.99999999999991562305
22.140000 0.99999999999991562305
22.150000 0.99999999999991562305
22.160000 0.99999999999991584509
22.170000 0.99999999999991584509
22.180000 0.99999999999991562305
22.190000 0.99999999999991584509
22.200000 0.99999999999991584509
22.210000 0.99999999999991584509
22.220000 0.99999999999991584509
22.230000 0.99999999999991584509
22.240000 0.99999999999991584509
22.250000 0.99999999999991595612
22.260000 0.99999999999991584509
22.270000 0.99999999999991584509
22.280000 0.99999999999991584509
22.290000 0.99999999999991584509
22.300000 0.99999999999991584509
22.310000 0.99999999999991584509
22.320000 0.99999999999991584509
22.330000 0.99999999999991584509
22.340000 0.99999999999991562305
22.350000 0.99999999999991562305
22.360000 0.99999999999991584509
22.370000 0.99999999999991540101
22.380000 0.99999999999991562305
22.390000 0.99999999999991562305
22.400000 0.99999999999991562305
22.410000 0.99999999999991573407
22.420000 0.99999999999991562305
22.430000 0.99999999999991573407
22.440000 0.99999999999991540101
22.450000 0.99999999999991540101
22.460000 0.99999999999991584509
22.470000 0.99999999999991562305
22.480000 0.99999999999991562305
22.490000 0.99999999999991540101
22.500000 0.99999999999991551203
22.510000 0.99999999999991573407
22.520000 0.99999999999991540101
22.530000 0.99999999999991540101
22.540000 0.99999999999991562305
22.550000 0.99999999999991540101
22.560000 0.99999999999991551203
22.570000 0.99999999999991562305
22.580000 0.99999999999991562305
22.590000 0.99999999999991573407
22.600000 0.99999999999991562305
22.610000 0.99999999999991573407
22.620000 0.99999999999991573407
22.630000 0.99999999999991573407
22.640000 0.99999999999991573407
22.650000 0.99999999999991573407
22.660000 0.99999999999991573407
22.670000 0.99999999999991584509
22.680000 0.99999999999991584509
22.690000 0.99999999999991584509
22.700000 0.99999999999991584509
22.710000 0.99999999999991584509
22.720000 0.99999999999991584509
22.730000 0.99999999999991595612
22.740000 0.99999999999991584509
22.750000 0.99999999999991595612
22.760000 0.99999999999991595612
22.770000 0.99999999999991606714
22.780000 0.99999999999991595612
22.790000 0.99999999999991595612
22.800000 0.99999999999991606714
22.810000 0.99999999999991606714
22.820000 0.99999999999991595612
22.830000 0.99999999999991628918
22.840000 0.99999999999991584509
22.850000 0.99999999999991606714
22.860000 0.99999999999991606714
22.870000 0.99999999999991606714
22.880000 0.99999999999991606714
22.890000 0.99999999999991628918
22.900000 0.99999999999991606714
22.910000 0.99999999999991606714
22.920000 0.99999999999991595612
22.930000 0.99999999999991606714
22.940000 0.99999999999991606714
22.950000 0.99999999999991606714
22.960000 0.99999999999991606714
22.970000 0.99999999999991617816
22.980000 0.99999999999991595612
22.990000 0.99999999999991606714
23.000000 0.99999999999991584509
23.010000 0.99999999999991606714
23.020000 0.99999999999991606714
23.030000 0.99999999999991595612
23.040000 0.99999999999991595612
23.050000 0.99999999999991584509
23.060000 0.99999999999991584509
23.070000 0.99999999999991595612
23.080000 0.99999999999991584509
23.090000 0.99999999999991595612
23.100000 0.99999999999991595612
23.110000 0.99999999999991584509
23.120000 0.99999999999991606714
23.130000 0.99999999999991628918
23.140000 0.99999999999991606714
23.150000 0.99999999999991584509
23.160000 0.99999999999991606714
23.170000 0.99999999999991606714
23.180000 0.99999999999991606714
23.190000 0.99999999999991606714
23.200000 0.99999999999991606714
23.210000 0.99999999999991584509
23.220000 0.99999999999991584509
23.230000 0.99999999999991584509
23.240000 0.99999999999991584509
23.250000 0.99999999999991562305
23.260000 0.99999999999991562305
23.270000 0.99999999999991562305
23.280000 0.99999999999991584509
23.290000 0.99999999999991562305
23.300000 0.99999999999991584509
23.310000 0.99999999999991584509
23.320000 0.99999999999991562305
23.330000 0.99999999999991562305
23.340000 0.99999999999991540101
23.350000 0.99999999999991562305
23.360000 0.99999999999991562305
23.370000 0.99999999999991562305
23.380000 0.99999999999991562305
23.390000 0.99999999999991562305
23.400000 0.99999999999991540101
23.410000 0.99999999999991540101
23.420000 0.99999999999991540101
23.430000 0.99999999999991551203
23.440000 0.99999999999991562305
23.450000 0.99999999999991540101
23.460000 0.99999999999991562305
23.470000 0.99999999999991562305
23.480000 0.99999999999991540101
23.490000 0.99999999999991551203
23.500000 0.99999999999991540101
23.510000 0.99999999999991540101
23.520000 0.99999999999991562305
23.530000 0.99999999999991540101
23.540000 0.99999999999991551203
23.550000 0.99999999999991540101
23.560000 0.99999999999991540101
23.570000 0.99999999999991562305
23.580000 0.99999999999991540101
23.590000 0.99999999999991562305
23.600000 0.99999999999991540101
23.610000 0.99999999999991551203
23.620000 0.99999999999991584509
23.630000 0.99999999999991584509
23.640000 0.99999999999991584509
23.650000 0.99999999999991562305
23.660000 0.99999999999991562305
23.670000 0.99999999999991584509
23.680000 0.99999999999991584509
23.690000 0.99999999999991584509
23.700000 0.99999999999991584509
23.710000 0.99999999999991584509
23.720000 0.99999999999991584509
23.730000 0.99999999999991606714
23.740000 0.99999999999991584509
23.750000 0.99999999999991584509
23.760000 0.99999999999991584509
23.770000 0.99999999999991584509
23.780000 0.99999999999991606714
23.790000 0.99999999999991584509
23.800000 0.99999999999991584509
23.810000 0.99999999999991606714
23.820000 0.99999999999991584509
23.830000 0.99999999999991606714
23.840000 0.99999999999991584509
23.850000 0.99999999999991606714
23.860000 0.99999999999991606714
23.870000 0.99999999999991595612
23.880000 0.99999999999991595612
23.890000 0.99999999999991595612
23.900000 0.99999999999991606714
23.910000 0.99999999999991606714
23.920000 0.99999999999991606714
23.930000 0.99999999999991606714
23.940000 0.99999999999991584509
23.950000 0.99999999999991595612
23.960000 0.99999999999991595612
23.970000 0.99999999999991606714
23.980000 0.99999999999991584509
23.990000 0.99999999999991584509
24.000000 0.99999999999991584509
24.010000 0.99999999999991584509
24.020000 0.99999999999991584509
24.030000 0.99999999999991584509
24.040000 0.99999999999991584509
24.050000 0.99999999999991562305
24.060000 0.99999999999991584509
24.070000 0.99999999999991584509
24.080000 0.99999999999991584509
24.090000 0.99999999999991584509
24.100000 0.99999999999991562305
24.110000 0.99999999999991584509
24.120000 0.99999999999991584509
24.130000 0.99999999999991584509
24.140000 0.99999999999991584509
24.150000 0.99999999999991584509
24.160000 0.99999999999991584509
24.170000 0.99999999999991584509
24.180000 0.99999999999991584509
24.190000 0.99999999999991573407
24.200000 0.99999999999991573407
24.210000 0.99999999999991562305
24.220000 0.99999999999991562305
24.230000 0.99999999999991584509
24.240000 0.99999999999991562305
24.250000 0.99999999999991540101
24.260000 0.99999999999991562305
24.270000 0.99999999999991562305
24.280000 0.99999999999991562305
24.290000 0.99999999999991540101
24.300000 0.99999999999991584509
24.310000 0.99999999999991584509
24.320000 0.99999999999991562305
24.330000 0.99999999999991573407
24.340000 0.99999999999991562305
24.350000 0.99999999999991584509
24.360000 0.99999999999991584509
24.370000 0.99999999999991584509
24.380000 0.99999999999991584509
24.390000 0.99999999999991584509
24.400000 0.99999999999991584509
24.410000 0.99999999999991584509
24.420000 0.99999999999991584509
24.430000 0.99999999999991584509
24.440000 0.99999999999991595612
24.450000 0.99999999999991562305
24.460000 0.99999999999991584509
24.470000 0.99999999999991584509
24.480000 0.99999999999991584509
24.490000 0.99999999999991584509
24.500000 0.99999999999991573407
24.510000 0.99999999999991584509
24.520000 0.99999999999991584509
24.530000 0.99999999999991584509
24.540000 0.99999999999991584509
24.550000 0.99999999999991606714
24.560000 0.99999999999991584509
24.570000 0.99999999999991584509
24.580000 0.99999999999991584509
24.590000 0.99999999999991573407
24.600000 0.99999999999991573407
24.610000 0.99999999999991540101
24.620000 0.99999999999991562305
24.630000 0.99999999999991562305
24.640000 0.99999999999991562305
24.650000 0.99999999999991573407
24.660000 0.99999999999991540101
24.670000 0.99999999999991562305
24.680000 0.99999999999991562305
24.690000 0.99999999999991562305
24.700000 0.99999999999991562305
24.710000 0.99999999999991562305
24.720000 0.99999999999991562305
24.730000 0.99999999999991584509
24.740000 0.99999999999991562305
24.750000 0.99999999999991584509
24.760000 0.99999999999991584509
24.770000 0.99999999999991562305
24.780000 0.99999999999991584509
24.790000 0.99999999999991562305
24.800000 0.99999999999991540101
24.810000 0.99999999999991584509
24.820000 0.99999999999991540101
24.830000 0.99999999999991562305
24.840000 0.99999999999991573407
24.850000 0.99999999999991551203
24.860000 0.99999999999991562305
24.870000 0.99999999999991540101
24.880000 0.99999999999991551203
24.890000 0.99999999999991562305
24.900000 0.99999999999991562305
24.910000 0.99999999999991562305
24.920000 0.99999999999991540101
24.930000 0.99999999999991562305
24.940000 0.99999999999991573407
24.950000 0.99999999999991562305
24.960000 0.99999999999991562305
24.970000 0.99999999999991562305
24.980000 0.99999999999991562305
24.990000 0.99999999999991562305
25.000000 0.99999999999991562305
25.010000 0.99999999999991562305
25.020000 0.99999999999991540101
25.030000 0.99999999999991562305
25.040000 0.99999999999991562305
25.050000 0.99999999999991573407
25.060000 0.99999999999991562305
25.070000 0.99999999999991562305
25.080000 0.99999999999991562305
25.090000 0.99999999999991562305
25.100000 0.99999999999991584509
25.110000 0.99999999999991562305
25.120000 0.99999999999991573407
25.130000 0.99999999999991584509
25.140000 0.99999999999991562305
25.150000 0.99999999999991562305
25.160000 0.99999999999991540101
25.170000 0.99999999999991551203
25.180000 0.99999999999991540101
25.190000 0.99999999999991551203
25.200000 0.99999999999991551203
25.210000 0.99999999999991540101
25.220000 0.99999999999991540101
25.230000 0.99999999999991562305
25.240000 0.99999999999991562305
25.250000 0.99999999999991562305
25.260000 0.99999999999991562305
25.270000 0.99999999999991562305
25.280000 0.99999999999991584509
25.290000 0.99999999999991584509
25.300000 0.99999999999991584509
25.310000 0.99999999999991584509
25.320000 0.99999999999991584509
25.330000 0.99999999999991606714
25.340000 0.99999999999991595612
25.350000 0.99999999999991595612
25.360000 0.99999999999991595612
25.370000 0.99999999999991595612
25.380000 0.99999999999991595612
25.390000 0.99999999999991606714
25.400000 0.99999999999991606714
25.410000 0.99999999999991606714
25.420000 0.99999999999991606714
25.430000 0.99999999999991628918
25.440000 0.99999999999991640021
25.450000 0.99999999999991606714
25.460000 0.99999999999991640021
25.470000 0.99999999999991651123
25.480000 0.99999999999991640021
25.490000 0.99999999999991651123
25.500000 0.99999999999991628918
25.510000 0.99999999999991651123
25.520000 0.99999999999991651123
25.530000 0.99999999999991640021
25.540000 0.99999999999991640021
25.550000 0.99999999999991651123
25.560000 0.99999999999991640021
25.570000 0.99999999999991628918
25.580000 0.99999999999991628918
25.590000 0.99999999999991628918
25.600000 0.99999999999991628918
25.610000 0.99999999999991606714
25.620000 0.99999999999991628918
25.630000 0.99999999999991628918
25.640000 0.99999999999991617816
25.650000 0.99999999999991628918
25.660000 0.99999999999991628918
25.670000 0.99999999999991606714
25.680000 0.99999999999991617816
25.690000 0.99999999999991584509
25.700000 0.99999999999991584509
25.710000 0.99999999999991584509
25.720000 0.99999999999991584509
25.730000 0.99999999999991606714
25.740000 0.99999999999991584509
25.750000 0.99999999999991584509
25.760000 0.99999999999991562305
25.770000 0.99999999999991573407
25.780000 0.99999999999991562305
25.790000 0.99999999999991584509
25.800000 0.99999999999991584509
25.810000 0.99999999999991584509
25.820000 0.99999999999991562305
25.830000 0.99999999999991562305
25.840000 0.99999999999991584509
25.850000 0.99999999999991562305
25.860000 0.99999999999991562305
25.870000 0.99999999999991562305
25.880000 0.99999999999991562305
25.890000 0.99999999999991584509
25.900000 0.99999999999991584509
25.910000 0.99999999999991584509
25.920000 0.99999999999991562305
25.930000 0.99999999999991584509
25.940000 0.99999999999991584509
25.950000 0.99999999999991562305
25.960000 0.99999999999991584509
25.970000 0.99999999999991584509
25.980000 0.99999999999991584509
25.990000 0.99999999999991595612
26.000000 0.99999999999991584509
26.010000 0.99999999999991584509
26.020000 0.99999999999991584509
26.030000 0.99999999999991584509
26.040000 0.99999999999991584509
26.050000 0.99999999999991584509
26.060000 0.99999999999991573407
26.070000 0.99999999999991584509
26.080000 0.99999999999991584509
26.090000 0.99999999999991584509
26.100000 0.99999999999991584509
26.110000 0.99999999999991584509
26.120000 0.99999999999991584509
26.130000 0.99999999999991595612
26.140000 0.99999999999991584509
26.150000 0.99999999999991584509
26.160000 0.99999999999991584509
26.170000 0.99999999999991573407
26.180000 0.99999999999991584509
26.190000 0.99999999999991573407
26.200000 0.99999999999991584509
26.210000 0.99999999999991595612
26.220000 0.99999999999991584509
26.230000 0.99999999999991584509
26.240000 0.99999999999991562305
26.250000 0.99999999999991584509
26.260000 0.99999999999991584509
26.270000 0.99999999999991584509
26.280000 0.99999999999991584509
26.290000 0.99999999999991584509
26.300000 0.99999999999991562305
26.310000 0.99999999999991584509
26.320000 0.99999999999991584509
26.330000 0.99999999999991562305
26.340000 0.99999999999991584509
26.350000 0.99999999999991562305
26.360000 0.99999999999991584509
26.370000 0.99999999999991584509
26.380000 0.99999999999991584509
26.390000 0.99999999999991584509
26.400000 0.99999999999991584509
26.410000 0.99999999999991584509
26.420000 0.99999999999991584509
26.430000 0.99999999999991562305
26.440000 0.99999999999991584509
26.450000 0.99999999999991584509
26.460000 0.99999999999991595612
26.470000 0.99999999999991584509
26.480000 0.99999999999991584509
26.490000 0.99999999999991584509
26.500000 0.99999999999991584509
26.510000 0.99999999999991584509
26.520000 0.99999999999991584509
26.530000 0.99999999999991584509
26.540000 0.99999999999991584509
26.550000 0.99999999999991584509
26.560000 0.99999999999991584509
26.570000 0.99999999999991584509
26.580000 0.99999999999991562305
26.590000 0.99999999999991584509
26.600000 0.99999999999991595612
26.610000 0.99999999999991606714
26.620000 0.99999999999991584509
26.630000 0.99999999999991595612
26.640000 0.99999999999991584509
26.650000 0.99999999999991584509
26.660000 0.99999999999991595612
26.670000 0.99999999999991584509
26.680000 0.99999999999991606714
26.690000 0.99999999999991584509
26.700000 0.99999999999991584509
26.710000 0.99999999999991606714
26.720000 0.99999999999991584509
26.730000 0.99999999999991617816
26.740000 0.99999999999991584509
26.750000 0.99999999999991595612
26.760000 0.99999999999991606714
26.770000 0.99999999999991595612
26.780000 0.99999999999991606714
26.790000 0.99999999999991606714
26.800000 0.99999999999991606714
26.810000 0.99999999999991606714
26.820000 0.99999999999991595612
26.830000 0.99999999999991606714
26.840000 0.99999999999991628918
26.850000 0.99999999999991606714
26.860000 0.99999999999991606714
26.870000 0.99999999999991584509
26.880000 0.99999999999991584509
26.890000 0.99999999999991628918
26.900000 0.99999999999991606714
26.910000 0.99999999999991606714
26.920000 0.99999999999991584509
26.930000 0.99999999999991606714
26.940000 0.99999999999991628918
26.950000 0.99999999999991606714
26.960000 0.99999999999991606714
26.970000 0.99999999999991617816
26.980000 0.99999999999991606714
26.990000 0.99999999999991606714
27.000000 0.99999999999991617816
27.010000 0.99999999999991606714
27.020000 0.99999999999991628918
27.030000 0.99999999999991606714
27.040000 0.99999999999991628918
27.050000 0.99999999999991628918
27.060000 0.99999999999991628918
27.070000 0.99999999999991628918
27.080000 0.99999999999991617816
27.090000 0.99999999999991617816
27.100000 0.99999999999991628918
27.110000 0.99999999999991628918
27.120000 0.99999999999991628918
27.130000 0.99999999999991628918
27.140000 0.99999999999991628918
27.150000 0.99999999999991628918
27.160000 0.99999999999991628918
27.170000 0.99999999999991628918
27.180000 0.99999999999991628918
27.190000 0.99999999999991606714
27.200000 0.99999999999991617816
27.210000 0.99999999999991628918
27.220000 0.99999999999991617816
27.230000 0.99999999999991617816
27.240000 0.99999999999991617816
27.250000 0.99999999999991628918
27.260000 0.99999999999991617816
27.270000 0.99999999999991606714
27.280000 0.99999999999991617816
27.290000 0.99999999999991628918
27.300000 0.99999999999991628918
27.310000 0.99999999999991628918
27.320000 0.99999999999991606714
27.330000 0.99999999999991606714
27.340000 0.99999999999991617816
27.350000 0.99999999999991606714
27.360000 0.99999999999991606714
27.370000 0.99999999999991584509
27.380000 0.99999999999991595612
27.390000 0.99999999999991595612
27.400000 0.99999999999991584509
27.410000 0.99999999999991584509
27.420000 0.99999999999991606714
27.430000 0.99999999999991584509
27.440000 0.99999999999991584509
27.450000 0.99999999999991606714
27.460000 0.99999999999991584509
27.470000 0.99999999999991584509
27.480000 0.99999999999991584509
27.490000 0.99999999999991595612
27.500000 0.99999999999991595612
27.510000 0.99999999999991584509
27.520000 0.99999999999991595612
27.530000 0.99999999999991584509
27.540000 0.99999999999991584509
27.550000 0.99999999999991606714
27.560000 0.99999999999991595612
27.570000 0.99999999999991606714
27.580000 0.99999999999991606714
27.590000 0.99999999999991584509
27.600000 0.99999999999991584509
27.610000 0.99999999999991562305
27.620000 0.99999999999991584509
27.630000 0.99999999999991584509
27.640000 0.99999999999991584509
27.650000 0.99999999999991595612
27.660000 0.99999999999991584509
27.670000 0.99999999999991584509
27.680000 0.99999999999991584509
27.690000 0.99999999999991562305
27.700000 0.99999999999991584509
27.710000 0.99999999999991584509
27.720000 0.99999999999991584509
27.730000 0.99999999999991584509
27.740000 0.99999999999991595612
27.750000 0.99999999999991562305
27.760000 0.99999999999991584509
27.770000 0.99999999999991562305
27.780000 0.99999999999991584509
27.790000 0.99999999999991584509
27.800000 0.99999999999991584509
27.810000 0.99999999999991584509
27.820000 0.99999999999991584509
27.830000 0.99999999999991584509
27.840000 0.99999999999991584509
27.850000 0.99999999999991562305
27.860000 0.99999999999991584509
27.870000 0.99999999999991584509
27.880000 0.99999999999991584509
27.890000 0.99999999999991584509
27.900000 0.99999999999991562305
27.910000 0.99999999999991562305
27.920000 0.99999999999991595612
27.930000 0.99999999999991584509
27.940000 0.99999999999991584509
27.950000 0.99999999999991584509
27.960000 0.99999999999991584509
27.970000 0.99999999999991584509
27.980000 0.99999999999991595612
27.990000 0.99999999999991584509
28.000000 0.99999999999991584509
28.010000 0.99999999999991584509
28.020000 0.99999999999991584509
28.030000 0.99999999999991595612
28.040000 0.99999999999991584509
28.050000 0.99999999999991584509
28.060000 0.99999999999991584509
28.070000 0.99999999999991584509
28.080000 0.99999999999991595612
28.090000 0.99999999999991584509
28.100000 0.99999999999991595612
28.110000 0.99999999999991606714
28.120000 0.99999999999991584509
28.130000 0.99999999999991595612
28.140000 0.99999999999991584509
28.150000 0.99999999999991584509
28.160000 0.99999999999991584509
28.170000 0.99999999999991584509
28.180000 0.99999999999991584509
28.190000 0.99999999999991562305
28.200000 0.99999999999991562305
28.210000 0.99999999999991573407
28.220000 0.99999999999991584509
28.230000 0.99999999999991573407
28.240000 0.99999999999991562305
28.250000 0.99999999999991562305
28.260000 0.99999999999991573407
28.270000 0.99999999999991584509
28.280000 0.99999999999991573407
28.290000 0.99999999999991584509
28.300000 0.99999999999991584509
28.310000 0.99999999999991584509
28.320000 0.99999999999991584509
28.330000 0.99999999999991584509
28.340000 0.99999999999991584509
28.350000 0.99999999999991584509
28.360000 0.99999999999991584509
28.370000 0.99999999999991584509
28.380000 0.99999999999991584509
28.390000 0.99999999999991584509
28.400000 0.99999999999991562305
28.410000 0.99999999999991562305
28.420000 0.99999999999991584509
28.430000 0.99999999999991562305
28.440000 0.99999999999991584509
28.450000 0.99999999999991584509
28.460000 0.99999999999991562305
28.470000 0.99999999999991584509
28.480000 0.99999999999991562305
28.490000 0.99999999999991584509
28.500000 0.99999999999991584509
28.510000 0.99999999999991584509
28.520000 0.99999999999991595612
28.530000 0.99999999999991584509
28.540000 0.99999999999991573407
28.550000 0.99999999999991584509
28.560000 0.99999999999991584509
28.570000 0.99999999999991584509
28.580000 0.99999999999991606714
28.590000 0.99999999999991584509
28.600000 0.99999999999991606714
28.610000 0.99999999999991606714
28.620000 0.99999999999991606714
28.630000 0.99999999999991606714
28.640000 0.99999999999991595612
28.650000 0.99999999999991595612
28.660000 0.99999999999991595612
28.670000 0.99999999999991584509
28.680000 0.99999999999991595612
28.690000 0.99999999999991584509
28.700000 0.99999999999991584509
28.710000 0.99999999999991606714
28.720000 0.99999999999991606714
28.730000 0.99999999999991595612
28.740000 0.99999999999991584509
28.750000 0.99999999999991595612
28.760000 0.99999999999991584509
28.770000 0.99999999999991584509
28.780000 0.99999999999991584509
28.790000 0.99999999999991595612
28.800000 0.99999999999991584509
28.810000 0.99999999999991584509
28.820000 0.99999999999991584509
28.830000 0.99999999999991562305
28.840000 0.99999999999991540101
28.850000 0.99999999999991540101
28.860000 0.99999999999991562305
28.870000 0.99999999999991562305
28.880000 0.99999999999991562305
28.890000 0.99999999999991562305
28.900000 0.99999999999991562305
28.910000 0.99999999999991562305
28.920000 0.99999999999991562305
28.930000 0.99999999999991540101
28.940000 0.99999999999991540101
28.950000 0.99999999999991551203
28.960000 0.99999999999991517896
28.970000 0.99999999999991540101
28.980000 0.99999999999991517896
28.990000 0.99999999999991540101
29.000000 0.99999999999991540101
29.010000 0.99999999999991517896
29.020000 0.99999999999991517896
29.030000 0.99999999999991517896
29.040000 0.99999999999991540101
29.050000 0.99999999999991540101
29.060000 0.99999999999991540101
29.070000 0.99999999999991540101
29.080000 0.99999999999991562305
29.090000 0.99999999999991551203
29.100000 0.99999999999991584509
29.110000 0.99999999999991584509
29.120000 0.99999999999991562305
29.130000 0.99999999999991584509
29.140000 0.99999999999991573407
29.150000 0.99999999999991584509
29.160000 0.99999999999991584509
29.170000 0.99999999999991584509
29.180000 0.99999999999991584509
29.190000 0.99999999999991606714
29.200000 0.99999999999991584509
29.210000 0.99999999999991606714
29.220000 0.99999999999991584509
29.230000 0.99999999999991595612
29.240000 0.99999999999991617816
29.250000 0.99999999999991617816
29.260000 0.99999999999991628918
29.270000 0.99999999999991628918
29.280000 0.99999999999991606714
29.290000 0.99999999999991606714
29.300000 0.99999999999991606714
29.310000 0.99999999999991628918
29.320000 0.99999999999991628918
29.330000 0.99999999999991617816
29.340000 0.99999999999991628918
29.350000 0.99999999999991628918
29.360000 0.99999999999991606714
29.370000 0.99999999999991628918
29.380000 0.99999999999991606714
29.390000 0.99999999999991617816
29.400000 0.99999999999991617816
29.410000 0.99999999999991606714
29.420000 0.99999999999991606714
29.430000 0.99999999999991628918
29.440000 0.99999999999991606714
29.450000 0.99999999999991617816
29.460000 0.99999999999991606714
29.470000 0.99999999999991606714
29.480000 0.99999999999991628918
29.490000 0.99999999999991628918
29.500000 0.99999999999991606714
29.510000 0.99999999999991606714
29.520000 0.99999999999991606714
29.530000 0.99999999999991606714
29.540000 0.99999999999991584509
29.550000 0.99999999999991606714
29.560000 0.99999999999991584509
29.570000 0.99999999999991573407
29.580000 0.99999999999991573407
29.590000 0.99999999999991562305
29.600000 0.99999999999991551203
29.610000 0.99999999999991551203
29.620000 0.99999999999991540101
29.630000 0.99999999999991540101
29.640000 0.99999999999991562305
29.650000 0.99999999999991551203
29.660000 0.99999999999991540101
29.670000 0.99999999999991562305
29.680000 0.99999999999991573407
29.690000 0.99999999999991573407
29.700000 0.99999999999991551203
29.710000 0.99999999999991584509
29.720000 0.99999999999991584509
29.730000 0.99999999999991562305
29.740000 0.99999999999991584509
29.750000 0.99999999999991562305
29.760000 0.99999999999991562305
29.770000 0.99999999999991584509
29.780000 0.99999999999991573407
29.790000 0.99999999999991584509
29.800000 0.99999999999991562305
29.810000 0.99999999999991584509
29.820000 0.99999999999991584509
29.830000 0.99999999999991584509
29.840000 0.99999999999991573407
29.850000 0.99999999999991562305
29.860000 0.99999999999991562305
29.870000 0.99999999999991573407
29.880000 0.99999999999991573407
29.890000 0.99999999999991573407
29.900000 0.99999999999991584509
29.910000 0.99999999999991573407
29.920000 0.99999999999991573407
29.930000 0.99999999999991584509
29.940000 0.99999999999991562305
29.950000 0.99999999999991573407
29.960000 0.99999999999991584509
29.970000 0.99999999999991584509
29.980000 0.99999999999991584509
29.990000 0.99999999999991584509
30.000000 0.99999999999991584509
