-30.000000 0.00000000000000000220
-29.990000 0.00000000000000000222
-29.980000 0.00000000000000000225
-29.970000 0.00000000000000000228
-29.960000 0.00000000000000000230
-29.950000 0.00000000000000000233
-29.940000 0.00000000000000000236
-29.930000 0.00000000000000000239
-29.920000 0.00000000000000000241
-29.910000 0.00000000000000000244
-29.900000 0.00000000000000000247
-29.890000 0.00000000000000000250
-29.880000 0.00000000000000000253
-29.870000 0.00000000000000000256
-29.860000 0.00000000000000000259
-29.850000 0.00000000000000000262
-29.840000 0.00000000000000000266
-29.830000 0.00000000000000000269
-29.820000 0.00000000000000000272
-29.810000 0.00000000000000000275
-29.800000 0.00000000000000000278
-29.790000 0.00000000000000000282
-29.780000 0.00000000000000000285
-29.770000 0.00000000000000000288
-29.760000 0.00000000000000000292
-29.750000 0.00000000000000000295
-29.740000 0.00000000000000000299
-29.730000 0.00000000000000000303
-29.720000 0.00000000000000000306
-29.710000 0.00000000000000000310
-29.700000 0.00000000000000000313
-29.690000 0.00000000000000000317
-29.680000 0.00000000000000000321
-29.670000 0.00000000000000000325
-29.660000 0.00000000000000000329
-29.650000 0.00000000000000000333
-29.640000 0.00000000000000000337
-29.630000 0.00000000000000000341
-29.620000 0.00000000000000000345
-29.610000 0.00000000000000000349
-29.600000 0.00000000000000000353
-29.590000 0.00000000000000000357
-29.580000 0.00000000000000000361
-29.570000 0.00000000000000000366
-29.560000 0.00000000000000000370
-29.550000 0.00000000000000000375
-29.540000 0.00000000000000000379
-29.530000 0.00000000000000000384
-29.520000 0.00000000000000000388
-29.510000 0.00000000000000000393
-29.500000 0.00000000000000000397
-29.490000 0.00000000000000000402
-29.480000 0.00000000000000000407
-29.470000 0.00000000000000000412
-29.460000 0.00000000000000000417
-29.450000 0.00000000000000000422
-29.440000 0.00000000000000000427
-29.430000 0.00000000000000000432
-29.420000 0.00000000000000000437
-29.410000 0.00000000000000000442
-29.400000 0.00000000000000000447
-29.390000 0.00000000000000000453
-29.380000 0.00000000000000000458
-29.370000 0.00000000000000000464
-29.360000 0.00000000000000000469
-29.350000 0.00000000000000000475
-29.340000 0.00000000000000000480
-29.330000 0.00000000000000000486
-29.320000 0.00000000000000000492
-29.310000 0.00000000000000000498
-29.300000 0.00000000000000000504
-29.290000 0.00000000000000000510
-29.280000 0.00000000000000000516
-29.270000 0.00000000000000000522
-29.260000 0.00000000000000000528
-29.250000 0.00000000000000000535
-29.240000 0.00000000000000000541
-29.230000 0.00000000000000000547
-29.220000 0.00000000000000000554
-29.210000 0.00000000000000000561
-29.200000 0.00000000000000000567
-29.190000 0.00000000000000000574
-29.180000 0.00000000000000000581
-29.170000 0.00000000000000000588
-29.160000 0.00000000000000000595
-29.150000 0.00000000000000000602
-29.140000 0.00000000000000000609
-29.130000 0.00000000000000000616
-29.120000 0.00000000000000000624
-29.110000 0.00000000000000000631
-29.100000 0.00000000000000000639
-29.090000 0.00000000000000000646
-29.080000 0.00000000000000000654
-29.070000 0.00000000000000000662
-29.060000 0.00000000000000000670
-29.050000 0.00000000000000000678
-29.040000 0.00000000000000000686
-29.030000 0.00000000000000000694
-29.020000 0.00000000000000000702
-29.010000 0.00000000000000000711
-29.000000 0.00000000000000000719
-28.990000 0.00000000000000000728
-28.980000 0.00000000000000000736
-28.970000 0.00000000000000000745
-28.960000 0.00000000000000000754
-28.950000 0.00000000000000000763
-28.940000 0.00000000000000000772
-28.930000 0.00000000000000000781
-28.920000 0.00000000000000000791
-28.910000 0.00000000000000000800
-28.900000 0.00000000000000000810
-28.890000 0.00000000000000000819
-28.880000 0.00000000000000000829
-28.870000 0.00000000000000000839
-28.860000 0.00000000000000000849
-28.850000 0.00000000000000000859
-28.840000 0.00000000000000000869
-28.830000 0.00000000000000000880
-28.820000 0.00000000000000000890
-28.810000 0.00000000000000000901
-28.800000 0.00000000000000000912
-28.790000 0.00000000000000000923
-28.780000 0.00000000000000000934
-28.770000 0.00000000000000000945
-28.760000 0.00000000000000000956
-28.750000 0.00000000000000000967
-28.740000 0.00000000000000000979
-28.730000 0.00000000000000000991
-28.720000 0.00000000000000001002
-28.710000 0.00000000000000001014
-28.700000 0.00000000000000001027
-28.690000 0.00000000000000001039
-28.680000 0.00000000000000001051
-28.670000 0.00000000000000001064
-28.660000 0.00000000000000001076
-28.650000 0.00000000000000001089
-28.640000 0.00000000000000001102
-28.630000 0.00000000000000001115
-28.620000 0.00000000000000001129
-28.610000 0.00000000000000001142
-28.600000 0.00000000000000001156
-28.590000 0.00000000000000001170
-28.580000 0.00000000000000001184
-28.570000 0.00000000000000001198
-28.560000 0.00000000000000001212
-28.550000 0.00000000000000001226
-28.540000 0.00000000000000001241
-28.530000 0.00000000000000001256
-28.520000 0.00000000000000001271
-28.510000 0.00000000000000001286
-28.500000 0.00000000000000001301
-28.490000 0.00000000000000001317
-28.480000 0.00000000000000001333
-28.470000 0.00000000000000001348
-28.460000 0.00000000000000001365
-28.450000 0.00000000000000001381
-28.440000 0.00000000000000001397
-28.430000 0.00000000000000001414
-28.420000 0.00000000000000001431
-28.410000 0.00000000000000001448
-28.400000 0.00000000000000001465
-28.390000 0.00000000000000001483
-28.380000 0.00000000000000001500
-28.370000 0.00000000000000001518
-28.360000 0.00000000000000001536
-28.350000 0.00000000000000001555
-28.340000 0.00000000000000001573
-28.330000 0.00000000000000001592
-28.320000 0.00000000000000001611
-28.310000 0.00000000000000001630
-28.300000 0.00000000000000001650
-28.290000 0.00000000000000001669
-28.280000 0.00000000000000001689
-28.270000 0.00000000000000001710
-28.260000 0.00000000000000001730
-28.250000 0.00000000000000001751
-28.240000 0.00000000000000001771
-28.230000 0.00000000000000001793
-28.220000 0.00000000000000001814
-28.210000 0.00000000000000001836
-28.200000 0.00000000000000001858
-28.190000 0.00000000000000001880
-28.180000 0.00000000000000001902
-28.170000 0.00000000000000001925
-28.160000 0.00000000000000001948
-28.150000 0.00000000000000001971
-28.140000 0.00000000000000001995
-28.130000 0.00000000000000002018
-28.120000 0.00000000000000002042
-28.110000 0.00000000000000002067
-28.100000 0.00000000000000002092
-28.090000 0.00000000000000002116
-28.080000 0.00000000000000002142
-28.070000 0.00000000000000002167
-28.060000 0.00000000000000002193
-28.050000 0.00000000000000002219
-28.040000 0.00000000000000002246
-28.030000 0.00000000000000002273
-28.020000 0.00000000000000002300
-28.010000 0.00000000000000002327
-28.000000 0.00000000000000002355
-27.990000 0.00000000000000002383
-27.980000 0.00000000000000002411
-27.970000 0.00000000000000002440
-27.960000 0.00000000000000002469
-27.950000 0.00000000000000002499
-27.940000 0.00000000000000002529
-27.930000 0.00000000000000002559
-27.920000 0.00000000000000002589
-27.910000 0.00000000000000002620
-27.900000 0.00000000000000002651
-27.890000 0.00000000000000002683
-27.880000 0.00000000000000002715
-27.870000 0.00000000000000002748
-27.860000 0.00000000000000002780
-27.850000 0.00000000000000002814
-27.840000 0.00000000000000002847
-27.830000 0.00000000000000002881
-27.820000 0.00000000000000002915
-27.810000 0.00000000000000002950
-27.800000 0.00000000000000002985
-27.790000 0.00000000000000003021
-27.780000 0.00000000000000003057
-27.770000 0.00000000000000003094
-27.760000 0.00000000000000003131
-27.750000 0.00000000000000003168
-27.740000 0.00000000000000003206
-27.730000 0.00000000000000003244
-27.720000 0.00000000000000003283
-27.710000 0.00000000000000003322
-27.700000 0.00000000000000003361
-27.690000 0.00000000000000003402
-27.680000 0.00000000000000003442
-27.670000 0.00000000000000003483
-27.660000 0.00000000000000003525
-27.650000 0.00000000000000003567
-27.640000 0.00000000000000003609
-27.630000 0.00000000000000003652
-27.620000 0.00000000000000003696
-27.610000 0.00000000000000003740
-27.600000 0.00000000000000003785
-27.590000 0.00000000000000003830
-27.580000 0.00000000000000003876
-27.570000 0.00000000000000003922
-27.560000 0.00000000000000003969
-27.550000 0.00000000000000004016
-27.540000 0.00000000000000004064
-27.530000 0.00000000000000004112
-27.520000 0.00000000000000004162
-27.510000 0.00000000000000004211
-27.500000 0.00000000000000004261
-27.490000 0.00000000000000004312
-27.480000 0.00000000000000004364
-27.470000 0.00000000000000004416
-27.460000 0.00000000000000004469
-27.450000 0.00000000000000004522
-27.440000 0.00000000000000004576
-27.430000 0.00000000000000004630
-27.420000 0.00000000000000004686
-27.410000 0.00000000000000004742
-27.400000 0.00000000000000004798
-27.390000 0.00000000000000004855
-27.380000 0.00000000000000004913
-27.370000 0.00000000000000004972
-27.360000 0.00000000000000005031
-27.350000 0.00000000000000005091
-27.340000 0.00000000000000005152
-27.330000 0.00000000000000005214
-27.320000 0.00000000000000005276
-27.310000 0.00000000000000005339
-27.300000 0.00000000000000005402
-27.290000 0.00000000000000005467
-27.280000 0.00000000000000005532
-27.270000 0.00000000000000005598
-27.260000 0.00000000000000005665
-27.250000 0.00000000000000005733
-27.240000 0.00000000000000005801
-27.230000 0.00000000000000005870
-27.220000 0.00000000000000005940
-27.210000 0.00000000000000006011
-27.200000 0.00000000000000006083
-27.190000 0.00000000000000006155
-27.180000 0.00000000000000006229
-27.170000 0.00000000000000006303
-27.160000 0.00000000000000006378
-27.150000 0.00000000000000006455
-27.140000 0.00000000000000006532
-27.130000 0.00000000000000006610
-27.120000 0.00000000000000006688
-27.110000 0.00000000000000006768
-27.100000 0.00000000000000006849
-27.090000 0.00000000000000006931
-27.080000 0.00000000000000007013
-27.070000 0.00000000000000007097
-27.060000 0.00000000000000007182
-27.050000 0.00000000000000007267
-27.040000 0.00000000000000007354
-27.030000 0.00000000000000007442
-27.020000 0.00000000000000007531
-27.010000 0.00000000000000007621
-27.000000 0.00000000000000007712
-26.990000 0.00000000000000007804
-26.980000 0.00000000000000007897
-26.970000 0.00000000000000007991
-26.960000 0.00000000000000008086
-26.950000 0.00000000000000008183
-26.940000 0.00000000000000008280
-26.930000 0.00000000000000008379
-26.920000 0.00000000000000008479
-26.910000 0.00000000000000008580
-26.900000 0.00000000000000008683
-26.890000 0.00000000000000008786
-26.880000 0.00000000000000008891
-26.870000 0.00000000000000008997
-26.860000 0.00000000000000009105
-26.850000 0.00000000000000009213
-26.840000 0.00000000000000009323
-26.830000 0.00000000000000009435
-26.820000 0.00000000000000009547
-26.810000 0.00000000000000009661
-26.800000 0.00000000000000009776
-26.790000 0.00000000000000009893
-26.780000 0.00000000000000010011
-26.770000 0.00000000000000010130
-26.760000 0.00000000000000010251
-26.750000 0.00000000000000010374
-26.740000 0.00000000000000010497
-26.730000 0.00000000000000010623
-26.720000 0.00000000000000010750
-26.710000 0.00000000000000010878
-26.700000 0.00000000000000011008
-26.690000 0.00000000000000011139
-26.680000 0.00000000000000011272
-26.670000 0.00000000000000011406
-26.660000 0.00000000000000011542
-26.650000 0.00000000000000011680
-26.640000 0.00000000000000011820
-26.630000 0.00000000000000011961
-26.620000 0.00000000000000012103
-26.610000 0.00000000000000012248
-26.600000 0.00000000000000012394
-26.590000 0.00000000000000012542
-26.580000 0.00000000000000012691
-26.570000 0.00000000000000012843
-26.560000 0.00000000000000012996
-26.550000 0.00000000000000013151
-26.540000 0.00000000000000013308
-26.530000 0.00000000000000013467
-26.520000 0.00000000000000013628
-26.510000 0.00000000000000013790
-26.500000 0.00000000000000013955
-26.490000 0.00000000000000014121
-26.480000 0.00000000000000014290
-26.470000 0.00000000000000014460
-26.460000 0.00000000000000014633
-26.450000 0.00000000000000014808
-26.440000 0.00000000000000014984
-26.430000 0.00000000000000015163
-26.420000 0.00000000000000015344
-26.410000 0.00000000000000015527
-26.400000 0.00000000000000015712
-26.390000 0.00000000000000015900
-26.380000 0.00000000000000016090
-26.370000 0.00000000000000016282
-26.360000 0.00000000000000016476
-26.350000 0.00000000000000016673
-26.340000 0.00000000000000016872
-26.330000 0.00000000000000017073
-26.320000 0.00000000000000017277
-26.310000 0.00000000000000017483
-26.300000 0.00000000000000017691
-26.290000 0.00000000000000017902
-26.280000 0.00000000000000018116
-26.270000 0.00000000000000018332
-26.260000 0.00000000000000018551
-26.250000 0.00000000000000018772
-26.240000 0.00000000000000018996
-26.230000 0.00000000000000019223
-26.220000 0.00000000000000019452
-26.210000 0.00000000000000019685
-26.200000 0.00000000000000019920
-26.190000 0.00000000000000020157
-26.180000 0.00000000000000020398
-26.170000 0.00000000000000020641
-26.160000 0.00000000000000020887
-26.150000 0.00000000000000021137
-26.140000 0.00000000000000021389
-26.130000 0.00000000000000021644
-26.120000 0.00000000000000021902
-26.110000 0.00000000000000022164
-26.100000 0.00000000000000022428
-26.090000 0.00000000000000022696
-26.080000 0.00000000000000022967
-26.070000 0.00000000000000023241
-26.060000 0.00000000000000023518
-26.050000 0.00000000000000023799
-26.040000 0.00000000000000024083
-26.030000 0.00000000000000024370
-26.020000 0.00000000000000024661
-26.010000 0.00000000000000024955
-26.000000 0.00000000000000025253
-25.990000 0.00000000000000025554
-25.980000 0.00000000000000025859
-25.970000 0.00000000000000026168
-25.960000 0.00000000000000026480
-25.950000 0.00000000000000026796
-25.940000 0.00000000000000027116
-25.930000 0.00000000000000027439
-25.920000 0.00000000000000027767
-25.910000 0.00000000000000028098
-25.900000 0.00000000000000028434
-25.890000 0.00000000000000028773
-25.880000 0.00000000000000029116
-25.870000 0.00000000000000029464
-25.860000 0.00000000000000029815
-25.850000 0.00000000000000030171
-25.840000 0.00000000000000030531
-25.830000 0.00000000000000030895
-25.820000 0.00000000000000031264
-25.810000 0.00000000000000031637
-25.800000 0.00000000000000032015
-25.790000 0.00000000000000032397
-25.780000 0.00000000000000032783
-25.770000 0.00000000000000033174
-25.760000 0.00000000000000033570
-25.750000 0.00000000000000033971
-25.740000 0.00000000000000034376
-25.730000 0.00000000000000034787
-25.720000 0.00000000000000035202
-25.710000 0.00000000000000035622
-25.700000 0.00000000000000036047
-25.690000 0.00000000000000036477
-25.680000 0.00000000000000036912
-25.670000 0.00000000000000037353
-25.660000 0.00000000000000037798
-25.650000 0.00000000000000038249
-25.640000 0.00000000000000038706
-25.630000 0.00000000000000039168
-25.620000 0.00000000000000039635
-25.610000 0.00000000000000040108
-25.600000 0.00000000000000040587
-25.590000 0.00000000000000041071
-25.580000 0.00000000000000041561
-25.570000 0.00000000000000042057
-25.560000 0.00000000000000042559
-25.550000 0.00000000000000043067
-25.540000 0.00000000000000043581
-25.530000 0.00000000000000044101
-25.520000 0.00000000000000044627
-25.510000 0.00000000000000045160
-25.500000 0.00000000000000045698
-25.490000 0.00000000000000046244
-25.480000 0.00000000000000046796
-25.470000 0.00000000000000047354
-25.460000 0.00000000000000047919
-25.450000 0.00000000000000048491
-25.440000 0.00000000000000049070
-25.430000 0.00000000000000049655
-25.420000 0.00000000000000050248
-25.410000 0.00000000000000050847
-25.400000 0.00000000000000051454
-25.390000 0.00000000000000052068
-25.380000 0.00000000000000052689
-25.370000 0.00000000000000053318
-25.360000 0.00000000000000053954
-25.350000 0.00000000000000054598
-25.340000 0.00000000000000055250
-25.330000 0.00000000000000055909
-25.320000 0.00000000000000056576
-25.310000 0.00000000000000057251
-25.300000 0.00000000000000057935
-25.290000 0.00000000000000058626
-25.280000 0.00000000000000059326
-25.270000 0.00000000000000060033
-25.260000 0.00000000000000060750
-25.250000 0.00000000000000061475
-25.240000 0.00000000000000062208
-25.230000 0.00000000000000062951
-25.220000 0.00000000000000063702
-25.210000 0.00000000000000064462
-25.200000 0.00000000000000065231
-25.190000 0.00000000000000066010
-25.180000 0.00000000000000066797
-25.170000 0.00000000000000067595
-25.160000 0.00000000000000068401
-25.150000 0.00000000000000069217
-25.140000 0.00000000000000070043
-25.130000 0.00000000000000070879
-25.120000 0.00000000000000071725
-25.110000 0.00000000000000072581
-25.100000 0.00000000000000073447
-25.090000 0.00000000000000074323
-25.080000 0.00000000000000075210
-25.070000 0.00000000000000076108
-25.060000 0.00000000000000077016
-25.050000 0.00000000000000077935
-25.040000 0.00000000000000078865
-25.030000 0.00000000000000079806
-25.020000 0.00000000000000080759
-25.010000 0.00000000000000081722
-25.000000 0.00000000000000082698
-24.990000 0.00000000000000083684
-24.980000 0.00000000000000084683
-24.970000 0.00000000000000085694
-24.960000 0.00000000000000086716
-24.950000 0.00000000000000087751
-24.940000 0.00000000000000088798
-24.930000 0.00000000000000089858
-24.920000 0.00000000000000090930
-24.910000 0.00000000000000092015
-24.900000 0.00000000000000093113
-24.890000 0.00000000000000094224
-24.880000 0.00000000000000095349
-24.870000 0.00000000000000096486
-24.860000 0.00000000000000097638
-24.850000 0.00000000000000098803
-24.840000 0.00000000000000099982
-24.830000 0.00000000000000101175
-24.820000 0.00000000000000102382
-24.810000 0.00000000000000103604
-24.800000 0.00000000000000104841
-24.790000 0.00000000000000106092
-24.780000 0.00000000000000107358
-24.770000 0.00000000000000108639
-24.760000 0.00000000000000109935
-24.750000 0.00000000000000111247
-24.740000 0.00000000000000112575
-24.730000 0.00000000000000113918
-24.720000 0.00000000000000115277
-24.710000 0.00000000000000116653
-24.700000 0.00000000000000118045
-24.690000 0.00000000000000119454
-24.680000 0.00000000000000120879
-24.670000 0.00000000000000122322
-24.660000 0.00000000000000123781
-24.650000 0.00000000000000125259
-24.640000 0.00000000000000126753
-24.630000 0.00000000000000128266
-24.620000 0.00000000000000129797
-24.610000 0.00000000000000131345
-24.600000 0.00000000000000132913
-24.590000 0.00000000000000134499
-24.580000 0.00000000000000136104
-24.570000 0.00000000000000137728
-24.560000 0.00000000000000139372
-24.550000 0.00000000000000141035
-24.540000 0.00000000000000142718
-24.530000 0.00000000000000144421
-24.520000 0.00000000000000146144
-24.510000 0.00000000000000147888
-24.500000 0.00000000000000149653
-24.490000 0.00000000000000151439
-24.480000 0.00000000000000153246
-24.470000 0.00000000000000155075
-24.460000 0.00000000000000156925
-24.450000 0.00000000000000158798
-24.440000 0.00000000000000160693
-24.430000 0.00000000000000162611
-24.420000 0.00000000000000164551
-24.410000 0.00000000000000166515
-24.400000 0.00000000000000168502
-24.390000 0.00000000000000170513
-24.380000 0.00000000000000172547
-24.370000 0.00000000000000174606
-24.360000 0.00000000000000176690
-24.350000 0.00000000000000178799
-24.340000 0.00000000000000180932
-24.330000 0.00000000000000183091
-24.320000 0.00000000000000185276
-24.310000 0.00000000000000187487
-24.300000 0.00000000000000189725
-24.290000 0.00000000000000191989
-24.280000 0.00000000000000194280
-24.270000 0.00000000000000196598
-24.260000 0.00000000000000198944
-24.250000 0.00000000000000201318
-24.240000 0.00000000000000203721
-24.230000 0.00000000000000206152
-24.220000 0.00000000000000208612
-24.210000 0.00000000000000211101
-24.200000 0.00000000000000213620
-24.190000 0.00000000000000216170
-24.180000 0.00000000000000218749
-24.170000 0.00000000000000221360
-24.160000 0.00000000000000224001
-24.150000 0.00000000000000226674
-24.140000 0.00000000000000229379
-24.130000 0.00000000000000232117
-24.120000 0.00000000000000234887
-24.110000 0.00000000000000237690
-24.100000 0.00000000000000240526
-24.090000 0.00000000000000243396
-24.080000 0.00000000000000246301
-24.070000 0.00000000000000249240
-24.060000 0.00000000000000252214
-24.050000 0.00000000000000255224
-24.040000 0.00000000000000258270
-24.030000 0.00000000000000261352
-24.020000 0.00000000000000264471
-24.010000 0.00000000000000267627
-24.000000 0.00000000000000270821
-23.990000 0.00000000000000274052
-23.980000 0.00000000000000277323
-23.970000 0.00000000000000280632
-23.960000 0.00000000000000283981
-23.950000 0.00000000000000287370
-23.940000 0.00000000000000290799
-23.930000 0.00000000000000294270
-23.920000 0.00000000000000297781
-23.910000 0.00000000000000301335
-23.900000 0.00000000000000304931
-23.890000 0.00000000000000308570
-23.880000 0.00000000000000312252
-23.870000 0.00000000000000315978
-23.860000 0.00000000000000319749
-23.850000 0.00000000000000323565
-23.840000 0.00000000000000327426
-23.830000 0.00000000000000331333
-23.820000 0.00000000000000335287
-23.810000 0.00000000000000339288
-23.800000 0.00000000000000343337
-23.790000 0.00000000000000347434
-23.780000 0.00000000000000351581
-23.770000 0.00000000000000355776
-23.760000 0.00000000000000360022
-23.750000 0.00000000000000364318
-23.740000 0.00000000000000368666
-23.730000 0.00000000000000373065
-23.720000 0.00000000000000377517
-23.710000 0.00000000000000382022
-23.700000 0.00000000000000386581
-23.690000 0.00000000000000391194
-23.680000 0.00000000000000395863
-23.670000 0.00000000000000400587
-23.660000 0.00000000000000405367
-23.650000 0.00000000000000410205
-23.640000 0.00000000000000415100
-23.630000 0.00000000000000420054
-23.620000 0.00000000000000425066
-23.610000 0.00000000000000430139
-23.600000 0.00000000000000435272
-23.590000 0.00000000000000440466
-23.580000 0.00000000000000445723
-23.570000 0.00000000000000451042
-23.560000 0.00000000000000456424
-23.550000 0.00000000000000461871
-23.540000 0.00000000000000467383
-23.530000 0.00000000000000472960
-23.520000 0.00000000000000478605
-23.510000 0.00000000000000484316
-23.500000 0.00000000000000490096
-23.490000 0.00000000000000495944
-23.480000 0.00000000000000501863
-23.470000 0.00000000000000507852
-23.460000 0.00000000000000513912
-23.450000 0.00000000000000520045
-23.440000 0.00000000000000526251
-23.430000 0.00000000000000532531
-23.420000 0.00000000000000538886
-23.410000 0.00000000000000545317
-23.400000 0.00000000000000551825
-23.390000 0.00000000000000558410
-23.380000 0.00000000000000565074
-23.370000 0.00000000000000571817
-23.360000 0.00000000000000578641
-23.350000 0.00000000000000585547
-23.340000 0.00000000000000592534
-23.330000 0.00000000000000599605
-23.320000 0.00000000000000606761
-23.310000 0.00000000000000614002
-23.300000 0.00000000000000621329
-23.290000 0.00000000000000628744
-23.280000 0.00000000000000636247
-23.270000 0.00000000000000643840
-23.260000 0.00000000000000651523
-23.250000 0.00000000000000659298
-23.240000 0.00000000000000667166
-23.230000 0.00000000000000675128
-23.220000 0.00000000000000683185
-23.210000 0.00000000000000691338
-23.200000 0.00000000000000699588
-23.190000 0.00000000000000707937
-23.180000 0.00000000000000716385
-23.170000 0.00000000000000724934
-23.160000 0.00000000000000733585
-23.150000 0.00000000000000742340
-23.140000 0.00000000000000751199
-23.130000 0.00000000000000760163
-23.120000 0.00000000000000769235
-23.110000 0.00000000000000778415
-23.100000 0.00000000000000787704
-23.090000 0.00000000000000797105
-23.080000 0.00000000000000806617
-23.070000 0.00000000000000816243
-23.060000 0.00000000000000825984
-23.050000 0.00000000000000835841
-23.040000 0.00000000000000845816
-23.030000 0.00000000000000855910
-23.020000 0.00000000000000866124
-23.010000 0.00000000000000876460
-23.000000 0.00000000000000886920
-22.990000 0.00000000000000897504
-22.980000 0.00000000000000908215
-22.970000 0.00000000000000919053
-22.960000 0.00000000000000930021
-22.950000 0.00000000000000941120
-22.940000 0.00000000000000952351
-22.930000 0.00000000000000963716
-22.920000 0.00000000000000975217
-22.910000 0.00000000000000986855
-22.900000 0.00000000000000998632
-22.890000 0.00000000000001010549
-22.880000 0.00000000000001022609
-22.870000 0.00000000000001034813
-22.860000 0.00000000000001047162
-22.850000 0.00000000000001059659
-22.840000 0.00000000000001072305
-22.830000 0.00000000000001085101
-22.820000 0.00000000000001098051
-22.810000 0.00000000000001111155
-22.800000 0.00000000000001124415
-22.790000 0.00000000000001137834
-22.780000 0.00000000000001151413
-22.770000 0.00000000000001165154
-22.760000 0.00000000000001179059
-22.750000 0.00000000000001193129
-22.740000 0.00000000000001207368
-22.730000 0.00000000000001221777
-22.720000 0.00000000000001236357
-22.710000 0.00000000000001251112
-22.700000 0.00000000000001266043
-22.690000 0.00000000000001281152
-22.680000 0.00000000000001296441
-22.670000 0.00000000000001311913
-22.660000 0.00000000000001327569
-22.650000 0.00000000000001343412
-22.640000 0.00000000000001359444
-22.630000 0.00000000000001375668
-22.620000 0.00000000000001392085
-22.610000 0.00000000000001408698
-22.600000 0.00000000000001425510
-22.590000 0.00000000000001442522
-22.580000 0.00000000000001459737
-22.570000 0.00000000000001477157
-22.560000 0.00000000000001494786
-22.550000 0.00000000000001512625
-22.540000 0.00000000000001530676
-22.530000 0.00000000000001548943
-22.520000 0.00000000000001567429
-22.510000 0.00000000000001586134
-22.500000 0.00000000000001605063
-22.490000 0.00000000000001624218
-22.480000 0.00000000000001643602
-22.470000 0.00000000000001663217
-22.460000 0.00000000000001683065
-22.450000 0.00000000000001703151
-22.440000 0.00000000000001723477
-22.430000 0.00000000000001744045
-22.420000 0.00000000000001764859
-22.410000 0.00000000000001785921
-22.400000 0.00000000000001807234
-22.390000 0.00000000000001828802
-22.380000 0.00000000000001850627
-22.370000 0.00000000000001872712
-22.360000 0.00000000000001895062
-22.350000 0.00000000000001917677
-22.340000 0.00000000000001940563
-22.330000 0.00000000000001963722
-22.320000 0.00000000000001987158
-22.310000 0.00000000000002010873
-22.300000 0.00000000000002034871
-22.290000 0.00000000000002059155
-22.280000 0.00000000000002083729
-22.270000 0.00000000000002108597
-22.260000 0.00000000000002133762
-22.250000 0.00000000000002159226
-22.240000 0.00000000000002184995
-22.230000 0.00000000000002211071
-22.220000 0.00000000000002237458
-22.210000 0.00000000000002264161
-22.200000 0.00000000000002291181
-22.190000 0.00000000000002318525
-22.180000 0.00000000000002346195
-22.170000 0.00000000000002374195
-22.160000 0.00000000000002402529
-22.150000 0.00000000000002431201
-22.140000 0.00000000000002460216
-22.130000 0.00000000000002489577
-22.120000 0.00000000000002519288
-22.110000 0.00000000000002549354
-22.100000 0.00000000000002579778
-22.090000 0.00000000000002610566
-22.080000 0.00000000000002641721
-22.070000 0.00000000000002673248
-22.060000 0.00000000000002705152
-22.050000 0.00000000000002737436
-22.040000 0.00000000000002770105
-22.030000 0.00000000000002803164
-22.020000 0.00000000000002836618
-22.010000 0.00000000000002870471
-22.000000 0.00000000000002904728
-21.990000 0.00000000000002939395
-21.980000 0.00000000000002974474
-21.970000 0.00000000000003009972
-21.960000 0.00000000000003045895
-21.950000 0.00000000000003082245
-21.940000 0.00000000000003119030
-21.930000 0.00000000000003156254
-21.920000 0.00000000000003193921
-21.910000 0.00000000000003232039
-21.900000 0.00000000000003270611
-21.890000 0.00000000000003309644
-21.880000 0.00000000000003349143
-21.870000 0.00000000000003389113
-21.860000 0.00000000000003429560
-21.850000 0.00000000000003470490
-21.840000 0.00000000000003511908
-21.830000 0.00000000000003553821
-21.820000 0.00000000000003596233
-21.810000 0.00000000000003639152
-21.800000 0.00000000000003682584
-21.790000 0.00000000000003726533
-21.780000 0.00000000000003771007
-21.770000 0.00000000000003816012
-21.760000 0.00000000000003861554
-21.750000 0.00000000000003907640
-21.740000 0.00000000000003954276
-21.730000 0.00000000000004001468
-21.720000 0.00000000000004049224
-21.710000 0.00000000000004097549
-21.700000 0.00000000000004146451
-21.690000 0.00000000000004195937
-21.680000 0.00000000000004246013
-21.670000 0.00000000000004296688
-21.660000 0.00000000000004347967
-21.650000 0.00000000000004399857
-21.640000 0.00000000000004452368
-21.630000 0.00000000000004505505
-21.620000 0.00000000000004559276
-21.610000 0.00000000000004613689
-21.600000 0.00000000000004668751
-21.590000 0.00000000000004724471
-21.580000 0.00000000000004780856
-21.570000 0.00000000000004837913
-21.560000 0.00000000000004895652
-21.550000 0.00000000000004954080
-21.540000 0.00000000000005013205
-21.530000 0.00000000000005073036
-21.520000 0.00000000000005133580
-21.510000 0.00000000000005194848
-21.500000 0.00000000000005256846
-21.490000 0.00000000000005319585
-21.480000 0.00000000000005383073
-21.470000 0.00000000000005447317
-21.460000 0.00000000000005512329
-21.450000 0.00000000000005578118
-21.440000 0.00000000000005644690
-21.430000 0.00000000000005712058
-21.420000 0.00000000000005780230
-21.410000 0.00000000000005849215
-21.400000 0.00000000000005919024
-21.390000 0.00000000000005989666
-21.380000 0.00000000000006061150
-21.370000 0.00000000000006133489
-21.360000 0.00000000000006206690
-21.350000 0.00000000000006280766
-21.340000 0.00000000000006355725
-21.330000 0.00000000000006431579
-21.320000 0.00000000000006508339
-21.310000 0.00000000000006586014
-21.300000 0.00000000000006664617
-21.290000 0.00000000000006744158
-21.280000 0.00000000000006824648
-21.270000 0.00000000000006906099
-21.260000 0.00000000000006988522
-21.250000 0.00000000000007071928
-21.240000 0.00000000000007156331
-21.230000 0.00000000000007241741
-21.220000 0.00000000000007328169
-21.210000 0.00000000000007415631
-21.200000 0.00000000000007504135
-21.190000 0.00000000000007593696
-21.180000 0.00000000000007684326
-21.170000 0.00000000000007776037
-21.160000 0.00000000000007868843
-21.150000 0.00000000000007962757
-21.140000 0.00000000000008057791
-21.130000 0.00000000000008153961
-21.120000 0.00000000000008251278
-21.110000 0.00000000000008349756
-21.100000 0.00000000000008449410
-21.090000 0.00000000000008550253
-21.080000 0.00000000000008652300
-21.070000 0.00000000000008755565
-21.060000 0.00000000000008860062
-21.050000 0.00000000000008965808
-21.040000 0.00000000000009072814
-21.030000 0.00000000000009181098
-21.020000 0.00000000000009290675
-21.010000 0.00000000000009401558
-21.000000 0.00000000000009513767
-20.990000 0.00000000000009627314
-20.980000 0.00000000000009742215
-20.970000 0.00000000000009858490
-20.960000 0.00000000000009976151
-20.950000 0.00000000000010095217
-20.940000 0.00000000000010215705
-20.930000 0.00000000000010337629
-20.920000 0.00000000000010461010
-20.910000 0.00000000000010585863
-20.900000 0.00000000000010712206
-20.890000 0.00000000000010840058
-20.880000 0.00000000000010969435
-20.870000 0.00000000000011100356
-20.860000 0.00000000000011232841
-20.850000 0.00000000000011366906
-20.840000 0.00000000000011502572
-20.830000 0.00000000000011639858
-20.820000 0.00000000000011778780
-20.810000 0.00000000000011919363
-20.800000 0.00000000000012061623
-20.790000 0.00000000000012205580
-20.780000 0.00000000000012351257
-20.770000 0.00000000000012498671
-20.760000 0.00000000000012647846
-20.750000 0.00000000000012798801
-20.740000 0.00000000000012951557
-20.730000 0.00000000000013106138
-20.720000 0.00000000000013262563
-20.710000 0.00000000000013420854
-20.700000 0.00000000000013581037
-20.690000 0.00000000000013743130
-20.680000 0.00000000000013907158
-20.670000 0.00000000000014073145
-20.660000 0.00000000000014241111
-20.650000 0.00000000000014411084
-20.640000 0.00000000000014583085
-20.630000 0.00000000000014757138
-20.620000 0.00000000000014933271
-20.610000 0.00000000000015111504
-20.600000 0.00000000000015291865
-20.590000 0.00000000000015474381
-20.580000 0.00000000000015659072
-20.570000 0.00000000000015845970
-20.560000 0.00000000000016035098
-20.550000 0.00000000000016226482
-20.540000 0.00000000000016420154
-20.530000 0.00000000000016616135
-20.520000 0.00000000000016814455
-20.510000 0.00000000000017015145
-20.500000 0.00000000000017218227
-20.490000 0.00000000000017423735
-20.480000 0.00000000000017631696
-20.470000 0.00000000000017842137
-20.460000 0.00000000000018055094
-20.450000 0.00000000000018270590
-20.440000 0.00000000000018488658
-20.430000 0.00000000000018709332
-20.420000 0.00000000000018932636
-20.410000 0.00000000000019158608
-20.400000 0.00000000000019387277
-20.390000 0.00000000000019618674
-20.380000 0.00000000000019852836
-20.370000 0.00000000000020089790
-20.360000 0.00000000000020329573
-20.350000 0.00000000000020572221
-20.340000 0.00000000000020817761
-20.330000 0.00000000000021066234
-20.320000 0.00000000000021317674
-20.310000 0.00000000000021572113
-20.300000 0.00000000000021829592
-20.290000 0.00000000000022090142
-20.280000 0.00000000000022353801
-20.270000 0.00000000000022620612
-20.260000 0.00000000000022890603
-20.250000 0.00000000000023163818
-20.240000 0.00000000000023440297
-20.230000 0.00000000000023720071
-20.220000 0.00000000000024003190
-20.210000 0.00000000000024289686
-20.200000 0.00000000000024579600
-20.190000 0.00000000000024872979
-20.180000 0.00000000000025169855
-20.170000 0.00000000000025470277
-20.160000 0.00000000000025774287
-20.150000 0.00000000000026081922
-20.140000 0.00000000000026393233
-20.130000 0.00000000000026708258
-20.120000 0.00000000000027027042
-20.110000 0.00000000000027349636
-20.100000 0.00000000000027676075
-20.090000 0.00000000000028006413
-20.080000 0.00000000000028340697
-20.070000 0.00000000000028678966
-20.060000 0.00000000000029021277
-20.050000 0.00000000000029367673
-20.040000 0.00000000000029718201
-20.030000 0.00000000000030072919
-20.020000 0.00000000000030431866
-20.010000 0.00000000000030795099
-20.000000 0.00000000000031162671
-19.990000 0.00000000000031534626
-19.980000 0.00000000000031911024
-19.970000 0.00000000000032291916
-19.960000 0.00000000000032677350
-19.950000 0.00000000000033067391
-19.940000 0.00000000000033462083
-19.930000 0.00000000000033861487
-19.920000 0.00000000000034265663
-19.910000 0.00000000000034674658
-19.900000 0.00000000000035088539
-19.890000 0.00000000000035507361
-19.880000 0.00000000000035931177
-19.870000 0.00000000000036360060
-19.860000 0.00000000000036794057
-19.850000 0.00000000000037233234
-19.840000 0.00000000000037677660
-19.830000 0.00000000000038127384
-19.820000 0.00000000000038582480
-19.810000 0.00000000000039043010
-19.800000 0.00000000000039509032
-19.790000 0.00000000000039980624
-19.780000 0.00000000000040457841
-19.770000 0.00000000000040940753
-19.760000 0.00000000000041429436
-19.750000 0.00000000000041923946
-19.740000 0.00000000000042424362
-19.730000 0.00000000000042930754
-19.720000 0.00000000000043443185
-19.710000 0.00000000000043961740
-19.700000 0.00000000000044486481
-19.690000 0.00000000000045017484
-19.680000 0.00000000000045554833
-19.670000 0.00000000000046098589
-19.660000 0.00000000000046648838
-19.650000 0.00000000000047205661
-19.640000 0.00000000000047769123
-19.630000 0.00000000000048339317
-19.620000 0.00000000000048916317
-19.610000 0.00000000000049500199
-19.600000 0.00000000000050091061
-19.590000 0.00000000000050688969
-19.580000 0.00000000000051294015
-19.570000 0.00000000000051906290
-19.560000 0.00000000000052525865
-19.550000 0.00000000000053152843
-19.540000 0.00000000000053787305
-19.530000 0.00000000000054429335
-19.520000 0.00000000000055079039
-19.510000 0.00000000000055736492
-19.500000 0.00000000000056401792
-19.490000 0.00000000000057075043
-19.480000 0.00000000000057756321
-19.470000 0.00000000000058445738
-19.460000 0.00000000000059143386
-19.450000 0.00000000000059849355
-19.440000 0.00000000000060563761
-19.430000 0.00000000000061286690
-19.420000 0.00000000000062018246
-19.410000 0.00000000000062758546
-19.400000 0.00000000000063507672
-19.390000 0.00000000000064265746
-19.380000 0.00000000000065032874
-19.370000 0.00000000000065809150
-19.360000 0.00000000000066594703
-19.350000 0.00000000000067389629
-19.340000 0.00000000000068194041
-19.330000 0.00000000000069008068
-19.320000 0.00000000000069831800
-19.310000 0.00000000000070665370
-19.300000 0.00000000000071508898
-19.290000 0.00000000000072362483
-19.280000 0.00000000000073226271
-19.270000 0.00000000000074100365
-19.260000 0.00000000000074984889
-19.250000 0.00000000000075879986
-19.240000 0.00000000000076785756
-19.230000 0.00000000000077702341
-19.220000 0.00000000000078629879
-19.210000 0.00000000000079568475
-19.200000 0.00000000000080518288
-19.190000 0.00000000000081479437
-19.180000 0.00000000000082452052
-19.170000 0.00000000000083436294
-19.160000 0.00000000000084432273
-19.150000 0.00000000000085440143
-19.140000 0.00000000000086460058
-19.130000 0.00000000000087492132
-19.120000 0.00000000000088536539
-19.110000 0.00000000000089593414
-19.100000 0.00000000000090662895
-19.090000 0.00000000000091745162
-19.080000 0.00000000000092840336
-19.070000 0.00000000000093948583
-19.060000 0.00000000000095070076
-19.050000 0.00000000000096204941
-19.040000 0.00000000000097353363
-19.030000 0.00000000000098515499
-19.020000 0.00000000000099691496
-19.010000 0.00000000000100881550
-19.000000 0.00000000000102085800
-18.990000 0.00000000000103304423
-18.980000 0.00000000000104537613
-18.970000 0.00000000000105785506
-18.960000 0.00000000000107048305
-18.950000 0.00000000000108326188
-18.940000 0.00000000000109619310
-18.930000 0.00000000000110927888
-18.920000 0.00000000000112252080
-18.910000 0.00000000000113592073
-18.900000 0.00000000000114948086
-18.890000 0.00000000000116320267
-18.880000 0.00000000000117708836
-18.870000 0.00000000000119113994
-18.860000 0.00000000000120535909
-18.850000 0.00000000000121974818
-18.840000 0.00000000000123430898
-18.830000 0.00000000000124904353
-18.820000 0.00000000000126395422
-18.810000 0.00000000000127904272
-18.800000 0.00000000000129431139
-18.790000 0.00000000000130976252
-18.780000 0.00000000000132539788
-18.770000 0.00000000000134122010
-18.760000 0.00000000000135723118
-18.750000 0.00000000000137343328
-18.740000 0.00000000000138982907
-18.730000 0.00000000000140642041
-18.720000 0.00000000000142320984
-18.710000 0.00000000000144019992
-18.700000 0.00000000000145739258
-18.690000 0.00000000000147479069
-18.680000 0.00000000000149239652
-18.670000 0.00000000000151021236
-18.660000 0.00000000000152824120
-18.650000 0.00000000000154648507
-18.640000 0.00000000000156494675
-18.630000 0.00000000000158362909
-18.620000 0.00000000000160253419
-18.610000 0.00000000000162166516
-18.600000 0.00000000000164102461
-18.590000 0.00000000000166061497
-18.580000 0.00000000000168043951
-18.570000 0.00000000000170050056
-18.560000 0.00000000000172080107
-18.550000 0.00000000000174134425
-18.540000 0.00000000000176213238
-18.530000 0.00000000000178316885
-18.520000 0.00000000000180445661
-18.510000 0.00000000000182599825
-18.500000 0.00000000000184779740
-18.490000 0.00000000000186985666
-18.480000 0.00000000000189217918
-18.470000 0.00000000000191476857
-18.460000 0.00000000000193762734
-18.450000 0.00000000000196075913
-18.440000 0.00000000000198416730
-18.430000 0.00000000000200785462
-18.420000 0.00000000000203182508
-18.410000 0.00000000000205608161
-18.400000 0.00000000000208062760
-18.390000 0.00000000000210546705
-18.380000 0.00000000000213060272
-18.370000 0.00000000000215603858
-18.360000 0.00000000000218177841
-18.350000 0.00000000000220782518
-18.340000 0.00000000000223418325
-18.330000 0.00000000000226085597
-18.320000 0.00000000000228784693
-18.310000 0.00000000000231516059
-18.300000 0.00000000000234280003
-18.290000 0.00000000000237076950
-18.280000 0.00000000000239907327
-18.270000 0.00000000000242771455
-18.260000 0.00000000000245669809
-18.250000 0.00000000000248602773
-18.240000 0.00000000000251570725
-18.230000 0.00000000000254574162
-18.220000 0.00000000000257613427
-18.210000 0.00000000000260688977
-18.200000 0.00000000000263801292
-18.190000 0.00000000000266950721
-18.180000 0.00000000000270137780
-18.170000 0.00000000000273362905
-18.160000 0.00000000000276626500
-18.150000 0.00000000000279929113
-18.140000 0.00000000000283271129
-18.130000 0.00000000000286653040
-18.120000 0.00000000000290075382
-18.110000 0.00000000000293538536
-18.100000 0.00000000000297043064
-18.090000 0.00000000000300589459
-18.080000 0.00000000000304178152
-18.070000 0.00000000000307809748
-18.060000 0.00000000000311484681
-18.050000 0.00000000000315203476
-18.040000 0.00000000000318966734
-18.030000 0.00000000000322774871
-18.020000 0.00000000000326628497
-18.010000 0.00000000000330528171
-18.000000 0.00000000000334474354
-17.990000 0.00000000000338467710
-17.980000 0.00000000000342508730
-17.970000 0.00000000000346597975
-17.960000 0.00000000000350736114
-17.950000 0.00000000000354923608
-17.940000 0.00000000000359161116
-17.930000 0.00000000000363449268
-17.920000 0.00000000000367788560
-17.910000 0.00000000000372179718
-17.900000 0.00000000000376623302
-17.890000 0.00000000000381119908
-17.880000 0.00000000000385670279
-17.870000 0.00000000000390274930
-17.860000 0.00000000000394934568
-17.850000 0.00000000000399649905
-17.840000 0.00000000000404421475
-17.830000 0.00000000000409250071
-17.820000 0.00000000000414136331
-17.810000 0.00000000000419080888
-17.800000 0.00000000000424084566
-17.790000 0.00000000000429147939
-17.780000 0.00000000000434271769
-17.770000 0.00000000000439456855
-17.760000 0.00000000000444703778
-17.750000 0.00000000000450013398
-17.740000 0.00000000000455386443
-17.730000 0.00000000000460823586
-17.720000 0.00000000000466325738
-17.710000 0.00000000000471893543
-17.700000 0.00000000000477527819
-17.690000 0.00000000000483229460
-17.680000 0.00000000000488999101
-17.670000 0.00000000000494837677
-17.660000 0.00000000000500746013
-17.650000 0.00000000000506724825
-17.640000 0.00000000000512775120
-17.630000 0.00000000000518897623
-17.620000 0.00000000000525093208
-17.610000 0.00000000000531362877
-17.600000 0.00000000000537707324
-17.590000 0.00000000000544127564
-17.580000 0.00000000000550624530
-17.570000 0.00000000000557198989
-17.560000 0.00000000000563852045
-17.550000 0.00000000000570584522
-17.540000 0.00000000000577397352
-17.530000 0.00000000000584291649
-17.520000 0.00000000000591268183
-17.510000 0.00000000000598328049
-17.500000 0.00000000000605472301
-17.490000 0.00000000000612701764
-17.480000 0.00000000000620017646
-17.470000 0.00000000000627420882
-17.460000 0.00000000000634912465
-17.450000 0.00000000000642493635
-17.440000 0.00000000000650165246
-17.430000 0.00000000000657928479
-17.420000 0.00000000000665784520
-17.410000 0.00000000000673734260
-17.400000 0.00000000000681779017
-17.390000 0.00000000000689919859
-17.380000 0.00000000000698157837
-17.370000 0.00000000000706494327
-17.360000 0.00000000000714930284
-17.350000 0.00000000000723466978
-17.340000 0.00000000000732105740
-17.330000 0.00000000000740847539
-17.320000 0.00000000000749693808
-17.310000 0.00000000000758645762
-17.300000 0.00000000000767704519
-17.290000 0.00000000000776871600
-17.280000 0.00000000000786148078
-17.270000 0.00000000000795535314
-17.260000 0.00000000000805034801
-17.250000 0.00000000000814647596
-17.240000 0.00000000000824375254
-17.230000 0.00000000000834219155
-17.220000 0.00000000000844180490
-17.210000 0.00000000000854260936
-17.200000 0.00000000000864461705
-17.190000 0.00000000000874784250
-17.180000 0.00000000000885230240
-17.170000 0.00000000000895800838
-17.160000 0.00000000000906497726
-17.150000 0.00000000000917322467
-17.140000 0.00000000000928276335
-17.130000 0.00000000000939361172
-17.120000 0.00000000000950578351
-17.110000 0.00000000000961929423
-17.100000 0.00000000000973416247
-17.090000 0.00000000000985040108
-17.080000 0.00000000000996802825
-17.070000 0.00000000001008706160
-17.060000 0.00000000001020751485
-17.050000 0.00000000001032940814
-17.040000 0.00000000001045275708
-17.030000 0.00000000001057757818
-17.020000 0.00000000001070389211
-17.010000 0.00000000001083171314
-17.000000 0.00000000001096106090
-16.990000 0.00000000001109195520
-16.980000 0.00000000001122441088
-16.970000 0.00000000001135844988
-16.960000 0.00000000001149409004
-16.950000 0.00000000001163134884
-16.940000 0.00000000001177024923
-16.930000 0.00000000001191080715
-16.920000 0.00000000001205304370
-16.910000 0.00000000001219698114
-16.900000 0.00000000001234263558
-16.890000 0.00000000001249003088
-16.880000 0.00000000001263918737
-16.870000 0.00000000001279012359
-16.860000 0.00000000001294286494
-16.850000 0.00000000001309742933
-16.840000 0.00000000001325383938
-16.830000 0.00000000001341212001
-16.820000 0.00000000001357228883
-16.810000 0.00000000001373437174
-16.800000 0.00000000001389839180
-16.790000 0.00000000001406436880
-16.780000 0.00000000001423233070
-16.770000 0.00000000001440229772
-16.760000 0.00000000001457429407
-16.750000 0.00000000001474834757
-16.740000 0.00000000001492447759
-16.730000 0.00000000001510271217
-16.720000 0.00000000001528307739
-16.710000 0.00000000001546559446
-16.700000 0.00000000001565029406
-16.690000 0.00000000001583719913
-16.680000 0.00000000001602633546
-16.670000 0.00000000001621773407
-16.660000 0.00000000001641141638
-16.650000 0.00000000001660741269
-16.640000 0.00000000001680575240
-16.630000 0.00000000001700645834
-16.620000 0.00000000001720956408
-16.610000 0.00000000001741509570
-16.600000 0.00000000001762308065
-16.590000 0.00000000001783355340
-16.580000 0.00000000001804653777
-16.570000 0.00000000001826206641
-16.560000 0.00000000001848017242
-16.550000 0.00000000001870088048
-16.540000 0.00000000001892422716
-16.530000 0.00000000001915024226
-16.520000 0.00000000001937895485
-16.510000 0.00000000001961040318
-16.500000 0.00000000001984461388
-16.490000 0.00000000002008162207
-16.480000 0.00000000002032146487
-16.470000 0.00000000002056416913
-16.460000 0.00000000002080977461
-16.450000 0.00000000002105831524
-16.440000 0.00000000002130982189
-16.430000 0.00000000002156433687
-16.420000 0.00000000002182189011
-16.410000 0.00000000002208251924
-16.400000 0.00000000002234626584
-16.390000 0.00000000002261315928
-16.380000 0.00000000002288324267
-16.370000 0.00000000002315655453
-16.360000 0.00000000002343312778
-16.350000 0.00000000002371300903
-16.340000 0.00000000002399623207
-16.330000 0.00000000002428283715
-16.320000 0.00000000002457287069
-16.310000 0.00000000002486636500
-16.300000 0.00000000002516336676
-16.290000 0.00000000002546391953
-16.280000 0.00000000002576805859
-16.270000 0.00000000002607583509
-16.260000 0.00000000002638728733
-16.250000 0.00000000002670245825
-16.240000 0.00000000002702139957
-16.230000 0.00000000002734414701
-16.220000 0.00000000002767075102
-16.210000 0.00000000002800126072
-16.200000 0.00000000002833571409
-16.190000 0.00000000002867416705
-16.180000 0.00000000002901666322
-16.170000 0.00000000002936324822
-16.160000 0.00000000002971397956
-16.150000 0.00000000003006889698
-16.140000 0.00000000003042805485
-16.130000 0.00000000003079150841
-16.120000 0.00000000003115929876
-16.110000 0.00000000003153148685
-16.100000 0.00000000003190812244
-16.090000 0.00000000003228925388
-16.080000 0.00000000003267494500
-16.070000 0.00000000003306524023
-16.060000 0.00000000003346019800
-16.050000 0.00000000003385988031
-16.040000 0.00000000003426433189
-16.030000 0.00000000003467361894
-16.020000 0.00000000003508779817
-16.010000 0.00000000003550692093
-16.000000 0.00000000003593105777
-15.990000 0.00000000003636025866
-15.980000 0.00000000003679458624
-15.970000 0.00000000003723410989
-15.960000 0.00000000003767887855
-15.950000 0.00000000003812896406
-15.940000 0.00000000003858443073
-15.930000 0.00000000003904533336
-15.920000 0.00000000003951174964
-15.910000 0.00000000003998373602
-15.900000 0.00000000004046135947
-15.890000 0.00000000004094469745
-15.880000 0.00000000004143380383
-15.870000 0.00000000004192875637
-15.860000 0.00000000004242962780
-15.850000 0.00000000004293647685
-15.840000 0.00000000004344938878
-15.830000 0.00000000004396842759
-15.820000 0.00000000004449366469
-15.810000 0.00000000004502518640
-15.800000 0.00000000004556305231
-15.790000 0.00000000004610734640
-15.780000 0.00000000004665815070
-15.770000 0.00000000004721552847
-15.760000 0.00000000004777957290
-15.750000 0.00000000004835035688
-15.740000 0.00000000004892795626
-15.730000 0.00000000004951246703
-15.720000 0.00000000005010395550
-15.710000 0.00000000005070251217
-15.700000 0.00000000005130822928
-15.690000 0.00000000005192117532
-15.680000 0.00000000005254145180
-15.670000 0.00000000005316914191
-15.660000 0.00000000005380432607
-15.650000 0.00000000005444711073
-15.640000 0.00000000005509757010
-15.630000 0.00000000005575580143
-15.620000 0.00000000005642190821
-15.610000 0.00000000005709596498
-15.600000 0.00000000005777808207
-15.590000 0.00000000005846835418
-15.580000 0.00000000005916686679
-15.570000 0.00000000005987373754
-15.560000 0.00000000006058904987
-15.550000 0.00000000006131290807
-15.540000 0.00000000006204542792
-15.530000 0.00000000006278669103
-15.520000 0.00000000006353681705
-15.510000 0.00000000006429591343
-15.500000 0.00000000006506407138
-15.490000 0.00000000006584142045
-15.480000 0.00000000006662805490
-15.470000 0.00000000006742408620
-15.460000 0.00000000006822964366
-15.450000 0.00000000006904481710
-15.440000 0.00000000006986973602
-15.430000 0.00000000007070452192
-15.420000 0.00000000007154927259
-15.410000 0.00000000007240413015
-15.400000 0.00000000007326920156
-15.390000 0.00000000007414460562
-15.380000 0.00000000007503048638
-15.370000 0.00000000007592694328
-15.360000 0.00000000007683411618
-15.350000 0.00000000007775214207
-15.340000 0.00000000007868112632
-15.330000 0.00000000007962122422
-15.320000 0.00000000008057255762
-15.310000 0.00000000008153525274
-15.300000 0.00000000008250946969
-15.290000 0.00000000008349531920
-15.280000 0.00000000008449295194
-15.270000 0.00000000008550252195
-15.260000 0.00000000008652414334
-15.250000 0.00000000008755798526
-15.240000 0.00000000008860418678
-15.230000 0.00000000008966288170
-15.220000 0.00000000009073424758
-15.210000 0.00000000009181840836
-15.200000 0.00000000009291552596
-15.190000 0.00000000009402577315
-15.180000 0.00000000009514927421
-15.170000 0.00000000009628621294
-15.160000 0.00000000009743674763
-15.150000 0.00000000009860102051
-15.140000 0.00000000009977922781
-15.130000 0.00000000010097150892
-15.120000 0.00000000010217803742
-15.110000 0.00000000010339900664
-15.100000 0.00000000010463455264
-15.090000 0.00000000010588487478
-15.080000 0.00000000010715015257
-15.070000 0.00000000010843053787
-15.060000 0.00000000010972624671
-15.050000 0.00000000011103743661
-15.040000 0.00000000011236429311
-15.030000 0.00000000011370703202
-15.020000 0.00000000011506580322
-15.010000 0.00000000011644082242
-15.000000 0.00000000011783229262
-14.990000 0.00000000011924037666
-14.980000 0.00000000012066531148
-14.970000 0.00000000012210727586
-14.960000 0.00000000012356646753
-14.950000 0.00000000012504312690
-14.940000 0.00000000012653741993
-14.930000 0.00000000012804957958
-14.920000 0.00000000012957983468
-14.910000 0.00000000013112836075
-14.900000 0.00000000013269541667
-14.890000 0.00000000013428120617
-14.880000 0.00000000013588593922
-14.870000 0.00000000013750988307
-14.860000 0.00000000013915322257
-14.850000 0.00000000014081620867
-14.840000 0.00000000014249909863
-14.830000 0.00000000014420208264
-14.820000 0.00000000014592544260
-14.810000 0.00000000014766941104
-14.800000 0.00000000014943421057
-14.790000 0.00000000015122013752
-14.780000 0.00000000015302739884
-14.770000 0.00000000015485626421
-14.760000 0.00000000015670702215
-14.750000 0.00000000015857987984
-14.740000 0.00000000016047514359
-14.730000 0.00000000016239307801
-14.720000 0.00000000016433391982
-14.710000 0.00000000016629799642
-14.700000 0.00000000016828554068
-14.690000 0.00000000017029684162
-14.680000 0.00000000017233222205
-14.670000 0.00000000017439190892
-14.660000 0.00000000017647623443
-14.650000 0.00000000017858549860
-14.640000 0.00000000018071995427
-14.630000 0.00000000018287996178
-14.620000 0.00000000018506578439
-14.610000 0.00000000018727773099
-14.600000 0.00000000018951616191
-14.590000 0.00000000019178132721
-14.580000 0.00000000019407358635
-14.570000 0.00000000019639327849
-14.560000 0.00000000019874067491
-14.550000 0.00000000020111617072
-14.540000 0.00000000020352006482
-14.530000 0.00000000020595268631
-14.520000 0.00000000020841443655
-14.510000 0.00000000021090559261
-14.500000 0.00000000021342654257
-14.490000 0.00000000021597766876
-14.480000 0.00000000021855926365
-14.470000 0.00000000022117175887
-14.460000 0.00000000022381549510
-14.450000 0.00000000022649082180
-14.440000 0.00000000022919818508
-14.430000 0.00000000023193789363
-14.420000 0.00000000023471036548
-14.410000 0.00000000023751603043
-14.400000 0.00000000024035520548
-14.390000 0.00000000024322836058
-14.380000 0.00000000024613588461
-14.370000 0.00000000024907814805
-14.360000 0.00000000025205564549
-14.350000 0.00000000025506872267
-14.340000 0.00000000025811782876
-14.330000 0.00000000026120344571
-14.320000 0.00000000026432591901
-14.310000 0.00000000026748575927
-14.300000 0.00000000027068340887
-14.290000 0.00000000027391926196
-14.280000 0.00000000027719386485
-14.270000 0.00000000028050760672
-14.260000 0.00000000028386096890
-14.250000 0.00000000028725449055
-14.240000 0.00000000029068855031
-14.230000 0.00000000029416370185
-14.220000 0.00000000029768044673
-14.210000 0.00000000030123920604
-14.200000 0.00000000030484058094
-14.190000 0.00000000030848501156
-14.180000 0.00000000031217301225
-14.170000 0.00000000031590518476
-14.160000 0.00000000031968194648
-14.150000 0.00000000032350389644
-14.140000 0.00000000032737160157
-14.130000 0.00000000033128551380
-14.120000 0.00000000033524629220
-14.110000 0.00000000033925443664
-14.100000 0.00000000034331049503
-14.090000 0.00000000034741513757
-14.080000 0.00000000035156882690
-14.070000 0.00000000035577220975
-14.060000 0.00000000036002592506
-14.050000 0.00000000036433046029
-14.040000 0.00000000036868653527
-14.030000 0.00000000037309471989
-14.020000 0.00000000037755559586
-14.010000 0.00000000038206990807
-14.000000 0.00000000038663817214
-13.990000 0.00000000039126108462
-13.980000 0.00000000039593936372
-13.970000 0.00000000040067353801
-13.960000 0.00000000040546439113
-13.950000 0.00000000041031257353
-13.940000 0.00000000041521870203
-13.930000 0.00000000042018360231
-13.920000 0.00000000042520785215
-13.910000 0.00000000043029219987
-13.900000 0.00000000043543745074
-13.890000 0.00000000044064418106
-13.880000 0.00000000044591324221
-13.870000 0.00000000045124537403
-13.860000 0.00000000045664123292
-13.850000 0.00000000046210173073
-13.840000 0.00000000046762751808
-13.830000 0.00000000047321939677
-13.820000 0.00000000047887826756
-13.810000 0.00000000048460476234
-13.800000 0.00000000049039980419
-13.790000 0.00000000049626423180
-13.780000 0.00000000050219874666
-13.770000 0.00000000050820435201
-13.760000 0.00000000051428178390
-13.750000 0.00000000052043189898
-13.740000 0.00000000052665570253
-13.730000 0.00000000053295389135
-13.720000 0.00000000053932746412
-13.710000 0.00000000054577736866
-13.700000 0.00000000055230435816
-13.690000 0.00000000055890953225
-13.680000 0.00000000056559372717
-13.670000 0.00000000057235785533
-13.660000 0.00000000057920303626
-13.650000 0.00000000058613004266
-13.640000 0.00000000059313995258
-13.630000 0.00000000060023383413
-13.620000 0.00000000060741250004
-13.610000 0.00000000061467715108
-13.600000 0.00000000062202874089
-13.590000 0.00000000062946823805
-13.580000 0.00000000063699688666
-13.570000 0.00000000064461554837
-13.560000 0.00000000065232538413
-13.550000 0.00000000066012759440
-13.540000 0.00000000066802306083
-13.530000 0.00000000067601309052
-13.520000 0.00000000068409877183
-13.510000 0.00000000069228113195
-13.500000 0.00000000070056154978
-13.490000 0.00000000070894099114
-13.480000 0.00000000071742070315
-13.470000 0.00000000072600203167
-13.460000 0.00000000073468593839
-13.450000 0.00000000074347384329
-13.440000 0.00000000075236698406
-13.430000 0.00000000076136645421
-13.420000 0.00000000077047377620
-13.410000 0.00000000077969003807
-13.400000 0.00000000078901657591
-13.390000 0.00000000079845489502
-13.380000 0.00000000080800605032
-13.370000 0.00000000081767158126
-13.360000 0.00000000082745289068
-13.350000 0.00000000083735114767
-13.340000 0.00000000084736802693
-13.330000 0.00000000085750475981
-13.320000 0.00000000086776277361
-13.310000 0.00000000087814374818
-13.300000 0.00000000088864884731
-13.290000 0.00000000089927973640
-13.280000 0.00000000091003800061
-13.270000 0.00000000092092489566
-13.260000 0.00000000093194225687
-13.250000 0.00000000094309148363
-13.240000 0.00000000095437409594
-13.230000 0.00000000096579196439
-13.220000 0.00000000097734638013
-13.210000 0.00000000098903914076
-13.200000 0.00000000100087203240
-13.190000 0.00000000101284641063
-13.180000 0.00000000102496427914
-13.170000 0.00000000103722723435
-13.160000 0.00000000104963688947
-13.150000 0.00000000106219532320
-13.140000 0.00000000107490397585
-13.130000 0.00000000108776478310
-13.120000 0.00000000110077975222
-13.110000 0.00000000111395035433
-13.100000 0.00000000112727877042
-13.090000 0.00000000114076682215
-13.080000 0.00000000115441622087
-13.070000 0.00000000116822927002
-13.060000 0.00000000118220758479
-13.050000 0.00000000119635324428
-13.040000 0.00000000121066849868
-13.030000 0.00000000122515495339
-13.020000 0.00000000123981497759
-13.010000 0.00000000125465064256
-13.000000 0.00000000126966377076
-12.990000 0.00000000128485690503
-12.980000 0.00000000130023186562
-12.970000 0.00000000131579087973
-12.960000 0.00000000133153646392
-12.950000 0.00000000134747038001
-12.940000 0.00000000136359519636
-12.930000 0.00000000137991326031
-12.920000 0.00000000139642652097
-12.910000 0.00000000141313777501
-12.900000 0.00000000143004908318
-12.890000 0.00000000144716282443
-12.880000 0.00000000146448180692
-12.870000 0.00000000148200797520
-12.860000 0.00000000149974410752
-12.850000 0.00000000151769285601
-12.840000 0.00000000153585631509
-12.830000 0.00000000155423754905
-12.820000 0.00000000157283890070
-12.810000 0.00000000159166290314
-12.800000 0.00000000161071268321
-12.790000 0.00000000162999039922
-12.780000 0.00000000164949904973
-12.770000 0.00000000166924162279
-12.760000 0.00000000168922038031
-12.750000 0.00000000170943866715
-12.740000 0.00000000172989915681
-12.730000 0.00000000175060453731
-12.720000 0.00000000177155828312
-12.710000 0.00000000179276280300
-12.700000 0.00000000181422132556
-12.690000 0.00000000183593720850
-12.680000 0.00000000185791290764
-12.670000 0.00000000188015206356
-12.660000 0.00000000190265772657
-12.650000 0.00000000192543274906
-12.640000 0.00000000194848098053
-12.630000 0.00000000197180512329
-12.620000 0.00000000199540864493
-12.610000 0.00000000201929530916
-12.600000 0.00000000204346779716
-12.590000 0.00000000206793006351
-12.580000 0.00000000209268557594
-12.570000 0.00000000211773737314
-12.560000 0.00000000214308970400
-12.550000 0.00000000216874561513
-12.540000 0.00000000219470882072
-12.530000 0.00000000222098352976
-12.520000 0.00000000224757268606
-12.510000 0.00000000227448057640
-12.500000 0.00000000230171113020
-12.490000 0.00000000232926759862
-12.480000 0.00000000235715465387
-12.470000 0.00000000238537574644
-12.460000 0.00000000241393484314
-12.450000 0.00000000244283664036
-12.440000 0.00000000247208438877
-12.430000 0.00000000250168272522
-12.420000 0.00000000253163608887
-12.410000 0.00000000256194797468
-12.400000 0.00000000259262350115
-12.390000 0.00000000262366659246
-12.380000 0.00000000265508147188
-12.370000 0.00000000268687336853
-12.360000 0.00000000271904589208
-12.350000 0.00000000275160404673
-12.340000 0.00000000278455283350
-12.330000 0.00000000281789602848
-12.320000 0.00000000285163921796
-12.310000 0.00000000288578688136
-12.300000 0.00000000292034349970
-12.290000 0.00000000295531488321
-12.280000 0.00000000299070506217
-12.270000 0.00000000302651942438
-12.260000 0.00000000306276358907
-12.250000 0.00000000309944165796
-12.240000 0.00000000313655971101
-12.230000 0.00000000317412285817
-12.220000 0.00000000321213585612
-12.210000 0.00000000325060514119
-12.200000 0.00000000328953523683
-12.190000 0.00000000332893192916
-12.180000 0.00000000336880151650
-12.170000 0.00000000340914847909
-12.160000 0.00000000344997942100
-12.150000 0.00000000349130015076
-12.140000 0.00000000353311573757
-12.130000 0.00000000357543328447
-12.120000 0.00000000361825789339
-12.110000 0.00000000366159576138
-12.100000 0.00000000370545393151
-12.090000 0.00000000374983732527
-12.080000 0.00000000379475310119
-12.070000 0.00000000384020784043
-12.060000 0.00000000388620696886
-12.050000 0.00000000393275829602
-12.040000 0.00000000397986760244
-12.030000 0.00000000402754150600
-12.020000 0.00000000407578786510
-12.010000 0.00000000412461211675
-12.000000 0.00000000417402200379
-11.990000 0.00000000422402496044
-11.980000 0.00000000427462682194
-11.970000 0.00000000432583614259
-11.960000 0.00000000437765949885
-11.950000 0.00000000443010393571
-11.940000 0.00000000448317820261
-11.930000 0.00000000453688833995
-11.920000 0.00000000459124270358
-11.910000 0.00000000464624966801
-11.900000 0.00000000470191554077
-11.890000 0.00000000475824965667
-11.880000 0.00000000481525952493
-11.870000 0.00000000487295261984
-11.860000 0.00000000493133866278
-11.850000 0.00000000499042440117
-11.840000 0.00000000505021883087
-11.830000 0.00000000511073136107
-11.820000 0.00000000517196884651
-11.810000 0.00000000523394144668
-11.800000 0.00000000529665772669
-11.790000 0.00000000536012562344
-11.780000 0.00000000542435590439
-11.770000 0.00000000548935614599
-11.760000 0.00000000555513600856
-11.750000 0.00000000562170603795
-11.740000 0.00000000568907372511
-11.730000 0.00000000575725010508
-11.720000 0.00000000582624491279
-11.710000 0.00000000589606661000
-11.700000 0.00000000596672707785
-11.690000 0.00000000603823486539
-11.680000 0.00000000611060031831
-11.670000 0.00000000618383522901
-11.660000 0.00000000625794783033
-11.650000 0.00000000633295008348
-11.640000 0.00000000640885301732
-11.630000 0.00000000648566569278
-11.620000 0.00000000656340117108
-11.610000 0.00000000664206914235
-11.600000 0.00000000672168065386
-11.590000 0.00000000680224886281
-11.580000 0.00000000688378286901
-11.570000 0.00000000696629560959
-11.560000 0.00000000704979954213
-11.550000 0.00000000713430441560
-11.540000 0.00000000721982453495
-11.530000 0.00000000730637092878
-11.520000 0.00000000739395535619
-11.510000 0.00000000748259246601
-11.500000 0.00000000757229237290
-11.490000 0.00000000766306903785
-11.480000 0.00000000775493649328
-11.470000 0.00000000784790528227
-11.460000 0.00000000794199101326
-11.450000 0.00000000803720628258
-11.440000 0.00000000813356356545
-11.430000 0.00000000823107913756
-11.420000 0.00000000832976430288
-11.410000 0.00000000842963409122
-11.400000 0.00000000853070426811
-11.390000 0.00000000863298629691
-11.380000 0.00000000873649716503
-11.370000 0.00000000884125123824
-11.360000 0.00000000894726176905
-11.350000 0.00000000905454678221
-11.340000 0.00000000916311897658
-11.330000 0.00000000927299449137
-11.320000 0.00000000938419099616
-11.310000 0.00000000949672102469
-11.300000 0.00000000961060302825
-11.290000 0.00000000972585333328
-11.280000 0.00000000984248607443
-11.270000 0.00000000996052113853
-11.260000 0.00000001007997286101
-11.250000 0.00000001020085852520
-11.240000 0.00000001032319788902
-11.230000 0.00000001044700473460
-11.220000 0.00000001057229906180
-11.210000 0.00000001069909936581
-11.200000 0.00000001082742078893
-11.190000 0.00000001095728519080
-11.180000 0.00000001108870882716
-11.170000 0.00000001122171015224
-11.160000 0.00000001135631121055
-11.150000 0.00000001149252724348
-11.140000 0.00000001163037988255
-11.130000 0.00000001176989001784
-11.120000 0.00000001191107394922
-11.110000 0.00000001205395561527
-11.100000 0.00000001219855352455
-11.090000 0.00000001234488731883
-11.080000 0.00000001249298154196
-11.070000 0.00000001264285314385
-11.060000 0.00000001279452546768
-11.050000 0.00000001294802204369
-11.040000 0.00000001310336050818
-11.030000 0.00000001326056697905
-11.020000 0.00000001341966260148
-11.010000 0.00000001358066821381
-11.000000 0.00000001374361108526
-10.990000 0.00000001390851016834
-10.980000 0.00000001407539059292
-10.970000 0.00000001424427879493
-10.960000 0.00000001441519396012
-10.950000 0.00000001458816451434
-10.940000 0.00000001476321457092
-10.930000 0.00000001494036627557
-10.920000 0.00000001511964982493
-10.910000 0.00000001530108652063
-10.900000 0.00000001548470334692
-10.890000 0.00000001567052993236
-10.880000 0.00000001585858726532
-10.870000 0.00000001604890622189
-10.860000 0.00000001624151420457
-10.850000 0.00000001643643484358
-10.840000 0.00000001663370145205
-10.830000 0.00000001683333808817
-10.820000 0.00000001703537364823
-10.810000 0.00000001723984126287
-10.800000 0.00000001744676402345
-10.790000 0.00000001765617539803
-10.780000 0.00000001786810642784
-10.770000 0.00000001808258243961
-10.760000 0.00000001829964004803
-10.750000 0.00000001851930654626
-10.740000 0.00000001874161278699
-10.730000 0.00000001896659573583
-10.720000 0.00000001919428094296
-10.710000 0.00000001942470460750
-10.700000 0.00000001965790178930
-10.690000 0.00000001989389976487
-10.680000 0.00000002013273862773
-10.670000 0.00000002037444946672
-10.660000 0.00000002061906511816
-10.650000 0.00000002086662673999
-10.640000 0.00000002111716276179
-10.630000 0.00000002137071224762
-10.620000 0.00000002162731468810
-10.610000 0.00000002188699961168
-10.600000 0.00000002214981075990
-10.590000 0.00000002241578365955
-10.580000 0.00000002268495314999
-10.570000 0.00000002295736495949
-10.560000 0.00000002323305089343
-10.550000 0.00000002351205300621
-10.540000 0.00000002379441566553
-10.530000 0.00000002408017101159
-10.520000 0.00000002436936665347
-10.510000 0.00000002466204310225
-10.500000 0.00000002495823739915
-10.490000 0.00000002525800017783
-10.480000 0.00000002556136720429
-10.470000 0.00000002586838363637
-10.460000 0.00000002617909920126
-10.450000 0.00000002649354907864
-10.440000 0.00000002681178498377
-10.430000 0.00000002713385295196
-10.420000 0.00000002745979252599
-10.410000 0.00000002778965956163
-10.400000 0.00000002812349447329
-10.390000 0.00000002846134561848
-10.380000 0.00000002880326860416
-10.370000 0.00000002914930215704
-10.360000 0.00000002949950233635
-10.350000 0.00000002985392128964
-10.340000 0.00000003021260141985
-10.330000 0.00000003057560411492
-10.320000 0.00000003094297524537
-10.310000 0.00000003131476644205
-10.300000 0.00000003169103975170
-10.290000 0.00000003207183804923
-10.280000 0.00000003245722197122
-10.270000 0.00000003284725041666
-10.260000 0.00000003324196907719
-10.250000 0.00000003364144516962
-10.240000 0.00000003404573096746
-10.230000 0.00000003445488141965
-10.220000 0.00000003486896561398
-10.210000 0.00000003528803128435
-10.200000 0.00000003571214386921
-10.190000 0.00000003614136971272
-10.180000 0.00000003657575830637
-10.170000 0.00000003701538298248
-10.160000 0.00000003746030349186
-10.150000 0.00000003791057814355
-10.140000 0.00000003836628369907
-10.130000 0.00000003882747359028
-10.120000 0.00000003929421826775
-10.110000 0.00000003976659227230
-10.100000 0.00000004024464950405
-10.090000 0.00000004072846978533
-10.080000 0.00000004121812124777
-10.070000 0.00000004171366591460
-10.060000 0.00000004221518877832
-10.050000 0.00000004272274995726
-10.040000 0.00000004323642510370
-10.030000 0.00000004375629776752
-10.020000 0.00000004428242698125
-10.010000 0.00000004481489945854
-10.000000 0.00000004535379262147
-9.990000 0.00000004589917271534
-9.980000 0.00000004645113349544
-9.970000 0.00000004700974292947
-9.960000 0.00000004757508203239
-9.950000 0.00000004814724423978
-9.940000 0.00000004872629457540
-9.930000 0.00000004931232704421
-9.920000 0.00000004990542934966
-9.910000 0.00000005050567256684
-9.900000 0.00000005111315973445
-9.890000 0.00000005172796803529
-9.880000 0.00000005235018397006
-9.870000 0.00000005297991180386
-9.860000 0.00000005361722356912
-9.850000 0.00000005426222095463
-9.840000 0.00000005491500302291
-9.830000 0.00000005557564640501
-9.820000 0.00000005624426392108
-9.810000 0.00000005692094357059
-9.800000 0.00000005760577741407
-9.790000 0.00000005829888155987
-9.780000 0.00000005900033625230
-9.770000 0.00000005971025124164
-9.760000 0.00000006042873811944
-9.750000 0.00000006115587993903
-9.740000 0.00000006189179978984
-9.730000 0.00000006263659828518
-9.720000 0.00000006339037313532
-9.710000 0.00000006415325335211
-9.700000 0.00000006492532881209
-9.690000 0.00000006570671768079
-9.680000 0.00000006649754534661
-9.670000 0.00000006729790231702
-9.660000 0.00000006810792259039
-9.650000 0.00000006892772089339
-9.640000 0.00000006975740121315
-9.630000 0.00000007059710639487
-9.620000 0.00000007144693762128
-9.610000 0.00000007230702179188
-9.600000 0.00000007317749946330
-9.590000 0.00000007405846982394
-9.580000 0.00000007495007845782
-9.570000 0.00000007585245574066
-9.560000 0.00000007676571279885
-9.550000 0.00000007769000720635
-9.540000 0.00000007862545342168
-9.530000 0.00000007957218734899
-9.520000 0.00000008053036619328
-9.510000 0.00000008150009928005
-9.500000 0.00000008248154445360
-9.490000 0.00000008347484941236
-9.480000 0.00000008448013345390
-9.470000 0.00000008549756975756
-9.460000 0.00000008652728837148
-9.450000 0.00000008756943441104
-9.440000 0.00000008862418332400
-9.430000 0.00000008969165629823
-9.420000 0.00000009077202410068
-9.410000 0.00000009186545357347
-9.400000 0.00000009297207341845
-9.390000 0.00000009409207325908
-9.380000 0.00000009522560144716
-9.370000 0.00000009637281243309
-9.360000 0.00000009753390162076
-9.350000 0.00000009870900410107
-9.340000 0.00000009989830420112
-9.330000 0.00000010110198988458
-9.320000 0.00000010232020072885
-9.310000 0.00000010355314363620
-9.300000 0.00000010480098826929
-9.290000 0.00000010606389860374
-9.280000 0.00000010734209177914
-9.270000 0.00000010863571919901
-9.260000 0.00000010994497934793
-9.250000 0.00000011127008345547
-9.240000 0.00000011261118372715
-9.230000 0.00000011396850543809
-9.220000 0.00000011534224206097
-9.210000 0.00000011673256820236
-9.200000 0.00000011813972429514
-9.190000 0.00000011956388089603
-9.180000 0.00000012100525118558
-9.170000 0.00000012246407197972
-9.160000 0.00000012394051019629
-9.150000 0.00000012543481062802
-9.140000 0.00000012694719315679
-9.130000 0.00000012847784448772
-9.120000 0.00000013002702985959
-9.110000 0.00000013159494232551
-9.100000 0.00000013318181021924
-9.090000 0.00000013478789844923
-9.080000 0.00000013641339111980
-9.070000 0.00000013805855368333
-9.060000 0.00000013972363526492
-9.050000 0.00000014140883642472
-9.040000 0.00000014311444868858
-9.030000 0.00000014484069153473
-9.020000 0.00000014658780879942
-9.010000 0.00000014835609618439
-9.000000 0.00000015014575791275
-8.990000 0.00000015195708121840
-8.980000 0.00000015379034755497
-8.970000 0.00000015564577343662
-8.960000 0.00000015752367809404
-8.950000 0.00000015942431204048
-8.940000 0.00000016134793482378
-8.930000 0.00000016329487584315
-8.920000 0.00000016526536290967
-8.910000 0.00000016725970611941
-8.900000 0.00000016927822260743
-8.890000 0.00000017132114734678
-8.880000 0.00000017338882870956
-8.870000 0.00000017548155327938
-8.860000 0.00000017759959671275
-8.850000 0.00000017974332509954
-8.840000 0.00000018191299393655
-8.830000 0.00000018410893719522
-8.820000 0.00000018633151132950
-8.810000 0.00000018858097275564
-8.800000 0.00000019085770086201
-8.790000 0.00000019316202248748
-8.780000 0.00000019549423134030
-8.770000 0.00000019785473282218
-8.760000 0.00000020024381494782
-8.750000 0.00000020266183647849
-8.740000 0.00000020510919712567
-8.730000 0.00000020758617829857
-8.720000 0.00000021009319234609
-8.710000 0.00000021263061077435
-8.700000 0.00000021519874784826
-8.690000 0.00000021779805084597
-8.680000 0.00000022042884598950
-8.670000 0.00000022309151760749
-8.660000 0.00000022578651292540
-8.650000 0.00000022851414256071
-8.640000 0.00000023127485376397
-8.630000 0.00000023406906752257
-8.620000 0.00000023689712165599
-8.610000 0.00000023975950783215
-8.600000 0.00000024265659716886
-8.590000 0.00000024558880015714
-8.580000 0.00000024855661612682
-8.570000 0.00000025156038990086
-8.560000 0.00000025460060554041
-8.550000 0.00000025767773875822
-8.540000 0.00000026079215451179
-8.530000 0.00000026394439126610
-8.520000 0.00000026713487288626
-8.510000 0.00000027036403638374
-8.500000 0.00000027363243813219
-8.490000 0.00000027694046307447
-8.480000 0.00000028028863392303
-8.470000 0.00000028367748681915
-8.460000 0.00000028710741813544
-8.450000 0.00000029057901562226
-8.440000 0.00000029409276433297
-8.430000 0.00000029764912861867
-8.420000 0.00000030124872694497
-8.410000 0.00000030489199136325
-8.400000 0.00000030857948496565
-8.390000 0.00000031231181051361
-8.380000 0.00000031608940089192
-8.370000 0.00000031991289635813
-8.360000 0.00000032378285019917
-8.350000 0.00000032769975751265
-8.340000 0.00000033166430329061
-8.330000 0.00000033567697493773
-8.320000 0.00000033973837748842
-8.310000 0.00000034384918703382
-8.300000 0.00000034800987903569
-8.290000 0.00000035222114957616
-8.280000 0.00000035648362769160
-8.270000 0.00000036079784351571
-8.260000 0.00000036516455293536
-8.250000 0.00000036958430842044
-8.240000 0.00000037405775827959
-8.230000 0.00000037858565919057
-8.220000 0.00000038316853639638
-8.210000 0.00000038780714511993
-8.200000 0.00000039250219835420
-8.190000 0.00000039725426640365
-8.180000 0.00000040206418033549
-8.170000 0.00000040693256910793
-8.160000 0.00000041186012532756
-8.150000 0.00000041684769409149
-8.140000 0.00000042189585896820
-8.130000 0.00000042700543758695
-8.120000 0.00000043217723584536
-8.110000 0.00000043741187035738
-8.100000 0.00000044271025148042
-8.090000 0.00000044807309807763
-8.080000 0.00000045350114767601
-8.070000 0.00000045899534222804
-8.060000 0.00000046455633374459
-8.050000 0.00000047018500541535
-8.040000 0.00000047588226578236
-8.030000 0.00000048164878509805
-8.020000 0.00000048748555735069
-8.010000 0.00000049339340548246
-8.000000 0.00000049937311361362
-7.990000 0.00000050542572909563
-7.980000 0.00000051155198434209
-7.970000 0.00000051775283107084
-7.960000 0.00000052402929105180
-7.950000 0.00000053038209691317
-7.940000 0.00000053681233183053
-7.930000 0.00000054332093475827
-7.920000 0.00000054990874237706
-7.910000 0.00000055657691498582
-7.900000 0.00000056332627951867
-7.890000 0.00000057015785891174
-7.880000 0.00000057707279964269
-7.870000 0.00000058407190711547
-7.860000 0.00000059115635938513
-7.850000 0.00000059832722427616
-7.840000 0.00000060558539840501
-7.830000 0.00000061293216249970
-7.820000 0.00000062036845465459
-7.810000 0.00000062789537132627
-7.800000 0.00000063551419612881
-7.790000 0.00000064322581960182
-7.780000 0.00000065103152037893
-7.770000 0.00000065893250920905
-7.760000 0.00000066692975147465
-7.750000 0.00000067502465568389
-7.740000 0.00000068321829067509
-7.730000 0.00000069151182820680
-7.720000 0.00000069990670245855
-7.710000 0.00000070840390377174
-7.700000 0.00000071700481698138
-7.690000 0.00000072571081109933
-7.680000 0.00000073452293083420
-7.670000 0.00000074344271953683
-7.660000 0.00000075247139980630
-7.650000 0.00000076161021980472
-7.640000 0.00000077086077875631
-7.630000 0.00000078022418417984
-7.620000 0.00000078970193255468
-7.610000 0.00000079929556786931
-7.600000 0.00000080900622677078
-7.590000 0.00000081883559508367
-7.580000 0.00000082878507302763
-7.570000 0.00000083885598855607
-7.560000 0.00000084905012046185
-7.550000 0.00000085936871399539
-7.540000 0.00000086981338241626
-7.530000 0.00000088038586287139
-7.520000 0.00000089108739898859
-7.510000 0.00000090191982869466
-7.500000 0.00000091288475018275
-7.490000 0.00000092398358165011
-7.480000 0.00000093521829440057
-7.470000 0.00000094659029569473
-7.460000 0.00000095810132024528
-7.450000 0.00000096975331810250
-7.440000 0.00000098154765778911
-7.430000 0.00000099348633916656
-7.420000 0.00000100557118051095
-7.410000 0.00000101780370300617
-7.400000 0.00000103018608336543
-7.390000 0.00000104271991949564
-7.380000 0.00000105540707158401
-7.370000 0.00000106824972398731
-7.360000 0.00000108124939142558
-7.350000 0.00000109440824556013
-7.340000 0.00000110772834894579
-7.330000 0.00000112121134101397
-7.320000 0.00000113485961658690
-7.310000 0.00000114867499794686
-7.300000 0.00000116265947389754
-7.290000 0.00000117681548625809
-7.280000 0.00000119114472123953
-7.270000 0.00000120564953205996
-7.260000 0.00000122033225199285
-7.250000 0.00000123519465697461
-7.240000 0.00000125023937216851
-7.230000 0.00000126546848390695
-7.220000 0.00000128088411159915
-7.210000 0.00000129648897952724
-7.200000 0.00000131228497538116
-7.190000 0.00000132827464340874
-7.180000 0.00000134446061645012
-7.170000 0.00000136084482876274
-7.160000 0.00000137743014938491
-7.150000 0.00000139421896899919
-7.140000 0.00000141121354443819
-7.130000 0.00000142841690727677
-7.120000 0.00000144583118218545
-7.110000 0.00000146345911341342
-7.100000 0.00000148130366479292
-7.090000 0.00000149936695493639
-7.080000 0.00000151765211354299
-7.070000 0.00000153616187063637
-7.060000 0.00000155489863880881
-7.050000 0.00000157386577930729
-7.040000 0.00000159306569575230
-7.030000 0.00000161250134059849
-7.020000 0.00000163217604284634
-7.010000 0.00000165209213648786
-7.000000 0.00000167225302900476
-6.990000 0.00000169266182801506
-6.980000 0.00000171332112401682
-6.970000 0.00000173423463034321
-6.960000 0.00000175540507911192
-6.950000 0.00000177683563809548
-6.940000 0.00000179853003856517
-6.930000 0.00000182049086681234
-6.920000 0.00000184272182532602
-6.910000 0.00000186522644124324
-6.900000 0.00000188800750950065
-6.890000 0.00000191106911764705
-6.880000 0.00000193441438471307
-6.870000 0.00000195804669941763
-6.860000 0.00000198197023550769
-6.850000 0.00000200618787544669
-6.840000 0.00000203070363382046
-6.830000 0.00000205552150316870
-6.820000 0.00000208064451462531
-6.810000 0.00000210607715134074
-6.800000 0.00000213182298804256
-6.790000 0.00000215788563806828
-6.780000 0.00000218426976112108
-6.770000 0.00000221097858789845
-6.760000 0.00000223801646173796
-6.750000 0.00000226538789072551
-6.740000 0.00000229309618016438
-6.730000 0.00000232114623304945
-6.720000 0.00000234954214818417
-6.710000 0.00000237828777718913
-6.700000 0.00000240738830847563
-6.690000 0.00000243684738266951
-6.680000 0.00000246666968770937
-6.670000 0.00000249686030194312
-6.660000 0.00000252742285019000
-6.650000 0.00000255836268477777
-6.640000 0.00000258968448929823
-6.630000 0.00000262139238591806
-6.620000 0.00000265349213084255
-6.610000 0.00000268598784763656
-6.600000 0.00000271888458342621
-6.590000 0.00000275218804643223
-6.580000 0.00000278590223507386
-6.570000 0.00000282003298111763
-6.560000 0.00000285458561962609
-6.550000 0.00000288956458207665
-6.540000 0.00000292497623179340
-6.530000 0.00000296082526157062
-6.520000 0.00000299711709048716
-6.510000 0.00000303385812147224
-6.500000 0.00000307105279096581
-6.490000 0.00000310870744056258
-6.480000 0.00000314682813001018
-6.470000 0.00000318541964656402
-6.460000 0.00000322448899963026
-6.450000 0.00000326404155309081
-6.440000 0.00000330408310824253
-6.430000 0.00000334462083311768
-6.420000 0.00000338565967880853
-6.410000 0.00000342720652700782
-6.400000 0.00000346926824242802
-6.390000 0.00000351185002375854
-6.380000 0.00000355495956430467
-6.370000 0.00000359860301912685
-6.360000 0.00000364278657868483
-6.350000 0.00000368751825240100
-6.340000 0.00000373280359705767
-6.330000 0.00000377865006408670
-6.320000 0.00000382506541107231
-6.310000 0.00000387205531473553
-6.300000 0.00000391962819620211
-6.290000 0.00000396779111843738
-6.280000 0.00000401655068840073
-6.270000 0.00000406591583117863
-6.260000 0.00000411589281725633
-6.250000 0.00000416648969618148
-6.240000 0.00000421771521453222
-6.230000 0.00000426957560666589
-6.220000 0.00000432208007383437
-6.210000 0.00000437523669338210
-6.200000 0.00000442905254581020
-6.190000 0.00000448353754094545
-6.180000 0.00000453869879096911
-6.170000 0.00000459454496986990
-6.160000 0.00000465108591816978
-6.150000 0.00000470832852290515
-6.140000 0.00000476628281901546
-6.130000 0.00000482495801552823
-6.120000 0.00000488436173493619
-6.110000 0.00000494450494160448
-6.100000 0.00000500539574089688
-6.090000 0.00000506704345455019
-6.080000 0.00000512945913144062
-6.070000 0.00000519265042462399
-6.060000 0.00000525662825701958
-6.050000 0.00000532140309841920
-6.040000 0.00000538698319541412
-6.030000 0.00000545338063637495
-6.020000 0.00000552060469893265
-6.010000 0.00000558866537168056
-6.000000 0.00000565757503636860
-5.990000 0.00000572734224707018
-5.980000 0.00000579797886902809
-5.970000 0.00000586949677466605
-5.960000 0.00000594190493310106
-5.950000 0.00000601521662455817
-5.940000 0.00000608944251024181
-5.930000 0.00000616459325924937
-5.920000 0.00000624068272143283
-5.910000 0.00000631772051248619
-5.900000 0.00000639571949350456
-5.890000 0.00000647469309526868
-5.880000 0.00000655465112731851
-5.870000 0.00000663560814224536
-5.860000 0.00000671757638602562
-5.850000 0.00000680056726264135
-5.840000 0.00000688459622066494
-5.830000 0.00000696967412825164
-5.820000 0.00000705581489397256
-5.810000 0.00000714303367767963
-5.800000 0.00000723134127042505
-5.790000 0.00000732075359112990
-5.780000 0.00000741128465945224
-5.770000 0.00000750294671600015
-5.760000 0.00000759575693181460
-5.750000 0.00000768972765402613
-5.740000 0.00000778487388704105
-5.730000 0.00000788121270667572
-5.720000 0.00000797875605417015
-5.710000 0.00000807752131142834
-5.700000 0.00000817752448045933
-5.690000 0.00000827877876066974
-5.680000 0.00000838130317120684
-5.670000 0.00000848511180673862
-5.660000 0.00000859022081092036
-5.650000 0.00000869664937984880
-5.640000 0.00000880441080639850
-5.630000 0.00000891352403393269
-5.620000 0.00000902400727706033
-5.610000 0.00000913587484066710
-5.600000 0.00000924914771774785
-5.590000 0.00000936384206859275
-5.580000 0.00000947997521250863
-5.570000 0.00000959756868890234
-5.560000 0.00000971663738261459
-5.550000 0.00000983720189762854
-5.540000 0.00000995928291493632
-5.530000 0.00001008289602093323
-5.520000 0.00001020806430640102
-5.510000 0.00001033480637242599
-5.500000 0.00001046314074202783
-5.490000 0.00001059309154059767
-5.480000 0.00001072467553136442
-5.470000 0.00001085791507730639
-5.460000 0.00001099283360520979
-5.450000 0.00001112944819410670
-5.440000 0.00001126778418206522
-5.430000 0.00001140786296261538
-5.420000 0.00001154970437002206
-5.410000 0.00001169333534903842
-5.400000 0.00001183877488228282
-5.390000 0.00001198604718744848
-5.380000 0.00001213517874438808
-5.370000 0.00001228618837780852
-5.360000 0.00001243910384462093
-5.350000 0.00001259394967038574
-5.340000 0.00001275074718446138
-5.330000 0.00001290952637621644
-5.320000 0.00001307030885323652
-5.310000 0.00001323312077864033
-5.300000 0.00001339799202285585
-5.290000 0.00001356494345928950
-5.280000 0.00001373400544113524
-5.270000 0.00001390520600230433
-5.260000 0.00001407856818822244
-5.250000 0.00001425412526291287
-5.240000 0.00001443190194085456
-5.230000 0.00001461192641335647
-5.220000 0.00001479423231168048
-5.210000 0.00001497884292050977
-5.200000 0.00001516579137124105
-5.190000 0.00001535510962278051
-5.180000 0.00001554682270223792
-5.170000 0.00001574096738010510
-5.160000 0.00001593757204988730
-5.150000 0.00001613666700226507
-5.140000 0.00001633829003498865
-5.130000 0.00001654246727747339
-5.120000 0.00001674923482383361
-5.110000 0.00001695862901883048
-5.100000 0.00001717067719048253
-5.090000 0.00001738541984696946
-5.080000 0.00001760288973476020
-5.070000 0.00001782311930374205
-5.060000 0.00001804615096039931
-5.050000 0.00001827201419661911
-5.040000 0.00001850074825386660
-5.030000 0.00001873239437204476
-5.020000 0.00001896698256359674
-5.010000 0.00001920455735654148
-5.000000 0.00001944515647544345
-4.990000 0.00001968881474221162
-4.980000 0.00001993557959716915
-4.970000 0.00002018548451256305
-4.960000 0.00002043857205876262
-4.950000 0.00002069488893307031
-4.940000 0.00002095446829288605
-4.930000 0.00002121735900553323
-4.920000 0.00002148360439406648
-4.910000 0.00002175324199005354
-4.900000 0.00002202632468572752
-4.890000 0.00002230289067050386
-4.880000 0.00002258298601805079
-4.870000 0.00002286666350318938
-4.860000 0.00002315395998097501
-4.850000 0.00002344492899066874
-4.840000 0.00002373962014407571
-4.830000 0.00002403807408875370
-4.820000 0.00002434034959887817
-4.810000 0.00002464649045897387
-4.800000 0.00002495654640809640
-4.790000 0.00002527057698181218
-4.780000 0.00002558862339573014
-4.770000 0.00002591074420466435
-4.760000 0.00002623699607660380
-4.750000 0.00002656742326428811
-4.740000 0.00002690209086081690
-4.730000 0.00002724104929118149
-4.720000 0.00002758435210316081
-4.710000 0.00002793206634500786
-4.700000 0.00002828423838744243
-4.690000 0.00002864093215238693
-4.680000 0.00002900221221662791
-4.670000 0.00002936812702711621
-4.660000 0.00002973874843807157
-4.650000 0.00003011413474394303
-4.640000 0.00003049434343268836
-4.630000 0.00003087944988690479
-4.620000 0.00003126950658417639
-4.610000 0.00003166458316892369
-4.600000 0.00003206475307328842
-4.590000 0.00003247006964763703
-4.580000 0.00003288061205081699
-4.570000 0.00003329644758154381
-4.560000 0.00003371763809224932
-4.550000 0.00003414426809268284
-4.540000 0.00003457639730663146
-4.530000 0.00003501410145481891
-4.520000 0.00003545746387481940
-4.510000 0.00003590654367415134
-4.500000 0.00003636142792570269
-4.490000 0.00003682219408885344
-4.480000 0.00003728890901325949
-4.470000 0.00003776166713047504
-4.460000 0.00003824053677358402
-4.450000 0.00003872560008479463
-4.440000 0.00003921695147115688
-4.430000 0.00003971465682477647
-4.420000 0.00004021881177225459
-4.410000 0.00004072950522668794
-4.400000 0.00004124680979775719
-4.390000 0.00004177083066338380
-4.380000 0.00004230164639585709
-4.370000 0.00004283934588639732
-4.360000 0.00004338403590091191
-4.350000 0.00004393579035215533
-4.340000 0.00004449471408725309
-4.330000 0.00004506090891816429
-4.320000 0.00004563445413488230
-4.310000 0.00004621546650806551
-4.300000 0.00004680403679721380
-4.290000 0.00004740026094095892
-4.280000 0.00004800425949113877
-4.270000 0.00004861611586767469
-4.260000 0.00004923594482752644
-4.250000 0.00004986386269588319
-4.240000 0.00005049995655390978
-4.230000 0.00005114435563595851
-4.220000 0.00005179716517404446
-4.210000 0.00005245848845091155
-4.200000 0.00005312846136850872
-4.190000 0.00005380717864100864
-4.180000 0.00005449476564046200
-4.170000 0.00005519135500786834
-4.160000 0.00005589704295688504
-4.150000 0.00005661197225981366
-4.140000 0.00005733626473534131
-4.130000 0.00005807003186848037
-4.120000 0.00005881342643326689
-4.110000 0.00005956655658582682
-4.100000 0.00006032955902554760
-4.090000 0.00006110258472107810
-4.080000 0.00006188574063845656
-4.070000 0.00006267918428543899
-4.060000 0.00006348305627778177
-4.050000 0.00006429747751926767
-4.040000 0.00006512261921150280
-4.030000 0.00006595860553288548
-4.020000 0.00006680558521740711
-4.010000 0.00006766372980577059
-4.000000 0.00006853315897287455
-3.990000 0.00006941404623120369
-3.980000 0.00007030655348068372
-3.970000 0.00007121081251389538
-3.960000 0.00007212701459123037
-3.950000 0.00007305530301267395
-3.940000 0.00007399583923338538
-3.930000 0.00007494881786888239
-3.920000 0.00007591437366601082
-3.910000 0.00007689269747957043
-3.900000 0.00007788397529158949
-3.890000 0.00007888835156203394
-3.880000 0.00007990603930482104
-3.870000 0.00008093720466353983
-3.860000 0.00008198202245997225
-3.850000 0.00008304071317408270
-3.840000 0.00008411342947888667
-3.830000 0.00008520038097131080
-3.820000 0.00008630178086265564
-3.810000 0.00008741778843429762
-3.800000 0.00008854864023095176
-3.790000 0.00008969452959855822
-3.780000 0.00009085564541422895
-3.770000 0.00009203223709350511
-3.760000 0.00009322447868305127
-3.750000 0.00009443259997446672
-3.740000 0.00009565684494795756
-3.730000 0.00009689739031708431
-3.720000 0.00009815449835099165
-3.710000 0.00009942839366661432
-3.700000 0.00010071928097162304
-3.690000 0.00010202744164558634
-3.680000 0.00010335307527302835
-3.670000 0.00010469643333163123
-3.660000 0.00010605779455128186
-3.650000 0.00010743735624415906
-3.640000 0.00010883540884526879
-3.630000 0.00011025221260440278
-3.620000 0.00011168799047627637
-3.610000 0.00011314305896278150
-3.600000 0.00011461764821667640
-3.590000 0.00011611203291252971
-3.580000 0.00011762653100666683
-3.570000 0.00011916136425239574
-3.560000 0.00012071685386908586
-3.550000 0.00012229330068635967
-3.540000 0.00012389094883586714
-3.530000 0.00012551015329676321
-3.520000 0.00012715118086763173
-3.510000 0.00012881433092351219
-3.500000 0.00013049996568171931
-3.490000 0.00013220833600200471
-3.480000 0.00013393979668388349
-3.470000 0.00013569469474867656
-3.460000 0.00013747329906380878
-3.450000 0.00013927600662240095
-3.440000 0.00014110312821330749
-3.430000 0.00014295498937271411
-3.420000 0.00014483200224096304
-3.410000 0.00014673445245135154
-3.400000 0.00014866273135257137
-3.390000 0.00015061723852568136
-3.380000 0.00015259827190350819
-3.370000 0.00015460627428062521
-3.360000 0.00015664160903205326
-3.350000 0.00015870462950790638
-3.340000 0.00016079580404562740
-3.330000 0.00016291545993954901
-3.320000 0.00016506402822005065
-3.310000 0.00016724196825672623
-3.300000 0.00016944961232250348
-3.290000 0.00017168745368401295
-3.280000 0.00017395591646207330
-3.270000 0.00017625538561618151
-3.260000 0.00017858639198492380
-3.250000 0.00018094931289892101
-3.240000 0.00018334462234879245
-3.230000 0.00018577284770223117
-3.220000 0.00018823436200647193
-3.210000 0.00019072971421489100
-3.200000 0.00019325939816225337
-3.190000 0.00019582383542620741
-3.180000 0.00019842362606368506
-3.170000 0.00020105920763216359
-3.160000 0.00020373110047949513
-3.150000 0.00020643990929973731
-3.140000 0.00020918605577235387
-3.130000 0.00021197015021198469
-3.120000 0.00021479276644331393
-3.110000 0.00021765436876446540
-3.100000 0.00022055563369954777
-3.090000 0.00022349707144078459
-3.080000 0.00022647925216770666
-3.070000 0.00022950286850650985
-3.060000 0.00023256840037660749
-3.050000 0.00023567652560999835
-3.040000 0.00023882790980523248
-3.030000 0.00024202306743466626
-3.020000 0.00024526275926740459
-3.010000 0.00024854758324998965
-3.000000 0.00025187816288699440
-2.990000 0.00025525529080320597
-2.980000 0.00025867951691869778
-2.970000 0.00026215159323711846
-2.960000 0.00026567229065647648
-2.950000 0.00026924218294928462
-2.940000 0.00027286212365420121
-2.930000 0.00027653281620067217
-2.920000 0.00028025494156106069
-2.910000 0.00028402940586024069
-2.900000 0.00028785684343221683
-2.890000 0.00029173808761356483
-2.880000 0.00029567403014250259
-2.870000 0.00029966531528947141
-2.860000 0.00030371289986630878
-2.850000 0.00030781761004935299
-2.840000 0.00031198019278579200
-2.830000 0.00031620168160678718
-2.820000 0.00032048281294652132
-2.810000 0.00032482450914007090
-2.800000 0.00032922780064277091
-2.790000 0.00033369341599177117
-2.780000 0.00033822242710160192
-2.770000 0.00034281580236033329
-2.760000 0.00034747436567772694
-2.750000 0.00035219929316423977
-2.740000 0.00035699144508586923
-2.730000 0.00036185184092695530
-2.720000 0.00036678167045080061
-2.710000 0.00037178176342595023
-2.700000 0.00037685331997730433
-2.690000 0.00038199747331274758
-2.680000 0.00038721513778740816
-2.670000 0.00039250764878960017
-2.660000 0.00039787601715846570
-2.650000 0.00040332136812133419
-2.640000 0.00040884507450018810
-2.630000 0.00041444808823992881
-2.620000 0.00042013175217987570
-2.610000 0.00042589739064877500
-2.600000 0.00043174602505025516
-2.590000 0.00043767916836209213
-2.580000 0.00044369801495498340
-2.570000 0.00044980380476154481
-2.560000 0.00045599812110088246
-2.550000 0.00046228206400682968
-2.540000 0.00046865713505504997
-2.530000 0.00047512488034665853
-2.520000 0.00048168644884843910
-2.510000 0.00048834355172344408
-2.500000 0.00049509760575516424
-2.490000 0.00050194997660424974
-2.480000 0.00050890248923622346
-2.470000 0.00051595642390065647
-2.460000 0.00052311345857044764
-2.450000 0.00053037539691007276
-2.440000 0.00053774354087966466
-2.430000 0.00054521982523893263
-2.420000 0.00055280592840889595
-2.410000 0.00056050336217166382
-2.400000 0.00056831422624858377
-2.390000 0.00057624002102501051
-2.380000 0.00058428262028569378
-2.370000 0.00059244412713881230
-2.360000 0.00060072602816166288
-2.350000 0.00060913051076515656
-2.340000 0.00061765956045738537
-2.330000 0.00062631486117673571
-2.320000 0.00063509882451511662
-2.310000 0.00064401322071353580
-2.300000 0.00065306014063606086
-2.290000 0.00066224203595105448
-2.280000 0.00067156061730248547
-2.270000 0.00068101835768240575
-2.260000 0.00069061760343903423
-2.250000 0.00070036024295015947
-2.240000 0.00071024904153337855
-2.230000 0.00072028610136335141
-2.220000 0.00073047375357281671
-2.210000 0.00074081485613065011
-2.200000 0.00075131139311327181
-2.190000 0.00076196616042509149
-2.180000 0.00077278192898830767
-2.170000 0.00078376083183706710
-2.160000 0.00079490603514114223
-2.150000 0.00080622005071676376
-2.140000 0.00081770547509323944
-2.130000 0.00082936564058555735
-2.120000 0.00084120286667016433
-2.110000 0.00085322031448108117
-2.100000 0.00086542125527967371
-2.090000 0.00087780811707891047
-2.080000 0.00089038452142387687
-2.070000 0.00090315348255981358
-2.060000 0.00091611789415477858
-2.050000 0.00092928164167547969
-2.040000 0.00094264745802561832
-2.030000 0.00095621891750869218
-2.020000 0.00096999988202835805
-2.010000 0.00098399313780768330
-2.000000 0.00099820282933285294
-1.990000 0.00101263257115783421
-1.980000 0.00102728560761316851
-1.970000 0.00104216646421715817
-1.960000 0.00105727838584610489
-1.950000 0.00107262541420323596
-1.940000 0.00108821210973138768
-1.930000 0.00110404169662506454
-1.920000 0.00112011892108979799
-1.910000 0.00113644811467743527
-1.900000 0.00115303294046548437
-1.890000 0.00116987866423183128
-1.880000 0.00118698916763619123
-1.870000 0.00120436902095538852
-1.860000 0.00122202361236221110
-1.850000 0.00123995670498594154
-1.840000 0.00125817373814546556
-1.830000 0.00127667990126683955
-1.820000 0.00129547936155121105
-1.810000 0.00131457824087344972
-1.800000 0.00133398121614057650
-1.790000 0.00135369345486841246
-1.780000 0.00137372132786399794
-1.770000 0.00139406926535746403
-1.760000 0.00141474350566907561
-1.750000 0.00143575026638977153
-1.740000 0.00145709432630502221
-1.730000 0.00147878279684463660
-1.720000 0.00150082135170752015
-1.710000 0.00152321583207743806
-1.700000 0.00154597377716065437
-1.690000 0.00156910044728933830
-1.680000 0.00159260300201912223
-1.670000 0.00161648889292327169
-1.660000 0.00164076364594008392
-1.650000 0.00166543551922197362
-1.640000 0.00169051142659714044
-1.630000 0.00171599797994062748
-1.620000 0.00174190410481816376
-1.610000 0.00176823609902617166
-1.600000 0.00179500218341272920
-1.590000 0.00182221129166781209
-1.580000 0.00184986986793315099
-1.570000 0.00187798751006976769
-1.560000 0.00190657263784182953
-1.550000 0.00193563278381110029
-1.540000 0.00196517850454348266
-1.530000 0.00199521739849496324
-1.520000 0.00202575890608368541
-1.510000 0.00205681374034601778
-1.500000 0.00208838947874054933
-1.490000 0.00212049728202905706
-1.480000 0.00215314739433117731
-1.470000 0.00218634845498820668
-1.460000 0.00222011293185366693
-1.450000 0.00225445005594311848
-1.440000 0.00228937066169588449
-1.430000 0.00232488759288394537
-1.420000 0.00236100982843096387
-1.410000 0.00239775034370810032
-1.400000 0.00243512158489312585
-1.390000 0.00247313352370668108
-1.380000 0.00251180085213395391
-1.370000 0.00255113484661649527
-1.360000 0.00259114791917115263
-1.350000 0.00263185544944063163
-1.340000 0.00267326814598503821
-1.330000 0.00271540107083224772
-1.320000 0.00275826930723900663
-1.310000 0.00280188442542117586
-1.300000 0.00284626367255275689
-1.290000 0.00289142087064632371
-1.280000 0.00293737018507722819
-1.270000 0.00298412997645715414
-1.260000 0.00303171307034576102
-1.250000 0.00308013688519170317
-1.240000 0.00312941961429283582
-1.230000 0.00317957472332487060
-1.220000 0.00323062234049524815
-1.210000 0.00328257937035505119
-1.200000 0.00333546190227303153
-1.190000 0.00338929170692607888
-1.180000 0.00344408415143053915
-1.170000 0.00349985922675525229
-1.160000 0.00355663868920046491
-1.150000 0.00361443819253451717
-1.140000 0.00367328101202099794
-1.130000 0.00373318757621336414
-1.120000 0.00379417606646877603
-1.110000 0.00385627194722050481
-1.100000 0.00391949351623948217
-1.090000 0.00398386339194249477
-1.080000 0.00404940718699449160
-1.070000 0.00411614293899117099
-1.060000 0.00418409709939843340
-1.050000 0.00425329384474259706
-1.040000 0.00432375343149914940
-1.030000 0.00439550494000439697
-1.020000 0.00446856976487208443
-1.010000 0.00454297282969579139
-1.000000 0.00461874342855057417
-0.990000 0.00469590186363667665
-0.980000 0.00477447722724335527
-0.970000 0.00485449706209655288
-0.960000 0.00493598321686190920
-0.950000 0.00501896746847369478
-0.940000 0.00510347381067661685
-0.930000 0.00518952834751435377
-0.920000 0.00527716275565149641
-0.910000 0.00536639867856071508
-0.900000 0.00545726609156874185
-0.890000 0.00554979408035955260
-0.880000 0.00564400454272354427
-0.870000 0.00573992922395703906
-0.860000 0.00583759256128203296
-0.850000 0.00593701908382483420
-0.840000 0.00603823906485729308
-0.830000 0.00614127269035344339
-0.820000 0.00624614652958282220
-0.810000 0.00635288619261547942
-0.800000 0.00646150977107654359
-0.790000 0.00657204253555668510
-0.780000 0.00668450331622490353
-0.770000 0.00679890913315062562
-0.760000 0.00691527977429167665
-0.750000 0.00703362698599090553
-0.740000 0.00715396454008221210
-0.730000 0.00727630274451099724
-0.720000 0.00740064711138786312
-0.710000 0.00752700246440422393
-0.700000 0.00765536759939864243
-0.690000 0.00778573969676053541
-0.680000 0.00791810819054631493
-0.670000 0.00805246039525864439
-0.660000 0.00818877792429417370
-0.650000 0.00832703001693044058
-0.640000 0.00846719071463489931
-0.630000 0.00860921568167423781
-0.620000 0.00875305244627709589
-0.610000 0.00889865340854516414
-0.600000 0.00904593721033486280
-0.590000 0.00919483255598924423
-0.580000 0.00934525152003368512
-0.570000 0.00949707040653193293
-0.560000 0.00965019397361125027
-0.550000 0.00980447452950115178
-0.540000 0.00995974741948744621
-0.530000 0.01011587449831271093
-0.520000 0.01027263097806948612
-0.510000 0.01042982336763561071
-0.500000 0.01058723289218195182
-0.490000 0.01074455673199445696
-0.480000 0.01090156951225804485
-0.470000 0.01105794168481663391
-0.460000 0.01121331095628022752
-0.450000 0.01136739218673117092
-0.440000 0.01151973843119900864
-0.430000 0.01166997113500837201
-0.420000 0.01181770147881166730
-0.410000 0.01196240896268900046
-0.400000 0.01210373073181372945
-0.390000 0.01224117828615250113
-0.380000 0.01237426379484629288
-0.370000 0.01250264513398811200
-0.360000 0.01262584898195247100
-0.350000 0.01274354942344057239
-0.340000 0.01285546558147376145
-0.330000 0.01296132599080022929
-0.320000 0.01306101045462844390
-0.310000 0.01315440812083003459
-0.300000 0.01324151272291264683
-0.290000 0.01332234544386640476
-0.280000 0.01339698155236091794
-0.270000 0.01346552232712264034
-0.260000 0.01352806500257278284
-0.250000 0.01358477122410556119
-0.240000 0.01363577665888105958
-0.230000 0.01368125884219668041
-0.220000 0.01372146851118799006
-0.210000 0.01375659696305129263
-0.200000 0.01378694565644413006
-0.190000 0.01381282655085266237
-0.180000 0.01383450838032666309
-0.170000 0.01385240787659846630
-0.160000 0.01386685068536296778
-0.150000 0.01387821965620581258
-0.140000 0.01388698097663571863
-0.130000 0.01389345441281730070
-0.120000 0.01389809269159031184
-0.110000 0.01390129372200912296
-0.100000 0.01390335393861403916
-0.090000 0.01390465170556130781
-0.080000 0.01390540894303139013
-0.070000 0.01390583922608176759
-0.060000 0.01390610108614565715
-0.050000 0.01390626254208499057
-0.040000 0.01390637993527145747
-0.030000 0.01390646623893614792
-0.020000 0.01390652722570870879
-0.010000 0.01390656375778553597
0.000000 0.01390658314886502288
0.010000 0.01390657173744742729
0.020000 0.01390653746697727809
0.030000 0.01390648001403234878
0.040000 0.01390642762029546502
0.050000 0.01390646054213234319
0.060000 0.01390725360174729398
0.070000 0.01391006957753077380
0.080000 0.01391846531150276768
0.090000 0.01393974845044116534
0.100000 0.01398228675154115919
0.110000 0.01406373311485448196
0.120000 0.01420043114940436856
0.130000 0.01441577080649055799
0.140000 0.01474113867832801267
0.150000 0.01520030430440262939
0.160000 0.01583071789766684820
0.170000 0.01666665448884240008
0.180000 0.01773819297905341111
0.190000 0.01908701131463914208
0.200000 0.02074172824822959754
0.210000 0.02273649936517101525
0.220000 0.02510672086808068276
0.230000 0.02787559442297619580
0.240000 0.03107468629778197336
0.250000 0.03472891656134687033
0.260000 0.03885773468462696417
0.270000 0.04348527059278861628
0.280000 0.04862644071917122252
0.290000 0.05429715595181865140
0.300000 0.06051203864790762749
0.310000 0.06727934497860178775
0.320000 0.07460866956918234261
0.330000 0.08250362805471686545
0.340000 0.09096486688853058777
0.350000 0.09998675627820766132
0.360000 0.10955830353695633628
0.370000 0.11966520674791837620
0.380000 0.13028052389893468588
0.390000 0.14138200739599518507
0.400000 0.15293546062383495121
0.410000 0.16490141284410281264
0.420000 0.17724913215986770609
0.430000 0.18993104501950200391
0.440000 0.20290859224548657425
0.450000 0.21614330996062353085
0.460000 0.22958664259934874474
0.470000 0.24320631857100588613
0.480000 0.25696030182407841869
0.490000 0.27080840214763418627
0.500000 0.28472263979732514994
0.510000 0.29866436214522562587
0.520000 0.31260473222855172937
0.530000 0.32651800347314807738
0.540000 0.34037348166757142032
0.550000 0.35415197710140872145
0.560000 0.36783040229502406149
0.570000 0.38138763041842749235
0.580000 0.39480993421553772782
0.590000 0.40807929570756662496
0.600000 0.42118273841532694046
0.610000 0.43410970062890980037
0.620000 0.44684800824999953983
0.630000 0.45939048681035232757
0.640000 0.47172919890659947839
0.650000 0.48385737999937161735
0.660000 0.49577105398348320087
0.670000 0.50746548389282020164
0.680000 0.51893780902775210606
0.690000 0.53018604633395416403
0.700000 0.54120851105998069031
0.710000 0.55200471902687953119
0.720000 0.56257442464156426354
0.730000 0.57291829026214391440
0.740000 0.58303710484347603948
0.750000 0.59293236563463802558
0.760000 0.60260609526937591873
0.770000 0.61206002141222659585
0.780000 0.62129706008133822603
0.790000 0.63031971808952169667
0.800000 0.63913076766037735243
0.810000 0.64773392071191704389
0.820000 0.65613182808348757824
0.830000 0.66432823623188375084
0.840000 0.67232701401475636338
0.850000 0.68013109428956419755
0.860000 0.68774485956080133597
0.870000 0.69517184145413279950
0.880000 0.70241555178938763770
0.890000 0.70948052611469136775
0.900000 0.71636987795915452182
0.910000 0.72308773146256588582
0.920000 0.72963830635795234869
0.930000 0.73602463910464832608
0.940000 0.74225115240336436706
0.950000 0.74832146399730525843
0.960000 0.75423889097923191294
0.970000 0.76000779547036934058
0.980000 0.76563115802838332957
0.990000 0.77111272438331524004
1.000000 0.77645641761069195130
1.010000 0.78166496367308324622
1.020000 0.78674227566986776328
1.030000 0.79169165439867861256
1.040000 0.79651592510192492647
1.050000 0.80121889902209597611
1.060000 0.80580321161946899533
1.070000 0.81027199845784281251
1.080000 0.81462865891821512054
1.090000 0.81887549927401870331
1.100000 0.82301577766961131477
1.110000 0.82705234450988629469
1.120000 0.83098749811757632866
1.130000 0.83482441265043616507
1.140000 0.83856533600823601748
1.150000 0.84221278602785820677
1.160000 0.84576960438281689747
1.170000 0.84923769108536317773
1.180000 0.85261967400805649397
1.190000 0.85591794402188248192
1.200000 0.85913433217241963469
1.210000 0.86227141319544198250
1.220000 0.86533107313485191359
1.230000 0.86831528744006025722
1.240000 0.87122638592932011292
1.250000 0.87406591703695446505
1.260000 0.87683596329720581153
1.270000 0.87953849825874697022
1.280000 0.88217496902076486531
1.290000 0.88474743244463438518
1.300000 0.88725746050631204564
1.310000 0.88970658227677745788
1.320000 0.89209668781044093588
1.330000 0.89442903588297939521
1.340000 0.89670526053571897318
1.350000 0.89892697660007958582
1.360000 0.90109532679707593505
1.370000 0.90321194130597892702
1.380000 0.90527812279199015855
1.390000 0.90729505091874396161
1.400000 0.90926424858529319994
1.410000 0.91118674129188903521
1.420000 0.91306380401431086469
1.430000 0.91489675208277432272
1.440000 0.91668649096409404731
1.450000 0.91843430780842905126
1.460000 0.92014127734302841866
1.470000 0.92180831212601876956
1.480000 0.92343663383912211184
1.490000 0.92502708189408899830
1.500000 0.92658064801618000850
1.510000 0.92809840146638178382
1.520000 0.92958106402701567994
1.530000 0.93102965032062234840
1.540000 0.93244504513902959353
1.550000 0.93382795803772877807
1.560000 0.93517936654556332865
1.570000 0.93649996195649132247
1.580000 0.93779051435539884096
1.590000 0.93905189262082822133
1.600000 0.94028467644881130738
1.610000 0.94148966530264499575
1.620000 0.94266758711512699254
1.630000 0.94381899732779739320
1.640000 0.94494467694877015695
1.650000 0.94604519914021556470
1.660000 0.94712116128666812287
1.670000 0.94817326984326988359
1.680000 0.94920199429456786344
1.690000 0.95020796474391566733
1.700000 0.95119178022329264888
1.710000 0.95215387895363723381
1.720000 0.95309488442059908664
1.730000 0.95401527502451533014
1.740000 0.95491551396234053417
1.750000 0.95579617626265123143
1.760000 0.95665764548983234228
1.770000 0.95750041857044043692
1.780000 0.95832498887452333136
1.790000 0.95913170511757939174
1.800000 0.95992106540862154329
1.810000 0.96069346978787384383
1.820000 0.96144927914648836698
1.830000 0.96218896158243294447
1.840000 0.96291283323844778508
1.850000 0.96362128629464782748
1.860000 0.96431472758791469957
1.870000 0.96499343713106200404
1.880000 0.96565781341888157208
1.890000 0.96630819107995313821
1.900000 0.96694485337392677149
1.910000 0.96756818127332810953
1.920000 0.96817843761817912185
1.930000 0.96877593212614132590
1.940000 0.96936100075944231502
1.950000 0.96993387046643742000
1.960000 0.97049486049516109354
1.970000 0.97104425094612034641
1.980000 0.97158226590517482446
1.990000 0.97210921539989725293
2.000000 0.97262531978931054955
2.010000 0.97313082378458715116
2.020000 0.97362600525374598526
2.030000 0.97411104987315599857
2.040000 0.97458621374248111113
2.050000 0.97505173152965174399
2.060000 0.97550778198543230957
2.070000 0.97595461737184441287
2.080000 0.97639242390743608002
2.090000 0.97682139497846764975
2.100000 0.97724176077726676581
2.110000 0.97765367463820751492
2.120000 0.97805734224682927547
2.130000 0.97845296041297025180
2.140000 0.97884067296003196557
2.150000 0.97922068512313997779
2.160000 0.97959315538748115149
2.170000 0.97995823661390535353
2.180000 0.98031611979019039893
2.190000 0.98066693270502269808
2.200000 0.98101084071752520099
2.210000 0.98134800907454933228
2.220000 0.98167855452836361163
2.230000 0.98200264423082117560
2.240000 0.98232041328765784538
2.250000 0.98263198317474576005
2.260000 0.98293751236787274550
2.270000 0.98323710831159527590
2.280000 0.98353090404459131424
2.290000 0.98381903847740503899
2.300000 0.98410160724581696723
2.310000 0.98437874666439295623
2.320000 0.98465057193502047994
2.330000 0.98491718029849129046
2.340000 0.98517870320611400370
2.350000 0.98543523176365721561
2.360000 0.98568687305643432062
2.370000 0.98593374399715039136
2.380000 0.98617592363854900128
2.390000 0.98641352327435605218
2.400000 0.98664664117311673408
2.410000 0.98687535577158869149
2.420000 0.98709977605883381102
2.430000 0.98731997990610909088
2.440000 0.98753605352023787756
2.450000 0.98774809541822283787
2.460000 0.98795617153758918949
2.470000 0.98816037283029578564
2.480000 0.98836078316273467959
2.490000 0.98855746630788066120
2.500000 0.98875051258238011442
2.510000 0.98893998904533075844
2.520000 0.98912596507912897703
2.530000 0.98930852379773948080
2.540000 0.98948772068941037716
2.550000 0.98966363013685554328
2.560000 0.98983632375675489889
2.570000 0.99000585382625716502
2.580000 0.99017229514760751741
2.590000 0.99033570583840768720
2.600000 0.99049614173550848406
2.610000 0.99065367302740003908
2.620000 0.99080834681329144065
2.630000 0.99096022395511729197
2.640000 0.99110936564780116598
2.650000 0.99125581510591243006
2.660000 0.99139963432138811239
2.670000 0.99154087370440979754
2.680000 0.99167957842377663091
2.690000 0.99181580772317945449
2.700000 0.99194960191367820279
2.710000 0.99208101080531696514
2.720000 0.99221008672246002735
2.730000 0.99233686569336176930
2.740000 0.99246139913416620004
2.750000 0.99258373075673678176
2.760000 0.99270389734911868018
2.770000 0.99282194887264274552
2.780000 0.99293792010130854653
2.790000 0.99305185179716504162
2.800000 0.99316378872990918047
2.810000 0.99327376119409949151
2.820000 0.99338181186035356962
2.830000 0.99348797862667181935
2.840000 0.99359229166956275492
2.850000 0.99369479308198138678
2.860000 0.99379551308443514479
2.870000 0.99389448502093469262
2.880000 0.99399174722277694460
2.890000 0.99408732538014277225
2.900000 0.99418125492033060375
2.910000 0.99427356869963934294
2.920000 0.99436429165578732459
2.930000 0.99445345921448435877
2.940000 0.99454109782081145941
2.950000 0.99462723472928160628
2.960000 0.99471190277994625539
2.970000 0.99479512394037838963
2.980000 0.99487692762996027263
2.990000 0.99495734233544197433
3.000000 0.99503638882420419876
3.010000 0.99511409688011465136
3.020000 0.99519048977436841419
3.030000 0.99526558977493306823
3.040000 0.99533942502865446755
3.050000 0.99541201447207561248
3.060000 0.99548338253462387293
3.070000 0.99555355391731881198
3.080000 0.99562254605144928643
3.090000 0.99569038398204989804
3.100000 0.99575708818802743938
3.110000 0.99582267695353376968
3.120000 0.99588717437682583444
3.130000 0.99595059690837006716
3.140000 0.99601296482800427690
3.150000 0.99607429955731252580
3.160000 0.99613461584495888168
3.170000 0.99619393475707684882
3.180000 0.99625227430083929114
3.190000 0.99630964958449663715
3.200000 0.99636608121147629546
3.210000 0.99642158357769872179
3.220000 0.99647617350842143669
3.230000 0.99652986958436273746
3.240000 0.99658268438511010689
3.250000 0.99663463563201382112
3.260000 0.99668573914869085240
3.270000 0.99673600750256607927
3.280000 0.99678545828353926073
3.290000 0.99683410417645856860
3.300000 0.99688195912779709040
3.310000 0.99692903925702314183
3.320000 0.99697535537960657592
3.330000 0.99702092240209705398
3.340000 0.99706575422218390869
3.350000 0.99710986136691204251
3.360000 0.99715325883009187091
3.370000 0.99719595786036940854
3.380000 0.99723797000325165030
3.390000 0.99727930924539742730
3.400000 0.99731998495860951781
3.410000 0.99736000967827553865
3.420000 0.99739939560548340758
3.430000 0.99743815162221671766
3.440000 0.99747629049100849929
3.450000 0.99751382223545059791
3.460000 0.99755075640729651276
3.470000 0.99758710514113213552
3.480000 0.99762287661960646901
3.490000 0.99765808137886624607
3.500000 0.99769273012683956647
3.510000 0.99772683041349963240
3.520000 0.99776039309985797843
3.530000 0.99779342711200058602
3.540000 0.99782594039006167197
3.550000 0.99785794344509470832
3.560000 0.99788944347351826725
3.570000 0.99792044932448653594
3.580000 0.99795097039277336215
3.590000 0.99798101314486176161
3.600000 0.99801058682212206996
3.610000 0.99803969936349201664
3.620000 0.99806835740859489725
3.630000 0.99809657004566487704
3.640000 0.99812434364734292647
3.650000 0.99815168563830325432
3.660000 0.99817860425910298616
3.670000 0.99820510509053861359
3.680000 0.99823119599340637276
3.690000 0.99825688402119860942
3.700000 0.99828217476096381411
3.710000 0.99830707605605095711
3.720000 0.99833159358594247834
3.730000 0.99835573357182105791
3.740000 0.99837950324014490544
3.750000 0.99840290744386983590
3.760000 0.99842595286621704798
3.770000 0.99844864576824088331
3.780000 0.99847099088237079023
3.790000 0.99849299496433141510
3.800000 0.99851466310595549114
3.810000 0.99853600051120017245
3.820000 0.99855701351579206904
3.830000 0.99857770637116016754
3.840000 0.99859808475551592455
3.850000 0.99861815422202082626
3.860000 0.99863791880682761803
3.870000 0.99865738431861517110
3.880000 0.99867655534139698759
3.890000 0.99869543622490419832
3.900000 0.99871403252071366818
3.910000 0.99873234798010213087
3.920000 0.99875038742312161055
3.930000 0.99876815577152977532
3.940000 0.99878565649209161137
3.950000 0.99880289457652848828
3.960000 0.99881987414657791291
3.970000 0.99883659885487863228
3.980000 0.99885307355613639491
3.990000 0.99886930158308406824
4.000000 0.99888528702271350834
4.010000 0.99890103423431630958
4.020000 0.99891654621713976692
4.030000 0.99893182725861651150
4.040000 0.99894688105893825192
4.050000 0.99896171070256345459
4.060000 0.99897632042559758592
4.070000 0.99899071320814725183
4.080000 0.99900489251081892039
4.090000 0.99901886219237490128
4.100000 0.99903262486648847229
4.110000 0.99904618421321700339
4.120000 0.99905954354966930442
4.130000 0.99907270549605209364
4.140000 0.99908567374051959753
4.150000 0.99909845096398697262
4.160000 0.99911104009172013729
4.170000 0.99912344453746260164
4.180000 0.99913566659535946179
4.190000 0.99914770942151964750
4.200000 0.99915957598591587097
4.210000 0.99917126852840310036
4.220000 0.99918279025269340909
4.230000 0.99919414358399205600
4.240000 0.99920533098999919641
4.250000 0.99921635548909193414
4.260000 0.99922721910922662758
4.270000 0.99923792455443172233
4.280000 0.99924847448087650292
4.290000 0.99925887081588127270
4.300000 0.99926911633675874480
4.310000 0.99927921324509705325
4.320000 0.99928916362096509296
4.330000 0.99929897013055946076
4.340000 0.99930863457882568301
4.350000 0.99931815927966627378
4.360000 0.99932754660615763509
4.370000 0.99933679822797238934
4.380000 0.99934591655084525907
4.390000 0.99935490356994016725
4.400000 0.99936376104656177155
4.410000 0.99937249133026717640
4.420000 0.99938109603802627312
4.430000 0.99938957714705634050
4.440000 0.99939793677549348949
4.450000 0.99940617637984185961
4.460000 0.99941429804225945244
4.470000 0.99942230356744776731
4.480000 0.99943019445475833606
4.490000 0.99943797276961865439
4.500000 0.99944563996952628937
4.510000 0.99945319774114127487
4.520000 0.99946064797335598673
4.530000 0.99946799194560276280
4.540000 0.99947523145825667434
4.550000 0.99948236814099677972
4.560000 0.99948940327746904622
4.570000 0.99949633867880127713
4.580000 0.99950317566627044918
4.590000 0.99950991567581970454
4.600000 0.99951656039047476199
4.610000 0.99952311094192558549
4.620000 0.99952956888516975020
4.630000 0.99953593568960419358
4.640000 0.99954221246084817842
4.650000 0.99954840078295392747
4.660000 0.99955450186001515434
4.670000 0.99956051691168057438
4.680000 0.99956644743631306582
4.690000 0.99957229444173256727
4.700000 0.99957805926927811857
4.710000 0.99958374324199328331
4.720000 0.99958934731819248931
4.730000 0.99959487288029025276
4.740000 0.99960032102875318039
4.750000 0.99960569279877276028
4.760000 0.99961098952254567873
4.770000 0.99961621210347939570
4.780000 0.99962136169690540832
4.790000 0.99962643949256357878
4.800000 0.99963144632653666566
4.810000 0.99963638340403593308
4.820000 0.99964125172870810232
4.830000 0.99964605218311275436
4.840000 0.99965078594858047811
4.850000 0.99965545383999621087
4.860000 0.99966005685079128984
4.870000 0.99966459604955404394
4.880000 0.99966907217061218294
4.890000 0.99967348626356467012
4.900000 0.99967783924182540556
4.910000 0.99968213186168364270
4.920000 0.99968636516786246737
4.930000 0.99969053989972478380
4.940000 0.99969465690982883821
4.950000 0.99969871715686597913
4.960000 0.99970272129014536855
4.970000 0.99970667022264991797
4.980000 0.99971056478409126012
4.990000 0.99971440562612035041
5.000000 0.99971819367012904056
5.010000 0.99972192959062256001
5.020000 0.99972561411762839167
5.030000 0.99972924811031693704
5.040000 0.99973283214667096885
5.050000 0.99973636701977419694
5.060000 0.99973985348199745360
5.070000 0.99974329209811263475
5.080000 0.99974668367846653005
5.090000 0.99975002884147445847
5.100000 0.99975332821063833677
5.110000 0.99975658255513866202
5.120000 0.99975979239284640254
5.130000 0.99976295841165241374
5.140000 0.99976608129270683190
5.150000 0.99976916152848926966
5.160000 0.99977219983003517978
5.170000 0.99977519676562542905
5.180000 0.99977815286748028534
5.190000 0.99978106882309170089
5.200000 0.99978394509941270751
5.210000 0.99978678229208284289
5.220000 0.99978958101685899695
5.230000 0.99979234170591335662
5.240000 0.99979506498239145706
5.250000 0.99979775136724757800
5.260000 0.99980040131678782345
5.270000 0.99980301544372796041
5.280000 0.99980559417164893699
5.290000 0.99980813801532675278
5.300000 0.99981064753062931505
5.310000 0.99981312309927150572
5.320000 0.99981556526667791918
5.330000 0.99981797450932385907
5.340000 0.99982035122036705399
5.350000 0.99982269594430051018
5.360000 0.99982500906753801750
5.370000 0.99982729103401168924
5.380000 0.99982954234486343115
5.390000 0.99983176333945311676
5.400000 0.99983395449451217818
5.410000 0.99983611624492552128
5.420000 0.99983824893124972899
5.430000 0.99984035303594176458
5.440000 0.99984242891335450842
5.450000 0.99984447694539468898
5.460000 0.99984649758329635638
5.470000 0.99984849113072815641
5.480000 0.99985045800374150460
5.490000 0.99985239859850227884
5.500000 0.99985431321168205532
5.510000 0.99985620226949378786
5.520000 0.99985806609844452009
5.530000 0.99985990502617272391
5.540000 0.99986171945848190123
5.550000 0.99986350966883430491
5.560000 0.99986527601971020296
5.570000 0.99986701887136697486
5.580000 0.99986873848379143048
5.590000 0.99987043523260810129
5.600000 0.99987210941917536999
5.610000 0.99987376132447847166
5.620000 0.99987539131276814697
5.630000 0.99987699963181864149
5.640000 0.99987858659684503149
5.650000 0.99988015253491224765
5.660000 0.99988169767527068643
5.670000 0.99988322234851501058
5.680000 0.99988472683205664726
5.690000 0.99988621136792066313
5.700000 0.99988767628206121074
5.710000 0.99988912180029032584
5.720000 0.99989054819614919811
5.730000 0.99989195576610812033
5.740000 0.99989334471359792023
5.750000 0.99989471532916307517
5.760000 0.99989606786754814394
5.770000 0.99989740253822501082
5.780000 0.99989871963198928562
5.790000 0.99990001935576222625
5.800000 0.99990130194636939187
5.810000 0.99990256767215368594
5.820000 0.99990381671478956171
5.830000 0.99990504932922585901
5.840000 0.99990626574887009337
5.850000 0.99990746615596548530
5.860000 0.99990865080914492768
5.870000 0.99990981989897642634
5.880000 0.99991097362996539388
5.890000 0.99991211224465359475
5.900000 0.99991323590631620011
5.910000 0.99991434483828878221
5.920000 0.99991543925399251069
5.930000 0.99991651931286229527
5.940000 0.99991758524420371046
5.950000 0.99991863722433371731
5.960000 0.99991967542932935764
5.970000 0.99992070007811506560
5.980000 0.99992171131834139963
5.990000 0.99992270934529092763
6.000000 0.99992369435373829045
6.010000 0.99992466648397992923
6.020000 0.99992562593882849953
6.030000 0.99992657288159358941
6.040000 0.99992750746386882543
6.050000 0.99992842988283436867
6.060000 0.99992934027281132892
6.070000 0.99993023880420695004
6.080000 0.99993112565446229389
6.090000 0.99993200094778467157
6.100000 0.99993286486328791796
6.110000 0.99993371755180993077
6.120000 0.99993455914442641586
6.130000 0.99993538981816598721
6.140000 0.99993620969591656689
6.150000 0.99993701892604835990
6.160000 0.99993781766994105364
6.170000 0.99993860603824080702
6.180000 0.99993938418888339559
6.190000 0.99994015226083166059
6.200000 0.99994091036795507144
6.210000 0.99994165866868522929
6.220000 0.99994239727604850021
6.230000 0.99994312631890880372
6.240000 0.99994384594380425479
6.250000 0.99994455624991840370
6.260000 0.99994525737627881767
6.270000 0.99994594945060710778
6.280000 0.99994663257233273868
6.290000 0.99994730688278943287
6.300000 0.99994797248644295973
6.310000 0.99994862949490803672
6.320000 0.99994927804104372093
6.330000 0.99994991821431189472
6.340000 0.99995055013687217382
6.350000 0.99995117392586230221
6.360000 0.99995178966857523051
6.370000 0.99995239749068298707
6.380000 0.99995299748916843807
6.390000 0.99995358976040937815
6.400000 0.99995417442468459424
6.410000 0.99995475156317858989
6.420000 0.99995532128301856112
6.430000 0.99995588369141863438
6.440000 0.99995643886545904078
6.450000 0.99995698691661394353
6.460000 0.99995752793496506250
6.470000 0.99995806200375880746
6.480000 0.99995858923162606047
6.490000 0.99995910969266921242
6.500000 0.99995962348063172076
6.510000 0.99996013069346090241
6.520000 0.99996063139962509947
6.530000 0.99996112569784878499
6.540000 0.99996161367155855793
6.550000 0.99996209539296432300
6.560000 0.99996257095985108254
6.570000 0.99996304044023376356
6.580000 0.99996350391595179019
6.590000 0.99996396147632693463
6.600000 0.99996441318255047115
6.610000 0.99996485912190702372
6.620000 0.99996529937145650635
6.630000 0.99996573399412569394
6.640000 0.99996616307764896181
6.650000 0.99996658668477667042
6.660000 0.99996700488677070506
6.670000 0.99996741776494946219
6.680000 0.99996782537433792637
6.690000 0.99996822779196847808
6.700000 0.99996862508884709619
6.710000 0.99996901732008625086
6.720000 0.99996940456414395992
6.730000 0.99996978687918880446
6.740000 0.99997016432709495692
6.750000 0.99997053698177540415
6.760000 0.99997090489301254657
6.770000 0.99997126812865932965
6.780000 0.99997162675399609011
6.790000 0.99997198081755267474
6.800000 0.99997233038925581461
6.810000 0.99997267552325896922
6.820000 0.99997301627311518946
6.830000 0.99997335270590115286
6.840000 0.99997368486692395084
6.850000 0.99997401281582831700
6.860000 0.99997433661250523240
6.870000 0.99997465629993065317
6.880000 0.99997497194027651357
6.890000 0.99997528358395726400
6.900000 0.99997559127735591300
6.910000 0.99997589508118578383
6.920000 0.99997619503691848042
6.930000 0.99997649119686560226
6.940000 0.99997678361586594953
6.950000 0.99997707233220067824
6.960000 0.99997735740105586633
6.970000 0.99997763886922419463
6.980000 0.99997791677704506164
6.990000 0.99997819117928699040
7.000000 0.99997846211411811623
7.010000 0.99997872962730460777
7.020000 0.99997899376896648427
7.030000 0.99997925457340963717
7.040000 0.99997951208953184121
7.050000 0.99997976636064511702
7.060000 0.99998001742199560393
7.070000 0.99998026532282202616
7.080000 0.99998051009842914283
7.090000 0.99998075178875089897
7.100000 0.99998099043951294007
7.110000 0.99998122608164541347
7.120000 0.99998145875839250518
7.130000 0.99998168850974522570
7.140000 0.99998191536665193002
7.150000 0.99998213937323099376
7.160000 0.99998236056229072855
7.170000 0.99998257896857245530
7.180000 0.99998279463372219400
7.190000 0.99998300758579483638
7.200000 0.99998321786295751856
7.210000 0.99998342550204977197
7.220000 0.99998363053039074355
7.230000 0.99998383298737580915
7.240000 0.99998403290361925766
7.250000 0.99998423030924854515
7.260000 0.99998442524213038141
7.270000 0.99998461772786173540
7.280000 0.99998480780005660762
7.290000 0.99998499549257724439
7.300000 0.99998518082967535747
7.310000 0.99998536384644476360
7.320000 0.99998554457143784546
7.330000 0.99998572303080690560
7.340000 0.99998589925888781149
7.350000 0.99998607327916633203
7.360000 0.99998624512117717522
7.370000 0.99998641481598304903
7.380000 0.99998658238523840946
7.390000 0.99998674786015040450
7.400000 0.99998691126726690914
7.410000 0.99998707262938413276
7.420000 0.99998723197752836800
7.430000 0.99998738933336284163
7.440000 0.99998754472277273653
7.450000 0.99998769817419852490
7.460000 0.99998784970709020392
7.470000 0.99998799934914772702
7.480000 0.99998814712498651502
7.490000 0.99998829305456848893
7.500000 0.99998843716583185603
7.510000 0.99998857947885966269
7.520000 0.99998872001627525652
7.530000 0.99998885880406984672
7.540000 0.99998899585981937399
7.550000 0.99998913120806232069
7.560000 0.99998926487156436504
7.570000 0.99998939686789034553
7.580000 0.99998952722211331690
7.590000 0.99998965595293465292
7.600000 0.99998978308006702953
7.610000 0.99998990862722170192
7.620000 0.99999003261037566759
7.630000 0.99999015505122190728
7.640000 0.99999027597076439733
7.650000 0.99999039538454204123
7.660000 0.99999051331497723627
7.670000 0.99999062977955421871
7.680000 0.99999074479539440397
7.690000 0.99999085838409185190
7.700000 0.99999097056025387786
7.710000 0.99999108134301462059
7.720000 0.99999119075171083448
7.730000 0.99999129880016568439
7.740000 0.99999140550838416797
7.750000 0.99999151089269577852
7.760000 0.99999161496799260362
7.770000 0.99999171775388229211
7.780000 0.99999181926379399066
7.790000 0.99999191951456545269
7.800000 0.99999201852396091272
7.810000 0.99999211630434792220
7.820000 0.99999221287354234100
7.830000 0.99999230824674900653
7.840000 0.99999240243697351538
7.850000 0.99999249546195712046
7.860000 0.99999258733411167110
7.870000 0.99999267806821456883
7.880000 0.99999276768055422870
7.890000 0.99999285618226041450
7.900000 0.99999294358916968051
7.910000 0.99999302991540006680
7.920000 0.99999311517236044722
7.930000 0.99999319937604791431
7.940000 0.99999328253798958066
7.950000 0.99999336467111810123
7.960000 0.99999344579034010749
7.970000 0.99999352590573231669
7.980000 0.99999360503134315792
7.990000 0.99999368318024628444
8.000000 0.99999376036249976174
8.010000 0.99999383659247786937
8.020000 0.99999391188093367244
8.030000 0.99999398623915036755
8.040000 0.99999405968074484008
8.050000 0.99999413221489430459
8.060000 0.99999420385403392508
8.070000 0.99999427461024181785
8.080000 0.99999434449243218559
8.090000 0.99999441351347462259
8.100000 0.99999448168343896270
8.110000 0.99999454901213757907
8.120000 0.99999461551198687292
8.130000 0.99999468119139256483
8.140000 0.99999474606133731402
8.150000 0.99999481013295388188
8.160000 0.99999487341418624720
8.170000 0.99999493591653132452
8.180000 0.99999499764940447122
8.190000 0.99999505862135440459
8.200000 0.99999511884366809600
8.210000 0.99999517832408713058
8.220000 0.99999523707228665792
8.230000 0.99999529509850693110
8.240000 0.99999535240986725526
8.250000 0.99999540901661965187
8.260000 0.99999546492754054494
8.270000 0.99999552015010750861
8.280000 0.99999557469454469771
8.290000 0.99999562856801882393
8.300000 0.99999568177903086497
8.310000 0.99999573433698096814
8.320000 0.99999578624828722173
8.330000 0.99999583752207310550
8.340000 0.99999588816649620515
8.350000 0.99999593818812704260
8.360000 0.99999598759619445776
8.370000 0.99999603639736378558
8.380000 0.99999608459908384539
8.390000 0.99999613220996652618
8.400000 0.99999617923583228318
8.410000 0.99999622568478296891
8.420000 0.99999627156438142261
8.430000 0.99999631688042955879
8.440000 0.99999636164122751580
8.450000 0.99999640585300320073
8.460000 0.99999644952226085515
8.470000 0.99999649265687695632
8.480000 0.99999653526216047972
8.490000 0.99999657734529023845
8.500000 0.99999661891326130370
8.510000 0.99999665997122255678
8.520000 0.99999670052661338016
8.530000 0.99999674058527299181
8.540000 0.99999678015286463939
8.550000 0.99999681923657701699
8.560000 0.99999685784128067301
8.570000 0.99999689597332230839
8.580000 0.99999693363915564959
8.590000 0.99999697084337635378
8.600000 0.99999700759263676630
8.610000 0.99999704389240240410
8.620000 0.99999707974761331553
8.630000 0.99999711516481082363
8.640000 0.99999715014848677974
8.650000 0.99999718470423804018
8.660000 0.99999721883800585243
8.670000 0.99999725255391636036
8.680000 0.99999728585790681468
8.690000 0.99999731875507624768
8.700000 0.99999735124975175360
8.710000 0.99999738334786403282
8.720000 0.99999741505357697680
8.730000 0.99999744637181287032
8.740000 0.99999747730803045798
8.750000 0.99999750786595531515
8.760000 0.99999753805087565617
8.770000 0.99999756786753546400
8.780000 0.99999759731974235955
8.790000 0.99999762641285350195
8.800000 0.99999765515074734434
8.810000 0.99999768353773965668
8.820000 0.99999771157883776684
8.830000 0.99999773927742363622
8.840000 0.99999776663819783806
8.850000 0.99999779366556273974
8.860000 0.99999782036288464848
8.870000 0.99999784673498548493
8.880000 0.99999787278549412406
8.890000 0.99999789851818221553
8.900000 0.99999792393763264897
8.910000 0.99999794904693506403
8.920000 0.99999797385025845919
8.930000 0.99999799835167690887
8.940000 0.99999802255418313024
8.950000 0.99999804646210188608
8.960000 0.99999807007883867449
8.970000 0.99999809340768108790
8.980000 0.99999811645281522221
8.990000 0.99999813921707902953
9.000000 0.99999816170416122585
9.010000 0.99999818391782424598
9.020000 0.99999820586074206208
9.030000 0.99999822753678546672
9.040000 0.99999824894914468576
9.050000 0.99999827010069064492
9.060000 0.99999829099523473985
9.070000 0.99999831163539842915
9.080000 0.99999833202443644264
9.090000 0.99999835216581578479
9.100000 0.99999837206194008843
9.110000 0.99999839171626625500
9.120000 0.99999841113177356799
9.130000 0.99999843031097934709
9.140000 0.99999844925734138190
9.150000 0.99999846797329317027
9.160000 0.99999848646169875455
9.170000 0.99999850472574636218
9.180000 0.99999852276760858860
9.190000 0.99999854059036752396
9.200000 0.99999855819679617230
9.210000 0.99999857558911264821
9.220000 0.99999859277044267358
9.230000 0.99999860974305487815
9.240000 0.99999862650946302889
9.250000 0.99999864307259223040
9.260000 0.99999865943441867966
9.270000 0.99999867559768385039
9.280000 0.99999869156496201672
9.290000 0.99999870733821694113
9.300000 0.99999872292026392717
9.310000 0.99999873831322783069
9.320000 0.99999875351930667122
9.330000 0.99999876854118019409
9.340000 0.99999878338065539829
9.350000 0.99999879804016511553
9.360000 0.99999881252209443794
9.370000 0.99999882682818985735
9.380000 0.99999884096097868547
9.390000 0.99999885492245710328
9.400000 0.99999886871454191084
9.410000 0.99999888233968259321
9.420000 0.99999889579954082119
9.430000 0.99999890909627064950
9.440000 0.99999892223207553776
9.450000 0.99999893520851923512
9.460000 0.99999894802786437609
9.470000 0.99999896069198168647
9.480000 0.99999897320254726996
9.490000 0.99999898556179256381
9.500000 0.99999899777125378364
9.510000 0.99999900983283340761
9.520000 0.99999902174856269976
9.530000 0.99999903351984875677
9.540000 0.99999904514871396088
9.550000 0.99999905663690602520
9.560000 0.99999906798589643930
9.570000 0.99999907919771069409
9.580000 0.99999909027377609227
9.590000 0.99999910121576796040
9.600000 0.99999911202555569201
9.610000 0.99999912270441204676
9.620000 0.99999913325414113707
9.630000 0.99999914367637110502
9.640000 0.99999915397239969028
9.650000 0.99999916414405820575
9.660000 0.99999917419267980723
9.670000 0.99999918411973487409
9.680000 0.99999919392693970011
9.690000 0.99999920361545335812
9.700000 0.99999921318688134164
9.710000 0.99999922264273610750
9.720000 0.99999923198416795778
9.730000 0.99999924121282690592
9.740000 0.99999925032996284102
9.750000 0.99999925933686195645
9.760000 0.99999926823509766027
9.770000 0.99999927702573065957
9.780000 0.99999928571018703582
9.790000 0.99999929428986833457
9.800000 0.99999930276579884758
9.810000 0.99999931113946072259
9.820000 0.99999931941202868657
9.830000 0.99999932758462473092
9.840000 0.99999933565868825980
9.850000 0.99999934363519604741
9.860000 0.99999935151541097245
9.870000 0.99999935930062877620
9.880000 0.99999936699176705801
9.890000 0.99999937459015375563
9.900000 0.99999938209689021029
9.910000 0.99999938951295874734
9.920000 0.99999939683967065118
9.930000 0.99999940407793030950
9.940000 0.99999941122885327438
9.950000 0.99999941829363481194
9.960000 0.99999942527310137219
9.970000 0.99999943216844056071
9.980000 0.99999943898068133219
9.990000 0.99999944571068788424
10.000000 0.99999945235965026491
10.010000 0.99999945892840935713
10.020000 0.99999946541794837440
10.030000 0.99999947182936721468
10.040000 0.99999947816341516749
10.050000 0.99999948442115182967
10.060000 0.99999949060353587882
10.070000 0.99999949671133003815
10.080000 0.99999950274561144603
10.090000 0.99999950870716580731
10.100000 0.99999951459685609834
10.110000 0.99999952041569317718
10.120000 0.99999952616435960895
10.130000 0.99999953184379875015
10.140000 0.99999953745490210988
10.150000 0.99999954299834636906
10.160000 0.99999954847510152955
10.170000 0.99999955388590522354
10.180000 0.99999955923151306880
10.190000 0.99999956451285210157
10.200000 0.99999956973054726639
10.210000 0.99999957488543689266
10.220000 0.99999957997834776346
10.230000 0.99999958500988217480
10.240000 0.99999958998091276197
10.250000 0.99999959489213252617
10.260000 0.99999959974420205011
10.270000 0.99999960453796843396
10.280000 0.99999960927400843858
10.290000 0.99999961395306424805
10.300000 0.99999961857590113912
10.310000 0.99999962314305856914
10.320000 0.99999962765531902331
10.330000 0.99999963211333309232
10.340000 0.99999963651767831418
10.350000 0.99999964086912751515
10.360000 0.99999964516821482352
10.370000 0.99999964941559682519
10.380000 0.99999965361197817870
10.390000 0.99999965775784693811
10.400000 0.99999966185390254392
10.410000 0.99999966590075284323
10.420000 0.99999966989890587410
10.430000 0.99999967384906396362
10.440000 0.99999967775172393658
10.450000 0.99999968160746466328
10.460000 0.99999968541693506907
10.470000 0.99999968918057768885
10.480000 0.99999969289901657898
10.490000 0.99999969657281873037
10.500000 0.99999970020243289515
10.510000 0.99999970378849500907
10.520000 0.99999970733146925639
10.530000 0.99999971083186411924
10.540000 0.99999971429027656455
10.550000 0.99999971770710949226
10.560000 0.99999972108291923512
10.570000 0.99999972441823259395
10.580000 0.99999972771344836087
10.590000 0.99999973096913952197
10.600000 0.99999973418574228390
10.610000 0.99999973736370151300
10.620000 0.99999974050356477129
10.630000 0.99999974360570198506
10.640000 0.99999974667060720357
10.650000 0.99999974969876914699
10.660000 0.99999975269054375282
10.670000 0.99999975564644572046
10.680000 0.99999975856688561038
10.690000 0.99999976145225188962
10.700000 0.99999976430304626795
10.710000 0.99999976711960925080
10.720000 0.99999976990237915420
10.730000 0.99999977265180806096
10.740000 0.99999977536821527124
10.750000 0.99999977805206219372
10.760000 0.99999978070373396477
10.770000 0.99999978332357186694
10.780000 0.99999978591203231293
10.790000 0.99999978846943138322
10.800000 0.99999979099615676770
10.810000 0.99999979349262568817
10.820000 0.99999979595912624752
10.830000 0.99999979839607111565
10.840000 0.99999980080382089298
10.850000 0.99999980318267556179
10.860000 0.99999980553305034547
10.870000 0.99999980785523912008
10.880000 0.99999981014958383430
10.890000 0.99999981241646873631
10.900000 0.99999981465615550569
10.910000 0.99999981686901262545
10.920000 0.99999981905537627114
10.930000 0.99999982121551167502
10.940000 0.99999982334979420351
10.950000 0.99999982545849985804
10.960000 0.99999982754192817680
10.970000 0.99999982960043298785
10.980000 0.99999983163425298915
10.990000 0.99999983364371636263
11.000000 0.99999983562913608015
11.010000 0.99999983759074728695
11.020000 0.99999983952888893413
11.030000 0.99999984144381970363
11.040000 0.99999984333580271834
11.050000 0.99999984520516227438
11.060000 0.99999984705211697467
11.070000 0.99999984887695947400
11.080000 0.99999985067997931854
11.090000 0.99999985246138689554
11.100000 0.99999985422148640613
11.110000 0.99999985596052243242
11.120000 0.99999985767872356934
11.130000 0.99999985937638768974
11.140000 0.99999986105371618805
11.150000 0.99999986271096830137
11.160000 0.99999986434841214855
11.170000 0.99999986596623668955
11.180000 0.99999986756471503924
11.190000 0.99999986914407623662
11.200000 0.99999987070452123206
11.210000 0.99999987224632125304
11.220000 0.99999987376966326114
11.230000 0.99999987527477618432
11.240000 0.99999987676190860153
11.250000 0.99999987823123037689
11.260000 0.99999987968298620356
11.270000 0.99999988111738979946
11.280000 0.99999988253461880028
11.290000 0.99999988393491900940
11.300000 0.99999988531846573103
11.310000 0.99999988668546013759
11.320000 0.99999988803613093502
11.330000 0.99999988937063266636
11.340000 0.99999989068918426760
11.350000 0.99999989199198446865
11.360000 0.99999989327919069915
11.370000 0.99999989455102589186
11.380000 0.99999989580765324959
11.390000 0.99999989704925029699
11.400000 0.99999989827602731030
11.410000 0.99999989948812517682
11.420000 0.99999990068573885171
11.430000 0.99999990186905385325
11.440000 0.99999990303820984749
11.450000 0.99999990419340756276
11.460000 0.99999990533480076493
11.470000 0.99999990646254488524
11.480000 0.99999990757683265841
11.490000 0.99999990867779431358
11.500000 0.99999990976560215739
11.510000 0.99999991084042894052
11.520000 0.99999991190239923000
11.530000 0.99999991295169365912
11.540000 0.99999991398845666790
11.550000 0.99999991501282470274
11.560000 0.99999991602497351195
11.570000 0.99999991702502377677
11.580000 0.99999991801312881901
11.590000 0.99999991898944751156
11.600000 0.99999991995409220902
11.610000 0.99999992090722489291
11.620000 0.99999992184898167658
11.630000 0.99999992277948168695
11.640000 0.99999992369888568433
11.650000 0.99999992460730524613
11.660000 0.99999992550487615262
11.670000 0.99999992639174484221
11.680000 0.99999992726801345544
11.690000 0.99999992813382665435
11.700000 0.99999992898931155949
11.710000 0.99999992983457364204
11.720000 0.99999993066975889633
11.730000 0.99999993149497101719
11.740000 0.99999993231032957564
11.750000 0.99999993311597035195
11.760000 0.99999993391198560566
11.770000 0.99999993469850467775
11.780000 0.99999993547564658414
11.790000 0.99999993624350369537
11.800000 0.99999993700220857207
11.810000 0.99999993775185869183
11.820000 0.99999993849255941480
11.830000 0.99999993922443541905
11.840000 0.99999993994757041538
11.850000 0.99999994066208031107
11.860000 0.99999994136807512923
11.870000 0.99999994206563802557
11.880000 0.99999994275488790496
11.890000 0.99999994343591669388
11.900000 0.99999994410881654083
11.910000 0.99999994477370179879
11.920000 0.99999994543064973929
11.930000 0.99999994607976327998
11.940000 0.99999994672114433936
11.950000 0.99999994735486763542
11.960000 0.99999994798103963856
11.970000 0.99999994859974750128
11.980000 0.99999994921107115964
11.990000 0.99999994981511541869
12.000000 0.99999995041195233192
12.010000 0.99999995100167260453
12.020000 0.99999995158437093856
12.030000 0.99999995216011405841
12.040000 0.99999995272899799836
12.050000 0.99999995329110424880
12.060000 0.99999995384650286478
12.070000 0.99999995439528999164
12.080000 0.99999995493753168763
12.090000 0.99999995547330877699
12.100000 0.99999995600270852325
12.110000 0.99999995652579154459
12.120000 0.99999995704264343921
12.130000 0.99999995755334059044
12.140000 0.99999995805794505976
12.150000 0.99999995855654333354
12.160000 0.99999995904919825040
12.170000 0.99999995953598019849
12.180000 0.99999996001697011305
12.190000 0.99999996049222228400
12.200000 0.99999996096181476002
12.210000 0.99999996142581715208
12.220000 0.99999996188428519339
12.230000 0.99999996233729793182
12.240000 0.99999996278491276591
12.250000 0.99999996322719220121
12.260000 0.99999996366421062266
12.270000 0.99999996409601843439
12.280000 0.99999996452268413716
12.290000 0.99999996494427267901
12.300000 0.99999996536083435306
12.310000 0.99999996577243965845
12.320000 0.99999996617914332919
12.330000 0.99999996658099954416
12.340000 0.99999996697807691515
12.350000 0.99999996737042173844
12.360000 0.99999996775809463223
12.370000 0.99999996814115676980
12.380000 0.99999996851965211597
12.390000 0.99999996889364428654
12.400000 0.99999996926318523993
12.410000 0.99999996962832249370
12.420000 0.99999996998911866442
12.430000 0.99999997034561627363
12.440000 0.99999997069786916715
12.450000 0.99999997104593385533
12.460000 0.99999997138985041722
12.470000 0.99999997172967580727
12.480000 0.99999997206545820916
12.490000 0.99999997239723981135
12.500000 0.99999997272507779034
12.510000 0.99999997304901144801
12.520000 0.99999997336908852397
12.530000 0.99999997368536119868
12.540000 0.99999997399786577645
12.550000 0.99999997430665299447
12.560000 0.99999997461176848290
12.570000 0.99999997491324899013
12.580000 0.99999997521114647459
12.590000 0.99999997550549779568
12.600000 0.99999997579634525291
12.610000 0.99999997608373691893
12.620000 0.99999997636770510123
12.630000 0.99999997664829609612
12.640000 0.99999997692555198103
12.650000 0.99999997719950517450
12.660000 0.99999997747020297201
12.670000 0.99999997773768001252
12.680000 0.99999997800197326647
12.690000 0.99999997826312703175
12.700000 0.99999997852117084030
12.710000 0.99999997877614610342
12.720000 0.99999997902809167893
12.730000 0.99999997927703709877
12.740000 0.99999997952302455140
12.750000 0.99999997976608645534
12.760000 0.99999998000625545114
12.770000 0.99999998024357195092
12.780000 0.99999998047806393231
12.790000 0.99999998070976714448
12.800000 0.99999998093871833582
12.810000 0.99999998116494359657
12.820000 0.99999998138848089635
12.830000 0.99999998160936121039
12.840000 0.99999998182761273835
12.850000 0.99999998204327267270
12.860000 0.99999998225636643756
12.870000 0.99999998246692634041
12.880000 0.99999998267498635407
12.890000 0.99999998288056934914
12.900000 0.99999998308371029765
12.910000 0.99999998328443728823
12.920000 0.99999998348277585603
12.930000 0.99999998367875975180
12.940000 0.99999998387241251230
12.950000 0.99999998406376267024
12.960000 0.99999998425284153392
12.970000 0.99999998443967008654
12.980000 0.99999998462427941437
12.990000 0.99999998480669605172
13.000000 0.99999998498694220306
13.010000 0.99999998516504895463
13.020000 0.99999998534103784475
13.030000 0.99999998551493418653
13.040000 0.99999998568676728983
13.050000 0.99999998585655580641
13.060000 0.99999998602432738082
13.070000 0.99999998619010699308
13.080000 0.99999998635391462720
13.090000 0.99999998651577803876
13.100000 0.99999998667571787792
13.110000 0.99999998683375568298
13.120000 0.99999998698991876545
13.130000 0.99999998714422466684
13.140000 0.99999998729669736797
13.150000 0.99999998744736062761
13.160000 0.99999998759623176525
13.170000 0.99999998774333609397
13.180000 0.99999998788869270960
13.190000 0.99999998803232137412
13.200000 0.99999998817424651243
13.210000 0.99999998831448388970
13.220000 0.99999998845305559936
13.230000 0.99999998858998329077
13.240000 0.99999998872528272909
13.250000 0.99999998885897600776
13.260000 0.99999998899108211159
13.270000 0.99999998912161769393
13.280000 0.99999998925060495925
13.290000 0.99999998937805922861
13.300000 0.99999998950399970887
13.310000 0.99999998962844616202
13.320000 0.99999998975141313196
13.330000 0.99999998987292071373
13.340000 0.99999998999298633784
13.350000 0.99999999011162477025
13.360000 0.99999999022885599498
13.370000 0.99999999034469455594
13.380000 0.99999999045915710649
13.390000 0.99999999057226240939
13.400000 0.99999999068402334323
13.410000 0.99999999079445778261
13.420000 0.99999999090358215881
13.430000 0.99999999101140923941
13.440000 0.99999999111795778717
13.450000 0.99999999122324079170
13.460000 0.99999999132727357409
13.470000 0.99999999143007289870
13.480000 0.99999999153165053389
13.490000 0.99999999163202246688
13.500000 0.99999999173120435181
13.510000 0.99999999182920729091
13.520000 0.99999999192604860365
13.530000 0.99999999202173983637
13.540000 0.99999999211629464480
13.550000 0.99999999220972879410
13.560000 0.99999999230205272038
13.570000 0.99999999239328107858
13.580000 0.99999999248342774649
13.590000 0.99999999257250349327
13.600000 0.99999999266052275182
13.610000 0.99999999274749773459
13.620000 0.99999999283343954382
13.630000 0.99999999291836305648
13.640000 0.99999999300227737642
13.650000 0.99999999308519627039
13.660000 0.99999999316713250597
13.670000 0.99999999324809507595
13.680000 0.99999999332809763608
13.690000 0.99999999340715139962
13.700000 0.99999999348526613652
13.710000 0.99999999356245505844
13.720000 0.99999999363872793534
13.730000 0.99999999371409531435
13.740000 0.99999999378856985199
13.750000 0.99999999386215943087
13.760000 0.99999999393487681854
13.770000 0.99999999400673167393
13.780000 0.99999999407773354498
13.790000 0.99999999414789375596
13.800000 0.99999999421722152171
13.810000 0.99999999428572627913
13.820000 0.99999999435341957454
13.830000 0.99999999442030884644
13.840000 0.99999999448640519706
13.850000 0.99999999455171817431
13.860000 0.99999999461625521668
13.870000 0.99999999468002798153
13.880000 0.99999999474304401836
13.890000 0.99999999480531220897
13.900000 0.99999999486684265637
13.910000 0.99999999492764257703
13.920000 0.99999999498772174089
13.930000 0.99999999504708914078
13.940000 0.99999999510575143802
13.950000 0.99999999516371862462
13.960000 0.99999999522099836113
13.970000 0.99999999527759853013
13.980000 0.99999999533352801340
13.990000 0.99999999538879380534
14.000000 0.99999999544340434365
14.010000 0.99999999549736795501
14.020000 0.99999999555069074564
14.030000 0.99999999560338204141
14.040000 0.99999999565544861468
14.050000 0.99999999570689712680
14.060000 0.99999999575773668159
14.070000 0.99999999580797271914
14.080000 0.99999999585761312204
14.090000 0.99999999590666555083
14.100000 0.99999999595513588968
14.110000 0.99999999600303179914
14.120000 0.99999999605036038464
14.130000 0.99999999609712719728
14.140000 0.99999999614334023068
14.150000 0.99999999618900514697
14.160000 0.99999999623412827443
14.170000 0.99999999627871716257
14.180000 0.99999999632277702943
14.190000 0.99999999636631475841
14.200000 0.99999999640933689982
14.210000 0.99999999645184822761
14.220000 0.99999999649385618028
14.230000 0.99999999653536619793
14.240000 0.99999999657638394268
14.250000 0.99999999661691618691
14.260000 0.99999999665696748252
14.270000 0.99999999669654404677
14.280000 0.99999999673565209690
14.290000 0.99999999677429596279
14.300000 0.99999999681248230576
14.310000 0.99999999685021589979
14.320000 0.99999999688750218496
14.330000 0.99999999692434726750
14.340000 0.99999999696075481115
14.350000 0.99999999699673136622
14.360000 0.99999999703228170667
14.370000 0.99999999706741027339
14.380000 0.99999999710212317261
14.390000 0.99999999713642473420
14.400000 0.99999999717031917701
14.410000 0.99999999720381260726
14.420000 0.99999999723690891074
14.430000 0.99999999726961308344
14.440000 0.99999999730193023240
14.450000 0.99999999733386357725
14.460000 0.99999999736541933526
14.470000 0.99999999739660128117
14.480000 0.99999999742741318975
14.490000 0.99999999745786027905
14.500000 0.99999999748794665688
14.510000 0.99999999751767643108
14.520000 0.99999999754705459765
14.530000 0.99999999757608415418
14.540000 0.99999999760476987465
14.550000 0.99999999763311597789
14.560000 0.99999999766112579458
14.570000 0.99999999768880443174
14.580000 0.99999999771615499800
14.590000 0.99999999774318126811
14.600000 0.99999999776988768296
14.610000 0.99999999779627735119
14.620000 0.99999999782235493573
14.630000 0.99999999784812354520
14.640000 0.99999999787358662129
14.650000 0.99999999789874838285
14.660000 0.99999999792361216056
14.670000 0.99999999794818128507
14.680000 0.99999999797245942013
14.690000 0.99999999799644989640
14.700000 0.99999999802015637762
14.710000 0.99999999804358197242
14.720000 0.99999999806673001146
14.730000 0.99999999808960438052
14.740000 0.99999999811220752211
14.750000 0.99999999813454265585
14.760000 0.99999999815661388958
14.770000 0.99999999817842344374
14.780000 0.99999999819997442696
14.790000 0.99999999822127083604
14.800000 0.99999999824231433632
14.810000 0.99999999826310881357
14.820000 0.99999999828365759846
14.830000 0.99999999830396246736
14.840000 0.99999999832402741706
14.850000 0.99999999834385444597
14.860000 0.99999999836344644066
14.870000 0.99999999838280706488
14.880000 0.99999999840193798395
14.890000 0.99999999842084263957
14.900000 0.99999999843952314116
14.910000 0.99999999845798237530
14.920000 0.99999999847622378368
14.930000 0.99999999849424858755
14.940000 0.99999999851205967349
14.950000 0.99999999852966048319
14.960000 0.99999999854705268199
14.970000 0.99999999856423904543
14.980000 0.99999999858122201601
14.990000 0.99999999859800381419
15.000000 0.99999999861458688244
15.010000 0.99999999863097377428
15.020000 0.99999999864716648812
15.030000 0.99999999866316768848
15.040000 0.99999999867897926276
15.050000 0.99999999869460398649
15.060000 0.99999999871004374707
15.070000 0.99999999872530043188
15.080000 0.99999999874037648340
15.090000 0.99999999875527412208
15.100000 0.99999999876999556836
15.110000 0.99999999878454282065
15.120000 0.99999999879891743326
15.130000 0.99999999881312218175
15.140000 0.99999999882715884247
15.150000 0.99999999884102908076
15.160000 0.99999999885473567218
15.170000 0.99999999886827961593
15.180000 0.99999999888166324347
15.190000 0.99999999889488855320
15.200000 0.99999999890795754354
15.210000 0.99999999892087143571
15.220000 0.99999999893363267223
15.230000 0.99999999894624280738
15.240000 0.99999999895870395061
15.250000 0.99999999897101743418
15.260000 0.99999999898318514546
15.270000 0.99999999899520886082
15.280000 0.99999999900709046763
15.290000 0.99999999901883107611
15.300000 0.99999999903043301774
15.310000 0.99999999904189762479
15.320000 0.99999999905322645155
15.330000 0.99999999906442127440
15.340000 0.99999999907548364764
15.350000 0.99999999908641523660
15.360000 0.99999999909721726254
15.370000 0.99999999910789150182
15.380000 0.99999999911843950873
15.390000 0.99999999912886261555
15.400000 0.99999999913916270966
15.410000 0.99999999914934045719
15.420000 0.99999999915939785655
15.430000 0.99999999916933657307
15.440000 0.99999999917915738390
15.450000 0.99999999918886184336
15.460000 0.99999999919845206087
15.470000 0.99999999920792825847
15.480000 0.99999999921729243457
15.490000 0.99999999922654614348
15.500000 0.99999999923569005134
15.510000 0.99999999924472604551
15.520000 0.99999999925365445907
15.530000 0.99999999926247784554
15.540000 0.99999999927119653798
15.550000 0.99999999927981220171
15.560000 0.99999999928832605800
15.570000 0.99999999929673921706
15.580000 0.99999999930505267809
15.590000 0.99999999931326788438
15.600000 0.99999999932138583514
15.610000 0.99999999932940786262
15.620000 0.99999999933733485502
15.630000 0.99999999934516814459
15.640000 0.99999999935290873054
15.650000 0.99999999936055805616
15.660000 0.99999999936811656553
15.670000 0.99999999937558536889
15.680000 0.99999999938296613156
15.690000 0.99999999939025963069
15.700000 0.99999999939746686550
15.710000 0.99999999940458872416
15.720000 0.99999999941162631689
15.730000 0.99999999941858064290
15.740000 0.99999999942545303444
15.750000 0.99999999943224382459
15.760000 0.99999999943895434562
15.770000 0.99999999944558548570
15.780000 0.99999999945213835506
15.790000 0.99999999945861361983
15.800000 0.99999999946501205716
15.810000 0.99999999947133499933
15.820000 0.99999999947758322350
15.830000 0.99999999948375739578
15.840000 0.99999999948985873743
15.850000 0.99999999949588780357
15.860000 0.99999999950184570441
15.870000 0.99999999950773299506
15.880000 0.99999999951355067473
15.890000 0.99999999951929952058
15.900000 0.99999999952498064282
15.910000 0.99999999953059426350
15.920000 0.99999999953614160386
15.930000 0.99999999954162344107
15.940000 0.99999999954704044125
15.950000 0.99999999955239315952
15.960000 0.99999999955768292814
15.970000 0.99999999956290996916
15.980000 0.99999999956807483770
15.990000 0.99999999957317908805
16.000000 0.99999999957822294228
16.010000 0.99999999958320695548
16.020000 0.99999999958813223788
16.030000 0.99999999959299912256
16.040000 0.99999999959780860870
16.050000 0.99999999960256125142
16.060000 0.99999999960725727277
16.070000 0.99999999961189800501
16.080000 0.99999999961648433633
16.090000 0.99999999962101571160
16.100000 0.99999999962549412924
16.110000 0.99999999962991903413
16.120000 0.99999999963429175853
16.130000 0.99999999963861285757
16.140000 0.99999999964288288634
16.150000 0.99999999964710217792
16.160000 0.99999999965127195356
16.170000 0.99999999965539188018
16.180000 0.99999999965946362313
16.190000 0.99999999966348684932
16.200000 0.99999999966746278002
16.210000 0.99999999967139141521
16.220000 0.99999999967527397615
16.230000 0.99999999967911046284
16.240000 0.99999999968290176344
16.250000 0.99999999968664798899
16.260000 0.99999999969035002767
16.270000 0.99999999969400832356
16.280000 0.99999999969762343177
16.290000 0.99999999970119557435
16.300000 0.99999999970472563948
16.310000 0.99999999970821407125
16.320000 0.99999999971166120272
16.330000 0.99999999971506747798
16.340000 0.99999999971843334112
16.350000 0.99999999972175968033
16.360000 0.99999999972504638457
16.370000 0.99999999972829456407
16.380000 0.99999999973150421884
16.390000 0.99999999973467579295
16.400000 0.99999999973780995255
16.410000 0.99999999974090703070
16.420000 0.99999999974396769353
16.430000 0.99999999974699205207
16.440000 0.99999999974998066143
16.450000 0.99999999975293385468
16.460000 0.99999999975585240897
16.470000 0.99999999975873610225
16.480000 0.99999999976158604476
16.490000 0.99999999976440234750
16.500000 0.99999999976718501049
16.510000 0.99999999976993481088
16.520000 0.99999999977265230378
16.530000 0.99999999977533771123
16.540000 0.99999999977799103323
16.550000 0.99999999978061293593
16.560000 0.99999999978320452954
16.570000 0.99999999978576514792
16.580000 0.99999999978829512415
16.590000 0.99999999979079556844
16.600000 0.99999999979326659183
16.610000 0.99999999979570797226
16.620000 0.99999999979812093098
16.630000 0.99999999980050535697
16.640000 0.99999999980286125023
16.650000 0.99999999980518938791
16.660000 0.99999999980749032513
16.670000 0.99999999980976383984
16.680000 0.99999999981201026511
16.690000 0.99999999981423060014
16.700000 0.99999999981642451186
16.710000 0.99999999981859233333
16.720000 0.99999999982073473070
16.730000 0.99999999982285159295
16.740000 0.99999999982494358619
16.750000 0.99999999982701082146
16.760000 0.99999999982905352081
16.770000 0.99999999983107223933
16.780000 0.99999999983306708806
16.790000 0.99999999983503817802
16.800000 0.99999999983698628636
16.810000 0.99999999983891130206
16.820000 0.99999999984081333615
16.830000 0.99999999984269305475
16.840000 0.99999999984455056889
16.850000 0.99999999984638610062
16.860000 0.99999999984819998300
16.870000 0.99999999984999232705
16.880000 0.99999999985176346584
16.890000 0.99999999985351384346
16.900000 0.99999999985524357093
16.910000 0.99999999985695275928
16.920000 0.99999999985864174157
16.930000 0.99999999986031073984
16.940000 0.99999999986195997614
16.950000 0.99999999986358978354
16.960000 0.99999999986520038409
16.970000 0.99999999986679188879
16.980000 0.99999999986836463073
16.990000 0.99999999986991894296
17.000000 0.99999999987145438141
17.010000 0.99999999987297216730
17.020000 0.99999999987447174554
17.030000 0.99999999987595389328
17.040000 0.99999999987741838847
17.050000 0.99999999987886556418
17.060000 0.99999999988029553144
17.070000 0.99999999988170851228
17.080000 0.99999999988310528387
17.090000 0.99999999988448506905
17.100000 0.99999999988584875599
17.110000 0.99999999988719645572
17.120000 0.99999999988852794619
17.130000 0.99999999988984389354
17.140000 0.99999999989114407573
17.150000 0.99999999989242915888
17.160000 0.99999999989369903197
17.170000 0.99999999989495369501
17.180000 0.99999999989619370311
17.190000 0.99999999989741916728
17.200000 0.99999999989862997651
17.210000 0.99999999989982635284
17.220000 0.99999999990100885139
17.230000 0.99999999990217725010
17.240000 0.99999999990333177102
17.250000 0.99999999990447285825
17.260000 0.99999999990560040075
17.270000 0.99999999990671450956
17.280000 0.99999999990781551773
17.290000 0.99999999990890375834
17.300000 0.99999999990997878729
17.310000 0.99999999991104115971
17.320000 0.99999999991209098660
17.330000 0.99999999991312871206
17.340000 0.99999999991415400302
17.350000 0.99999999991516685949
17.360000 0.99999999991616839168
17.370000 0.99999999991715748937
17.380000 0.99999999991813492972
17.390000 0.99999999991910104580
17.400000 0.99999999992005594862
17.410000 0.99999999992099930513
17.420000 0.99999999992193144838
17.430000 0.99999999992285293349
17.440000 0.99999999992376320535
17.450000 0.99999999992466270804
17.460000 0.99999999992555188566
17.470000 0.99999999992643040514
17.480000 0.99999999992729826648
17.490000 0.99999999992815624683
17.500000 0.99999999992900423518
17.510000 0.99999999992984189845
17.520000 0.99999999993066956971
17.530000 0.99999999993148758204
17.540000 0.99999999993229615747
17.550000 0.99999999993309474089
17.560000 0.99999999993388399844
17.570000 0.99999999993466426318
17.580000 0.99999999993543509103
17.590000 0.99999999993619659300
17.600000 0.99999999993694943523
17.610000 0.99999999993769317364
17.620000 0.99999999993842814128
17.630000 0.99999999993915489327
17.640000 0.99999999993987265245
17.650000 0.99999999994058186292
17.660000 0.99999999994128296876
17.670000 0.99999999994197541486
17.680000 0.99999999994266008940
17.690000 0.99999999994333643727
17.700000 0.99999999994400468051
17.710000 0.99999999994466537423
17.720000 0.99999999994531807435
17.730000 0.99999999994596311392
17.740000 0.99999999994660038194
17.750000 0.99999999994723043351
17.760000 0.99999999994785282453
17.770000 0.99999999994846766604
17.780000 0.99999999994907584622
17.790000 0.99999999994967625483
17.800000 0.99999999995026978006
17.810000 0.99999999995085631088
17.820000 0.99999999995143606935
17.830000 0.99999999995200861136
17.840000 0.99999999995257471408
17.850000 0.99999999995313426648
17.860000 0.99999999995368671346
17.870000 0.99999999995423283217
17.880000 0.99999999995477273362
17.890000 0.99999999995530597374
17.900000 0.99999999995583288559
17.910000 0.99999999995635380223
17.920000 0.99999999995686850163
17.930000 0.99999999995737698377
17.940000 0.99999999995787958174
17.950000 0.99999999995837629552
17.960000 0.99999999995886712512
17.970000 0.99999999995935184849
17.980000 0.99999999995983146484
17.990000 0.99999999996030519700
18.000000 0.99999999996077293396
18.010000 0.99999999996123556389
18.020000 0.99999999996169275374
18.030000 0.99999999996214428144
18.040000 0.99999999996259048007
18.050000 0.99999999996303123861
18.060000 0.99999999996346733422
18.070000 0.99999999996389787871
18.080000 0.99999999996432342719
18.090000 0.99999999996474397967
18.100000 0.99999999996515964718
18.110000 0.99999999996557009663
18.120000 0.99999999996597599417
18.130000 0.99999999996637711774
18.140000 0.99999999996677324532
18.150000 0.99999999996716493200
18.160000 0.99999999996755195575
18.170000 0.99999999996793442758
18.180000 0.99999999996831234750
18.190000 0.99999999996868593755
18.200000 0.99999999996905486466
18.210000 0.99999999996941946190
18.220000 0.99999999996977995131
18.230000 0.99999999997013611086
18.240000 0.99999999997048782951
18.250000 0.99999999997083566239
18.260000 0.99999999997117916539
18.270000 0.99999999997151878262
18.280000 0.99999999997185451406
18.290000 0.99999999997218613768
18.300000 0.99999999997251376449
18.310000 0.99999999997283761655
18.320000 0.99999999997315758282
18.330000 0.99999999997347410741
18.340000 0.99999999997378652417
18.350000 0.99999999997409527719
18.360000 0.99999999997440058852
18.370000 0.99999999997470212509
18.380000 0.99999999997499999793
18.390000 0.99999999997529454010
18.400000 0.99999999997558541853
18.410000 0.99999999997587307732
18.420000 0.99999999997615729441
18.430000 0.99999999997643784777
18.440000 0.99999999997671540353
18.450000 0.99999999997698985066
18.460000 0.99999999997726063405
18.470000 0.99999999997752853087
18.480000 0.99999999997779331906
18.490000 0.99999999997805466556
18.500000 0.99999999997831323650
18.510000 0.99999999997856869882
18.520000 0.99999999997882094149
18.530000 0.99999999997907018656
18.540000 0.99999999997931687812
18.550000 0.99999999997956023901
18.560000 0.99999999997980082433
18.570000 0.99999999998003874513
18.580000 0.99999999998027344628
18.590000 0.99999999998050592698
18.600000 0.99999999998073541008
18.610000 0.99999999998096211762
18.620000 0.99999999998118604960
18.630000 0.99999999998140742807
18.640000 0.99999999998162625303
18.650000 0.99999999998184241345
18.660000 0.99999999998205613139
18.670000 0.99999999998226718478
18.680000 0.99999999998247568467
18.690000 0.99999999998268229717
18.700000 0.99999999998288591208
18.710000 0.99999999998308730653
18.720000 0.99999999998328648054
18.730000 0.99999999998348299002
18.740000 0.99999999998367739007
18.750000 0.99999999998386945865
18.760000 0.99999999998405919577
18.770000 0.99999999998424682346
18.780000 0.99999999998443200866
18.790000 0.99999999998461541750
18.800000 0.99999999998479616181
18.810000 0.99999999998497479670
18.820000 0.99999999998515143318
18.830000 0.99999999998532618228
18.840000 0.99999999998549871094
18.850000 0.99999999998566924120
18.860000 0.99999999998583799510
18.870000 0.99999999998600463957
18.880000 0.99999999998616895258
18.890000 0.99999999998633160025
18.900000 0.99999999998649224953
18.910000 0.99999999998665112244
18.920000 0.99999999998680810798
18.930000 0.99999999998696320613
18.940000 0.99999999998711630589
18.950000 0.99999999998726762929
18.960000 0.99999999998741739837
18.970000 0.99999999998756528008
18.980000 0.99999999998771149645
18.990000 0.99999999998785582545
19.000000 0.99999999998799860013
19.010000 0.99999999998813993152
19.020000 0.99999999998827893144
19.030000 0.99999999998841671012
19.040000 0.99999999998855293448
19.050000 0.99999999998868727147
19.060000 0.99999999998882016516
19.070000 0.99999999998895161557
19.080000 0.99999999998908140064
19.090000 0.99999999998920952038
19.100000 0.99999999998933619683
19.110000 0.99999999998946131896
19.120000 0.99999999998958510883
19.130000 0.99999999998970756643
19.140000 0.99999999998982858074
19.150000 0.99999999998994781869
19.160000 0.99999999999006550233
19.170000 0.99999999999018218677
19.180000 0.99999999999029753894
19.190000 0.99999999999041133680
19.200000 0.99999999999052380240
19.210000 0.99999999999063526879
19.220000 0.99999999999074518087
19.230000 0.99999999999085353863
19.240000 0.99999999999096111925
19.250000 0.99999999999106714554
19.260000 0.99999999999117172855
19.270000 0.99999999999127542338
19.280000 0.99999999999137789697
19.290000 0.99999999999147892726
19.300000 0.99999999999157884734
19.310000 0.99999999999167754616
19.320000 0.99999999999177502374
19.330000 0.99999999999187150213
19.340000 0.99999999999196687028
19.350000 0.99999999999206112822
19.360000 0.99999999999215416491
19.370000 0.99999999999224609137
19.380000 0.99999999999233701864
19.390000 0.99999999999242694670
19.400000 0.99999999999251554250
19.410000 0.99999999999260325012
19.420000 0.99999999999269006956
19.430000 0.99999999999277577878
19.440000 0.99999999999286026675
19.450000 0.99999999999294408859
19.460000 0.99999999999302668918
19.470000 0.99999999999310817955
19.480000 0.99999999999318911481
19.490000 0.99999999999326871780
19.500000 0.99999999999334743261
19.510000 0.99999999999342514823
19.520000 0.99999999999350241975
19.530000 0.99999999999357835900
19.540000 0.99999999999365341008
19.550000 0.99999999999372768400
19.560000 0.99999999999380106974
19.570000 0.99999999999387367833
19.580000 0.99999999999394539874
19.590000 0.99999999999401623096
19.600000 0.99999999999408617501
19.610000 0.99999999999415511986
19.620000 0.99999999999422373165
19.630000 0.99999999999429123321
19.640000 0.99999999999435784659
19.650000 0.99999999999442379384
19.660000 0.99999999999448918597
19.670000 0.99999999999455357891
19.680000 0.99999999999461708367
19.690000 0.99999999999468003331
19.700000 0.99999999999474209478
19.710000 0.99999999999480349011
19.720000 0.99999999999486433033
19.730000 0.99999999999492428238
19.740000 0.99999999999498356829
19.750000 0.99999999999504207704
19.760000 0.99999999999509991966
19.770000 0.99999999999515720717
19.780000 0.99999999999521360650
19.790000 0.99999999999526933969
19.800000 0.99999999999532451778
19.810000 0.99999999999537914075
19.820000 0.99999999999543309759
19.830000 0.99999999999548649932
19.840000 0.99999999999553901286
19.850000 0.99999999999559097130
19.860000 0.99999999999564259667
19.870000 0.99999999999569333387
19.880000 0.99999999999574340492
19.890000 0.99999999999579303189
19.900000 0.99999999999584199273
19.910000 0.99999999999589050947
19.920000 0.99999999999593858213
19.930000 0.99999999999598565559
19.940000 0.99999999999603261802
19.950000 0.99999999999607869228
19.960000 0.99999999999612421142
19.970000 0.99999999999616939750
19.980000 0.99999999999621402846
19.990000 0.99999999999625810432
20.000000 0.99999999999630162506
20.010000 0.99999999999634481274
20.020000 0.99999999999638722326
20.030000 0.99999999999642918969
20.040000 0.99999999999647082305
20.050000 0.99999999999651156823
20.060000 0.99999999999655220240
20.070000 0.99999999999659228145
20.080000 0.99999999999663169437
20.090000 0.99999999999667088524
20.100000 0.99999999999670940998
20.110000 0.99999999999674793472
20.120000 0.99999999999678546025
20.130000 0.99999999999682287477
20.140000 0.99999999999685973417
20.150000 0.99999999999689637153
20.160000 0.99999999999693234276
20.170000 0.99999999999696798092
20.180000 0.99999999999700317499
20.190000 0.99999999999703792497
20.200000 0.99999999999707211984
20.210000 0.99999999999710620369
20.220000 0.99999999999713962140
20.230000 0.99999999999717270605
20.240000 0.99999999999720534660
20.250000 0.99999999999723787614
20.260000 0.99999999999726962852
20.270000 0.99999999999730104783
20.280000 0.99999999999733224509
20.290000 0.99999999999736322032
20.300000 0.99999999999739375145
20.310000 0.99999999999742383849
20.320000 0.99999999999745370349
20.330000 0.99999999999748301338
20.340000 0.99999999999751210122
20.350000 0.99999999999754085600
20.360000 0.99999999999756949975
20.370000 0.99999999999759747737
20.380000 0.99999999999762512193
20.390000 0.99999999999765265546
20.400000 0.99999999999767963388
20.410000 0.99999999999770627923
20.420000 0.99999999999773259152
20.430000 0.99999999999775901482
20.440000 0.99999999999778454995
20.450000 0.99999999999781030713
20.460000 0.99999999999783528715
20.470000 0.99999999999786037819
20.480000 0.99999999999788469207
20.490000 0.99999999999790922800
20.500000 0.99999999999793331984
20.510000 0.99999999999795707861
20.520000 0.99999999999798050432
20.530000 0.99999999999800381900
20.540000 0.99999999999802680062
20.550000 0.99999999999804933815
20.560000 0.99999999999807176465
20.570000 0.99999999999809419116
20.580000 0.99999999999811595153
20.590000 0.99999999999813760088
20.600000 0.99999999999815902818
20.610000 0.99999999999818001140
20.620000 0.99999999999820077257
20.630000 0.99999999999822153374
20.640000 0.99999999999824185082
20.650000 0.99999999999826194585
20.660000 0.99999999999828159680
20.670000 0.99999999999830135877
20.680000 0.99999999999832067665
20.690000 0.99999999999833999453
20.700000 0.99999999999835886832
20.710000 0.99999999999837785314
20.720000 0.99999999999839628284
20.730000 0.99999999999841437948
20.740000 0.99999999999843269816
20.750000 0.99999999999845035070
20.760000 0.99999999999846789223
20.770000 0.99999999999848554477
20.780000 0.99999999999850264221
20.790000 0.99999999999851951760
20.800000 0.99999999999853683708
20.810000 0.99999999999855337940
20.820000 0.99999999999856969968
20.830000 0.99999999999858590893
20.840000 0.99999999999860211819
20.850000 0.99999999999861777233
20.860000 0.99999999999863342648
20.870000 0.99999999999864896960
20.880000 0.99999999999866429068
20.890000 0.99999999999867950073
20.900000 0.99999999999869437772
20.910000 0.99999999999870925471
20.920000 0.99999999999872390966
20.930000 0.99999999999873800949
20.940000 0.99999999999875244239
20.950000 0.99999999999876665324
20.960000 0.99999999999878030899
20.970000 0.99999999999879407575
20.980000 0.99999999999880773149
20.990000 0.99999999999882116519
21.000000 0.99999999999883448787
21.010000 0.99999999999884747748
21.020000 0.99999999999886057811
21.030000 0.99999999999887334567
21.040000 0.99999999999888600222
21.050000 0.99999999999889843671
21.060000 0.99999999999891087121
21.070000 0.99999999999892308367
21.080000 0.99999999999893507407
21.090000 0.99999999999894717551
21.100000 0.99999999999895905489
21.110000 0.99999999999897060121
21.120000 0.99999999999898214753
21.130000 0.99999999999899347181
21.140000 0.99999999999900457404
21.150000 0.99999999999901567627
21.160000 0.99999999999902677850
21.170000 0.99999999999903765868
21.180000 0.99999999999904831682
21.190000 0.99999999999905886394
21.200000 0.99999999999906930004
21.210000 0.99999999999907973613
21.220000 0.99999999999909017223
21.230000 0.99999999999910027526
21.240000 0.99999999999911026727
21.250000 0.99999999999911992621
21.260000 0.99999999999912980719
21.270000 0.99999999999913946613
21.280000 0.99999999999914890303
21.290000 0.99999999999915822890
21.300000 0.99999999999916777682
21.310000 0.99999999999917688065
21.320000 0.99999999999918598448
21.330000 0.99999999999919508831
21.340000 0.99999999999920385907
21.350000 0.99999999999921262983
21.360000 0.99999999999922151162
21.370000 0.99999999999922994931
21.380000 0.99999999999923838701
21.390000 0.99999999999924671368
21.400000 0.99999999999925515137
21.410000 0.99999999999926336702
21.420000 0.99999999999927136063
21.430000 0.99999999999927935423
21.440000 0.99999999999928723682
21.450000 0.99999999999929500838
21.460000 0.99999999999930255790
21.470000 0.99999999999931021843
21.480000 0.99999999999931776795
21.490000 0.99999999999932487338
21.500000 0.99999999999933253392
21.510000 0.99999999999933986139
21.520000 0.99999999999934685579
21.530000 0.99999999999935396122
21.540000 0.99999999999936106665
21.550000 0.99999999999936795003
21.560000 0.99999999999937472239
21.570000 0.99999999999938149475
21.580000 0.99999999999938837814
21.590000 0.99999999999939481743
21.600000 0.99999999999940136775
21.610000 0.99999999999940769602
21.620000 0.99999999999941413531
21.630000 0.99999999999942024154
21.640000 0.99999999999942645879
21.650000 0.99999999999943267603
21.660000 0.99999999999943867124
21.670000 0.99999999999944466644
21.680000 0.99999999999945066165
21.690000 0.99999999999945643481
21.700000 0.99999999999946243001
21.710000 0.99999999999946820317
21.720000 0.99999999999947386531
21.730000 0.99999999999947941642
21.740000 0.99999999999948474549
21.750000 0.99999999999949051865
21.760000 0.99999999999949595875
21.770000 0.99999999999950106577
21.780000 0.99999999999950628382
21.790000 0.99999999999951161289
21.800000 0.99999999999951671992
21.810000 0.99999999999952171592
21.820000 0.99999999999952682295
21.830000 0.99999999999953192997
21.840000 0.99999999999953681495
21.850000 0.99999999999954158891
21.860000 0.99999999999954625185
21.870000 0.99999999999955102581
21.880000 0.99999999999955568875
21.890000 0.99999999999956046270
21.900000 0.99999999999956490360
21.910000 0.99999999999956945551
21.920000 0.99999999999957378538
21.930000 0.99999999999957822627
21.940000 0.99999999999958255614
21.950000 0.99999999999958699703
21.960000 0.99999999999959110486
21.970000 0.99999999999959543473
21.980000 0.99999999999959965358
21.990000 0.99999999999960365038
22.000000 0.99999999999960764718
22.010000 0.99999999999961175501
22.020000 0.99999999999961564079
22.030000 0.99999999999961963759
22.040000 0.99999999999962352337
22.050000 0.99999999999962718711
22.060000 0.99999999999963107289
22.070000 0.99999999999963462560
22.080000 0.99999999999963828934
22.090000 0.99999999999964206410
22.100000 0.99999999999964572783
22.110000 0.99999999999964905850
22.120000 0.99999999999965261122
22.130000 0.99999999999965627495
22.140000 0.99999999999965971664
22.150000 0.99999999999966304731
22.160000 0.99999999999966637798
22.170000 0.99999999999966970865
22.180000 0.99999999999967303932
22.190000 0.99999999999967625897
22.200000 0.99999999999967970066
22.210000 0.99999999999968269826
22.220000 0.99999999999968569586
22.230000 0.99999999999968869346
22.240000 0.99999999999969202413
22.250000 0.99999999999969491071
22.260000 0.99999999999969813036
22.270000 0.99999999999970101694
22.280000 0.99999999999970379250
22.290000 0.99999999999970667908
22.300000 0.99999999999970934361
22.310000 0.99999999999971234121
22.320000 0.99999999999971500575
22.330000 0.99999999999971767028
22.340000 0.99999999999972033482
22.350000 0.99999999999972311038
22.360000 0.99999999999972555287
22.370000 0.99999999999972821740
22.380000 0.99999999999973099296
22.390000 0.99999999999973343545
22.400000 0.99999999999973598896
22.410000 0.99999999999973843146
22.420000 0.99999999999974098497
22.430000 0.99999999999974331644
22.440000 0.99999999999974586995
22.450000 0.99999999999974820142
22.460000 0.99999999999975042186
22.470000 0.99999999999975275333
22.480000 0.99999999999975530685
22.490000 0.99999999999975741627
22.500000 0.99999999999975963672
22.510000 0.99999999999976196818
22.520000 0.99999999999976418863
22.530000 0.99999999999976652010
22.540000 0.99999999999976840748
22.550000 0.99999999999977084997
22.560000 0.99999999999977284837
22.570000 0.99999999999977473575
22.580000 0.99999999999977684517
22.590000 0.99999999999977895460
22.600000 0.99999999999978084197
22.610000 0.99999999999978284038
22.620000 0.99999999999978472776
22.630000 0.99999999999978661513
22.640000 0.99999999999978850251
22.650000 0.99999999999979027887
22.660000 0.99999999999979249932
22.670000 0.99999999999979416465
22.680000 0.99999999999979582999
22.690000 0.99999999999979749532
22.700000 0.99999999999979949372
22.710000 0.99999999999980093701
22.720000 0.99999999999980271337
22.730000 0.99999999999980460075
22.740000 0.99999999999980615506
22.750000 0.99999999999980782039
22.760000 0.99999999999980959675
22.770000 0.99999999999981092902
22.780000 0.99999999999981281640
22.790000 0.99999999999981448173
22.800000 0.99999999999981592502
22.810000 0.99999999999981736831
22.820000 0.99999999999981881160
22.830000 0.99999999999982058796
22.840000 0.99999999999982180920
22.850000 0.99999999999982336352
22.860000 0.99999999999982502885
22.870000 0.99999999999982647214
22.880000 0.99999999999982780441
22.890000 0.99999999999982913668
22.900000 0.99999999999983046894
22.910000 0.99999999999983191223
22.920000 0.99999999999983335552
22.930000 0.99999999999983446575
22.940000 0.99999999999983613108
22.950000 0.99999999999983724130
22.960000 0.99999999999983857357
22.970000 0.99999999999984001686
22.980000 0.99999999999984101606
22.990000 0.99999999999984245935
23.000000 0.99999999999984368060
23.010000 0.99999999999984501287
23.020000 0.99999999999984601207
23.030000 0.99999999999984712229
23.040000 0.99999999999984845456
23.050000 0.99999999999984956478
23.060000 0.99999999999985078603
23.070000 0.99999999999985167420
23.080000 0.99999999999985300647
23.090000 0.99999999999985422772
23.100000 0.99999999999985522692
23.110000 0.99999999999985644816
23.120000 0.99999999999985755839
23.130000 0.99999999999985844656
23.140000 0.99999999999985955679
23.150000 0.99999999999986066701
23.160000 0.99999999999986166621
23.170000 0.99999999999986266541
23.180000 0.99999999999986366461
23.190000 0.99999999999986466381
23.200000 0.99999999999986555199
23.210000 0.99999999999986677324
23.220000 0.99999999999986766142
23.230000 0.99999999999986854959
23.240000 0.99999999999986921573
23.250000 0.99999999999987054800
23.260000 0.99999999999987143617
23.270000 0.99999999999987221333
23.280000 0.99999999999987310151
23.290000 0.99999999999987410071
23.300000 0.99999999999987487787
23.310000 0.99999999999987565502
23.320000 0.99999999999987654320
23.330000 0.99999999999987754240
23.340000 0.99999999999987809751
23.350000 0.99999999999987909671
23.360000 0.99999999999987987387
23.370000 0.99999999999988065102
23.380000 0.99999999999988142818
23.390000 0.99999999999988220534
23.400000 0.99999999999988298249
23.410000 0.99999999999988353760
23.420000 0.99999999999988431476
23.430000 0.99999999999988531396
23.440000 0.99999999999988598010
23.450000 0.99999999999988653521
23.460000 0.99999999999988742339
23.470000 0.99999999999988808952
23.480000 0.99999999999988864463
23.490000 0.99999999999988953281
23.500000 0.99999999999989008792
23.510000 0.99999999999989075405
23.520000 0.99999999999989130917
23.530000 0.99999999999989219734
23.540000 0.99999999999989264143
23.550000 0.99999999999989330757
23.560000 0.99999999999989397370
23.570000 0.99999999999989441779
23.580000 0.99999999999989508392
23.590000 0.99999999999989597210
23.600000 0.99999999999989641619
23.610000 0.99999999999989697130
23.620000 0.99999999999989741539
23.630000 0.99999999999989819255
23.640000 0.99999999999989874766
23.650000 0.99999999999989919175
23.660000 0.99999999999989974686
23.670000 0.99999999999990052402
23.680000 0.99999999999990107913
23.690000 0.99999999999990152322
23.700000 0.99999999999990218935
23.710000 0.99999999999990285549
23.720000 0.99999999999990318855
23.730000 0.99999999999990385469
23.740000 0.99999999999990440980
23.750000 0.99999999999990474286
23.760000 0.99999999999990529798
23.770000 0.99999999999990607513
23.780000 0.99999999999990640820
23.790000 0.99999999999990674127
23.800000 0.99999999999990718536
23.810000 0.99999999999990785149
23.820000 0.99999999999990807353
23.830000 0.99999999999990851762
23.840000 0.99999999999990918376
23.850000 0.99999999999990962785
23.860000 0.99999999999990996091
23.870000 0.99999999999991040500
23.880000 0.99999999999991084909
23.890000 0.99999999999991140420
23.900000 0.99999999999991173727
23.910000 0.99999999999991218136
23.920000 0.99999999999991251443
23.930000 0.99999999999991295851
23.940000 0.99999999999991362465
23.950000 0.99999999999991384669
23.960000 0.99999999999991417976
23.970000 0.99999999999991462385
23.980000 0.99999999999991517896
23.990000 0.99999999999991540101
24.000000 0.99999999999991562305
24.010000 0.99999999999991584509
24.020000 0.99999999999991662225
24.030000 0.99999999999991684430
24.040000 0.99999999999991706634
24.050000 0.99999999999991751043
24.060000 0.99999999999991784350
24.070000 0.99999999999991806554
24.080000 0.99999999999991850963
24.090000 0.99999999999991884270
24.100000 0.99999999999991906474
24.110000 0.99999999999991939781
24.120000 0.99999999999992006394
24.130000 0.99999999999992028599
24.140000 0.99999999999992050803
24.150000 0.99999999999992073008
24.160000 0.99999999999992117417
24.170000 0.99999999999992161825
24.180000 0.99999999999992184030
24.190000 0.99999999999992217337
24.200000 0.99999999999992250643
24.210000 0.99999999999992261746
24.220000 0.99999999999992295052
24.230000 0.99999999999992328359
24.240000 0.99999999999992339461
24.250000 0.99999999999992383870
24.260000 0.99999999999992428279
24.270000 0.99999999999992439381
24.280000 0.99999999999992461586
24.290000 0.99999999999992483790
24.300000 0.99999999999992517097
24.310000 0.99999999999992539301
24.320000 0.99999999999992561506
24.330000 0.99999999999992572608
24.340000 0.99999999999992605915
24.350000 0.99999999999992639221
24.360000 0.99999999999992694732
24.370000 0.99999999999992694732
24.380000 0.99999999999992728039
24.390000 0.99999999999992739141
24.400000 0.99999999999992772448
24.410000 0.99999999999992794653
24.420000 0.99999999999992794653
24.430000 0.99999999999992827959
24.440000 0.99999999999992861266
24.450000 0.99999999999992861266
24.460000 0.99999999999992883470
24.470000 0.99999999999992916777
24.480000 0.99999999999992938982
24.490000 0.99999999999992961186
24.500000 0.99999999999992994493
24.510000 0.99999999999993016697
24.520000 0.99999999999993027799
24.530000 0.99999999999993038902
24.540000 0.99999999999993083311
24.550000 0.99999999999993094413
24.560000 0.99999999999993105515
24.570000 0.99999999999993127719
24.580000 0.99999999999993149924
24.590000 0.99999999999993161026
24.600000 0.99999999999993183231
24.610000 0.99999999999993216537
24.620000 0.99999999999993249844
24.630000 0.99999999999993260946
24.640000 0.99999999999993283151
24.650000 0.99999999999993294253
24.660000 0.99999999999993305355
24.670000 0.99999999999993338662
24.680000 0.99999999999993338662
24.690000 0.99999999999993338662
24.700000 0.99999999999993360866
24.710000 0.99999999999993371969
24.720000 0.99999999999993383071
24.730000 0.99999999999993394173
24.740000 0.99999999999993416377
24.750000 0.99999999999993438582
24.760000 0.99999999999993460786
24.770000 0.99999999999993471889
24.780000 0.99999999999993494093
24.790000 0.99999999999993516298
24.800000 0.99999999999993494093
24.810000 0.99999999999993516298
24.820000 0.99999999999993549604
24.830000 0.99999999999993549604
24.840000 0.99999999999993560706
24.850000 0.99999999999993594013
24.860000 0.99999999999993605115
24.870000 0.99999999999993616218
24.880000 0.99999999999993638422
24.890000 0.99999999999993649524
24.900000 0.99999999999993660627
24.910000 0.99999999999993649524
24.920000 0.99999999999993682831
24.930000 0.99999999999993693933
24.940000 0.99999999999993693933
24.950000 0.99999999999993705035
24.960000 0.99999999999993738342
24.970000 0.99999999999993738342
24.980000 0.99999999999993738342
24.990000 0.99999999999993760547
25.000000 0.99999999999993782751
25.010000 0.99999999999993793853
25.020000 0.99999999999993816058
25.030000 0.99999999999993816058
25.040000 0.99999999999993827160
25.050000 0.99999999999993838262
25.060000 0.99999999999993838262
25.070000 0.99999999999993849364
25.080000 0.99999999999993871569
25.090000 0.99999999999993882671
25.100000 0.99999999999993882671
25.110000 0.99999999999993893773
25.120000 0.99999999999993893773
25.130000 0.99999999999993893773
25.140000 0.99999999999993915978
25.150000 0.99999999999993915978
25.160000 0.99999999999993927080
25.170000 0.99999999999993938182
25.180000 0.99999999999993938182
25.190000 0.99999999999993949285
25.200000 0.99999999999993982591
25.210000 0.99999999999993971489
25.220000 0.99999999999993982591
25.230000 0.99999999999994015898
25.240000 0.99999999999994015898
25.250000 0.99999999999994015898
25.260000 0.99999999999994015898
25.270000 0.99999999999994060307
25.280000 0.99999999999994049205
25.290000 0.99999999999994071409
25.300000 0.99999999999994060307
25.310000 0.99999999999994082511
25.320000 0.99999999999994093614
25.330000 0.99999999999994082511
25.340000 0.99999999999994104716
25.350000 0.99999999999994104716
25.360000 0.99999999999994093614
25.370000 0.99999999999994104716
25.380000 0.99999999999994115818
25.390000 0.99999999999994115818
25.400000 0.99999999999994126920
25.410000 0.99999999999994138022
25.420000 0.99999999999994126920
25.430000 0.99999999999994138022
25.440000 0.99999999999994126920
25.450000 0.99999999999994160227
25.460000 0.99999999999994171329
25.470000 0.99999999999994182431
25.480000 0.99999999999994193534
25.490000 0.99999999999994204636
25.500000 0.99999999999994193534
25.510000 0.99999999999994204636
25.520000 0.99999999999994237943
25.530000 0.99999999999994249045
25.540000 0.99999999999994237943
25.550000 0.99999999999994271249
25.560000 0.99999999999994260147
25.570000 0.99999999999994271249
25.580000 0.99999999999994282351
25.590000 0.99999999999994282351
25.600000 0.99999999999994282351
25.610000 0.99999999999994293454
25.620000 0.99999999999994304556
25.630000 0.99999999999994282351
25.640000 0.99999999999994293454
25.650000 0.99999999999994293454
25.660000 0.99999999999994315658
25.670000 0.99999999999994315658
25.680000 0.99999999999994293454
25.690000 0.99999999999994315658
25.700000 0.99999999999994326760
25.710000 0.99999999999994304556
25.720000 0.99999999999994326760
25.730000 0.99999999999994326760
25.740000 0.99999999999994326760
25.750000 0.99999999999994315658
25.760000 0.99999999999994337863
25.770000 0.99999999999994326760
25.780000 0.99999999999994326760
25.790000 0.99999999999994348965
25.800000 0.99999999999994348965
25.810000 0.99999999999994348965
25.820000 0.99999999999994360067
25.830000 0.99999999999994360067
25.840000 0.99999999999994393374
25.850000 0.99999999999994393374
25.860000 0.99999999999994404476
25.870000 0.99999999999994404476
25.880000 0.99999999999994404476
25.890000 0.99999999999994415578
25.900000 0.99999999999994437783
25.910000 0.99999999999994426680
25.920000 0.99999999999994437783
25.930000 0.99999999999994448885
25.940000 0.99999999999994448885
25.950000 0.99999999999994448885
25.960000 0.99999999999994459987
25.970000 0.99999999999994448885
25.980000 0.99999999999994448885
25.990000 0.99999999999994437783
26.000000 0.99999999999994459987
26.010000 0.99999999999994459987
26.020000 0.99999999999994448885
26.030000 0.99999999999994437783
26.040000 0.99999999999994448885
26.050000 0.99999999999994459987
26.060000 0.99999999999994459987
26.070000 0.99999999999994471089
26.080000 0.99999999999994482192
26.090000 0.99999999999994471089
26.100000 0.99999999999994459987
26.110000 0.99999999999994482192
26.120000 0.99999999999994482192
26.130000 0.99999999999994471089
26.140000 0.99999999999994482192
26.150000 0.99999999999994493294
26.160000 0.99999999999994471089
26.170000 0.99999999999994482192
26.180000 0.99999999999994493294
26.190000 0.99999999999994493294
26.200000 0.99999999999994493294
26.210000 0.99999999999994482192
26.220000 0.99999999999994482192
26.230000 0.99999999999994482192
26.240000 0.99999999999994482192
26.250000 0.99999999999994504396
26.260000 0.99999999999994504396
26.270000 0.99999999999994493294
26.280000 0.99999999999994493294
26.290000 0.99999999999994504396
26.300000 0.99999999999994482192
26.310000 0.99999999999994515498
26.320000 0.99999999999994515498
26.330000 0.99999999999994493294
26.340000 0.99999999999994515498
26.350000 0.99999999999994504396
26.360000 0.99999999999994504396
26.370000 0.99999999999994504396
26.380000 0.99999999999994526600
26.390000 0.99999999999994526600
26.400000 0.99999999999994526600
26.410000 0.99999999999994515498
26.420000 0.99999999999994537703
26.430000 0.99999999999994515498
26.440000 0.99999999999994515498
26.450000 0.99999999999994526600
26.460000 0.99999999999994537703
26.470000 0.99999999999994526600
26.480000 0.99999999999994548805
26.490000 0.99999999999994571009
26.500000 0.99999999999994559907
26.510000 0.99999999999994571009
26.520000 0.99999999999994582112
26.530000 0.99999999999994604316
26.540000 0.99999999999994593214
26.550000 0.99999999999994593214
26.560000 0.99999999999994593214
26.570000 0.99999999999994604316
26.580000 0.99999999999994604316
26.590000 0.99999999999994604316
26.600000 0.99999999999994626521
26.610000 0.99999999999994615418
26.620000 0.99999999999994615418
26.630000 0.99999999999994637623
26.640000 0.99999999999994615418
26.650000 0.99999999999994626521
26.660000 0.99999999999994637623
26.670000 0.99999999999994626521
26.680000 0.99999999999994615418
26.690000 0.99999999999994615418
26.700000 0.99999999999994637623
26.710000 0.99999999999994626521
26.720000 0.99999999999994626521
26.730000 0.99999999999994637623
26.740000 0.99999999999994626521
26.750000 0.99999999999994615418
26.760000 0.99999999999994615418
26.770000 0.99999999999994637623
26.780000 0.99999999999994626521
26.790000 0.99999999999994615418
26.800000 0.99999999999994626521
26.810000 0.99999999999994648725
26.820000 0.99999999999994637623
26.830000 0.99999999999994637623
26.840000 0.99999999999994659827
26.850000 0.99999999999994648725
26.860000 0.99999999999994637623
26.870000 0.99999999999994659827
26.880000 0.99999999999994648725
26.890000 0.99999999999994648725
26.900000 0.99999999999994648725
26.910000 0.99999999999994648725
26.920000 0.99999999999994659827
26.930000 0.99999999999994659827
26.940000 0.99999999999994648725
26.950000 0.99999999999994659827
26.960000 0.99999999999994659827
26.970000 0.99999999999994648725
26.980000 0.99999999999994670929
26.990000 0.99999999999994659827
27.000000 0.99999999999994659827
27.010000 0.99999999999994670929
27.020000 0.99999999999994659827
27.030000 0.99999999999994648725
27.040000 0.99999999999994648725
27.050000 0.99999999999994670929
27.060000 0.99999999999994648725
27.070000 0.99999999999994659827
27.080000 0.99999999999994670929
27.090000 0.99999999999994659827
27.100000 0.99999999999994659827
27.110000 0.99999999999994659827
27.120000 0.99999999999994659827
27.130000 0.99999999999994659827
27.140000 0.99999999999994637623
27.150000 0.99999999999994648725
27.160000 0.99999999999994659827
27.170000 0.99999999999994670929
27.180000 0.99999999999994659827
27.190000 0.99999999999994670929
27.200000 0.99999999999994659827
27.210000 0.99999999999994659827
27.220000 0.99999999999994670929
27.230000 0.99999999999994670929
27.240000 0.99999999999994670929
27.250000 0.99999999999994670929
27.260000 0.99999999999994670929
27.270000 0.99999999999994659827
27.280000 0.99999999999994648725
27.290000 0.99999999999994670929
27.300000 0.99999999999994670929
27.310000 0.99999999999994659827
27.320000 0.99999999999994659827
27.330000 0.99999999999994670929
27.340000 0.99999999999994659827
27.350000 0.99999999999994670929
27.360000 0.99999999999994682032
27.370000 0.99999999999994682032
27.380000 0.99999999999994670929
27.390000 0.99999999999994659827
27.400000 0.99999999999994670929
27.410000 0.99999999999994670929
27.420000 0.99999999999994659827
27.430000 0.99999999999994682032
27.440000 0.99999999999994670929
27.450000 0.99999999999994670929
27.460000 0.99999999999994682032
27.470000 0.99999999999994682032
27.480000 0.99999999999994670929
27.490000 0.99999999999994670929
27.500000 0.99999999999994682032
27.510000 0.99999999999994682032
27.520000 0.99999999999994659827
27.530000 0.99999999999994659827
27.540000 0.99999999999994670929
27.550000 0.99999999999994670929
27.560000 0.99999999999994659827
27.570000 0.99999999999994659827
27.580000 0.99999999999994682032
27.590000 0.99999999999994659827
27.600000 0.99999999999994693134
27.610000 0.99999999999994670929
27.620000 0.99999999999994670929
27.630000 0.99999999999994682032
27.640000 0.99999999999994682032
27.650000 0.99999999999994682032
27.660000 0.99999999999994670929
27.670000 0.99999999999994659827
27.680000 0.99999999999994682032
27.690000 0.99999999999994670929
27.700000 0.99999999999994682032
27.710000 0.99999999999994682032
27.720000 0.99999999999994682032
27.730000 0.99999999999994659827
27.740000 0.99999999999994659827
27.750000 0.99999999999994670929
27.760000 0.99999999999994670929
27.770000 0.99999999999994670929
27.780000 0.99999999999994682032
27.790000 0.99999999999994659827
27.800000 0.99999999999994670929
27.810000 0.99999999999994693134
27.820000 0.99999999999994682032
27.830000 0.99999999999994682032
27.840000 0.99999999999994682032
27.850000 0.99999999999994682032
27.860000 0.99999999999994670929
27.870000 0.99999999999994659827
27.880000 0.99999999999994693134
27.890000 0.99999999999994682032
27.900000 0.99999999999994693134
27.910000 0.99999999999994659827
27.920000 0.99999999999994682032
27.930000 0.99999999999994682032
27.940000 0.99999999999994670929
27.950000 0.99999999999994682032
27.960000 0.99999999999994682032
27.970000 0.99999999999994682032
27.980000 0.99999999999994682032
27.990000 0.99999999999994682032
28.000000 0.99999999999994682032
28.010000 0.99999999999994682032
28.020000 0.99999999999994693134
28.030000 0.99999999999994693134
28.040000 0.99999999999994670929
28.050000 0.99999999999994670929
28.060000 0.99999999999994693134
28.070000 0.99999999999994693134
28.080000 0.99999999999994670929
28.090000 0.99999999999994670929
28.100000 0.99999999999994693134
28.110000 0.99999999999994682032
28.120000 0.99999999999994682032
28.130000 0.99999999999994682032
28.140000 0.99999999999994682032
28.150000 0.99999999999994682032
28.160000 0.99999999999994693134
28.170000 0.99999999999994693134
28.180000 0.99999999999994693134
28.190000 0.99999999999994704236
28.200000 0.99999999999994693134
28.210000 0.99999999999994682032
28.220000 0.99999999999994693134
28.230000 0.99999999999994693134
28.240000 0.99999999999994682032
28.250000 0.99999999999994682032
28.260000 0.99999999999994670929
28.270000 0.99999999999994682032
28.280000 0.99999999999994693134
28.290000 0.99999999999994670929
28.300000 0.99999999999994682032
28.310000 0.99999999999994693134
28.320000 0.99999999999994670929
28.330000 0.99999999999994682032
28.340000 0.99999999999994682032
28.350000 0.99999999999994682032
28.360000 0.99999999999994670929
28.370000 0.99999999999994693134
28.380000 0.99999999999994682032
28.390000 0.99999999999994693134
28.400000 0.99999999999994670929
28.410000 0.99999999999994682032
28.420000 0.99999999999994670929
28.430000 0.99999999999994670929
28.440000 0.99999999999994670929
28.450000 0.99999999999994670929
28.460000 0.99999999999994659827
28.470000 0.99999999999994659827
28.480000 0.99999999999994682032
28.490000 0.99999999999994659827
28.500000 0.99999999999994670929
28.510000 0.99999999999994682032
28.520000 0.99999999999994670929
28.530000 0.99999999999994659827
28.540000 0.99999999999994682032
28.550000 0.99999999999994682032
28.560000 0.99999999999994682032
28.570000 0.99999999999994682032
28.580000 0.99999999999994682032
28.590000 0.99999999999994682032
28.600000 0.99999999999994670929
28.610000 0.99999999999994682032
28.620000 0.99999999999994682032
28.630000 0.99999999999994670929
28.640000 0.99999999999994670929
28.650000 0.99999999999994682032
28.660000 0.99999999999994682032
28.670000 0.99999999999994659827
28.680000 0.99999999999994670929
28.690000 0.99999999999994670929
28.700000 0.99999999999994670929
28.710000 0.99999999999994670929
28.720000 0.99999999999994682032
28.730000 0.99999999999994670929
28.740000 0.99999999999994682032
28.750000 0.99999999999994682032
28.760000 0.99999999999994682032
28.770000 0.99999999999994682032
28.780000 0.99999999999994659827
28.790000 0.99999999999994682032
28.800000 0.99999999999994682032
28.810000 0.99999999999994670929
28.820000 0.99999999999994670929
28.830000 0.99999999999994682032
28.840000 0.99999999999994670929
28.850000 0.99999999999994659827
28.860000 0.99999999999994682032
28.870000 0.99999999999994682032
28.880000 0.99999999999994670929
28.890000 0.99999999999994682032
28.900000 0.99999999999994693134
28.910000 0.99999999999994682032
28.920000 0.99999999999994693134
28.930000 0.99999999999994682032
28.940000 0.99999999999994659827
28.950000 0.99999999999994670929
28.960000 0.99999999999994682032
28.970000 0.99999999999994670929
28.980000 0.99999999999994682032
28.990000 0.99999999999994670929
29.000000 0.99999999999994670929
29.010000 0.99999999999994693134
29.020000 0.99999999999994659827
29.030000 0.99999999999994659827
29.040000 0.99999999999994670929
29.050000 0.99999999999994670929
29.060000 0.99999999999994670929
29.070000 0.99999999999994670929
29.080000 0.99999999999994670929
29.090000 0.99999999999994659827
29.100000 0.99999999999994682032
29.110000 0.99999999999994682032
29.120000 0.99999999999994670929
29.130000 0.99999999999994682032
29.140000 0.99999999999994682032
29.150000 0.99999999999994670929
29.160000 0.99999999999994648725
29.170000 0.99999999999994670929
29.180000 0.99999999999994670929
29.190000 0.99999999999994670929
29.200000 0.99999999999994659827
29.210000 0.99999999999994670929
29.220000 0.99999999999994670929
29.230000 0.99999999999994670929
29.240000 0.99999999999994670929
29.250000 0.99999999999994682032
29.260000 0.99999999999994670929
29.270000 0.99999999999994659827
29.280000 0.99999999999994682032
29.290000 0.99999999999994670929
29.300000 0.99999999999994670929
29.310000 0.99999999999994659827
29.320000 0.99999999999994670929
29.330000 0.99999999999994670929
29.340000 0.99999999999994682032
29.350000 0.99999999999994670929
29.360000 0.99999999999994682032
29.370000 0.99999999999994670929
29.380000 0.99999999999994682032
29.390000 0.99999999999994682032
29.400000 0.99999999999994682032
29.410000 0.99999999999994659827
29.420000 0.99999999999994682032
29.430000 0.99999999999994670929
29.440000 0.99999999999994670929
29.450000 0.99999999999994682032
29.460000 0.99999999999994693134
29.470000 0.99999999999994659827
29.480000 0.99999999999994682032
29.490000 0.99999999999994693134
29.500000 0.99999999999994670929
29.510000 0.99999999999994670929
29.520000 0.99999999999994682032
29.530000 0.99999999999994670929
29.540000 0.99999999999994682032
29.550000 0.99999999999994670929
29.560000 0.99999999999994682032
29.570000 0.99999999999994670929
29.580000 0.99999999999994682032
29.590000 0.99999999999994682032
29.600000 0.99999999999994693134
29.610000 0.99999999999994670929
29.620000 0.99999999999994682032
29.630000 0.99999999999994682032
29.640000 0.99999999999994670929
29.650000 0.99999999999994670929
29.660000 0.99999999999994682032
29.670000 0.99999999999994670929
29.680000 0.99999999999994670929
29.690000 0.99999999999994693134
29.700000 0.99999999999994693134
29.710000 0.99999999999994670929
29.720000 0.99999999999994693134
29.730000 0.99999999999994693134
29.740000 0.99999999999994682032
29.750000 0.99999999999994670929
29.760000 0.99999999999994670929
29.770000 0.99999999999994670929
29.780000 0.99999999999994670929
29.790000 0.99999999999994659827
29.800000 0.99999999999994682032
29.810000 0.99999999999994682032
29.820000 0.99999999999994670929
29.830000 0.99999999999994682032
29.840000 0.99999999999994693134
29.850000 0.99999999999994682032
29.860000 0.99999999999994682032
29.870000 0.99999999999994682032
29.880000 0.99999999999994670929
29.890000 0.99999999999994670929
29.900000 0.99999999999994659827
29.910000 0.99999999999994682032
29.920000 0.99999999999994682032
29.930000 0.99999999999994670929
29.940000 0.99999999999994682032
29.950000 0.99999999999994682032
29.960000 0.99999999999994659827
29.970000 0.99999999999994670929
29.980000 0.99999999999994670929
29.990000 0.99999999999994670929
30.000000 0.99999999999994670929
