-30.000000 0.00000000000000000000
-29.990000 0.00000000000000000000
-29.980000 0.00000000000000000000
-29.970000 0.00000000000000000000
-29.960000 0.00000000000000000000
-29.950000 0.00000000000000000000
-29.940000 0.00000000000000000000
-29.930000 0.00000000000000000000
-29.920000 0.00000000000000000000
-29.910000 0.00000000000000000000
-29.900000 0.00000000000000000000
-29.890000 0.00000000000000000000
-29.880000 0.00000000000000000000
-29.870000 0.00000000000000000000
-29.860000 0.00000000000000000000
-29.850000 0.00000000000000000000
-29.840000 0.00000000000000000000
-29.830000 0.00000000000000000000
-29.820000 0.00000000000000000000
-29.810000 0.00000000000000000000
-29.800000 0.00000000000000000000
-29.790000 0.00000000000000000000
-29.780000 0.00000000000000000000
-29.770000 0.00000000000000000000
-29.760000 0.00000000000000000000
-29.750000 0.00000000000000000000
-29.740000 0.00000000000000000000
-29.730000 0.00000000000000000000
-29.720000 0.00000000000000000000
-29.710000 0.00000000000000000000
-29.700000 0.00000000000000000000
-29.690000 0.00000000000000000000
-29.680000 0.00000000000000000000
-29.670000 0.00000000000000000000
-29.660000 0.00000000000000000000
-29.650000 0.00000000000000000000
-29.640000 0.00000000000000000000
-29.630000 0.00000000000000000000
-29.620000 0.00000000000000000000
-29.610000 0.00000000000000000000
-29.600000 0.00000000000000000000
-29.590000 0.00000000000000000000
-29.580000 0.00000000000000000000
-29.570000 0.00000000000000000000
-29.560000 0.00000000000000000000
-29.550000 0.00000000000000000000
-29.540000 0.00000000000000000000
-29.530000 0.00000000000000000000
-29.520000 0.00000000000000000000
-29.510000 0.00000000000000000000
-29.500000 0.00000000000000000000
-29.490000 0.00000000000000000000
-29.480000 0.00000000000000000000
-29.470000 0.00000000000000000000
-29.460000 0.00000000000000000000
-29.450000 0.00000000000000000000
-29.440000 0.00000000000000000000
-29.430000 0.00000000000000000000
-29.420000 0.00000000000000000000
-29.410000 0.00000000000000000000
-29.400000 0.00000000000000000000
-29.390000 0.00000000000000000000
-29.380000 0.00000000000000000000
-29.370000 0.00000000000000000000
-29.360000 0.00000000000000000000
-29.350000 0.00000000000000000000
-29.340000 0.00000000000000000000
-29.330000 0.00000000000000000000
-29.320000 0.00000000000000000000
-29.310000 0.00000000000000000000
-29.300000 0.00000000000000000000
-29.290000 0.00000000000000000000
-29.280000 0.00000000000000000000
-29.270000 0.00000000000000000000
-29.260000 0.00000000000000000000
-29.250000 0.00000000000000000000
-29.240000 0.00000000000000000000
-29.230000 0.00000000000000000000
-29.220000 0.00000000000000000000
-29.210000 0.00000000000000000000
-29.200000 0.00000000000000000000
-29.190000 0.00000000000000000000
-29.180000 0.00000000000000000000
-29.170000 0.00000000000000000000
-29.160000 0.00000000000000000000
-29.150000 0.00000000000000000000
-29.140000 0.00000000000000000000
-29.130000 0.00000000000000000000
-29.120000 0.00000000000000000000
-29.110000 0.00000000000000000000
-29.100000 0.00000000000000000000
-29.090000 0.00000000000000000000
-29.080000 0.00000000000000000000
-29.070000 0.00000000000000000000
-29.060000 0.00000000000000000000
-29.050000 0.00000000000000000000
-29.040000 0.00000000000000000000
-29.030000 0.00000000000000000000
-29.020000 0.00000000000000000000
-29.010000 0.00000000000000000000
-29.000000 0.00000000000000000000
-28.990000 0.00000000000000000000
-28.980000 0.00000000000000000000
-28.970000 0.00000000000000000000
-28.960000 0.00000000000000000000
-28.950000 0.00000000000000000000
-28.940000 0.00000000000000000000
-28.930000 0.00000000000000000000
-28.920000 0.00000000000000000000
-28.910000 0.00000000000000000000
-28.900000 0.00000000000000000000
-28.890000 0.00000000000000000000
-28.880000 0.00000000000000000000
-28.870000 0.00000000000000000000
-28.860000 0.00000000000000000000
-28.850000 0.00000000000000000000
-28.840000 0.00000000000000000000
-28.830000 0.00000000000000000000
-28.820000 0.00000000000000000000
-28.810000 0.00000000000000000000
-28.800000 0.00000000000000000000
-28.790000 0.00000000000000000000
-28.780000 0.00000000000000000000
-28.770000 0.00000000000000000000
-28.760000 0.00000000000000000000
-28.750000 0.00000000000000000000
-28.740000 0.00000000000000000000
-28.730000 0.00000000000000000000
-28.720000 0.00000000000000000000
-28.710000 0.00000000000000000000
-28.700000 0.00000000000000000000
-28.690000 0.00000000000000000000
-28.680000 0.00000000000000000000
-28.670000 0.00000000000000000000
-28.660000 0.00000000000000000000
-28.650000 0.00000000000000000000
-28.640000 0.00000000000000000000
-28.630000 0.00000000000000000000
-28.620000 0.00000000000000000000
-28.610000 0.00000000000000000000
-28.600000 0.00000000000000000000
-28.590000 0.00000000000000000000
-28.580000 0.00000000000000000000
-28.570000 0.00000000000000000000
-28.560000 0.00000000000000000000
-28.550000 0.00000000000000000000
-28.540000 0.00000000000000000000
-28.530000 0.00000000000000000000
-28.520000 0.00000000000000000000
-28.510000 0.00000000000000000000
-28.500000 0.00000000000000000000
-28.490000 0.00000000000000000000
-28.480000 0.00000000000000000000
-28.470000 0.00000000000000000000
-28.460000 0.00000000000000000000
-28.450000 0.00000000000000000000
-28.440000 0.00000000000000000000
-28.430000 0.00000000000000000000
-28.420000 0.00000000000000000000
-28.410000 0.00000000000000000000
-28.400000 0.00000000000000000000
-28.390000 0.00000000000000000000
-28.380000 0.00000000000000000000
-28.370000 0.00000000000000000000
-28.360000 0.00000000000000000000
-28.350000 0.00000000000000000000
-28.340000 0.00000000000000000000
-28.330000 0.00000000000000000000
-28.320000 0.00000000000000000000
-28.310000 0.00000000000000000000
-28.300000 0.00000000000000000000
-28.290000 0.00000000000000000000
-28.280000 0.00000000000000000000
-28.270000 0.00000000000000000000
-28.260000 0.00000000000000000000
-28.250000 0.00000000000000000000
-28.240000 0.00000000000000000000
-28.230000 0.00000000000000000000
-28.220000 0.00000000000000000000
-28.210000 0.00000000000000000000
-28.200000 0.00000000000000000000
-28.190000 0.00000000000000000000
-28.180000 0.00000000000000000000
-28.170000 0.00000000000000000000
-28.160000 0.00000000000000000000
-28.150000 0.00000000000000000000
-28.140000 0.00000000000000000000
-28.130000 0.00000000000000000000
-28.120000 0.00000000000000000000
-28.110000 0.00000000000000000000
-28.100000 0.00000000000000000000
-28.090000 0.00000000000000000000
-28.080000 0.00000000000000000000
-28.070000 0.00000000000000000000
-28.060000 0.00000000000000000000
-28.050000 0.00000000000000000000
-28.040000 0.00000000000000000000
-28.030000 0.00000000000000000000
-28.020000 0.00000000000000000000
-28.010000 0.00000000000000000000
-28.000000 0.00000000000000000000
-27.990000 0.00000000000000000000
-27.980000 0.00000000000000000000
-27.970000 0.00000000000000000000
-27.960000 0.00000000000000000000
-27.950000 0.00000000000000000000
-27.940000 0.00000000000000000000
-27.930000 0.00000000000000000000
-27.920000 0.00000000000000000000
-27.910000 0.00000000000000000000
-27.900000 0.00000000000000000000
-27.890000 0.00000000000000000000
-27.880000 0.00000000000000000000
-27.870000 0.00000000000000000000
-27.860000 0.00000000000000000000
-27.850000 0.00000000000000000000
-27.840000 0.00000000000000000000
-27.830000 0.00000000000000000000
-27.820000 0.00000000000000000000
-27.810000 0.00000000000000000000
-27.800000 0.00000000000000000000
-27.790000 0.00000000000000000000
-27.780000 0.00000000000000000000
-27.770000 0.00000000000000000000
-27.760000 0.00000000000000000000
-27.750000 0.00000000000000000000
-27.740000 0.00000000000000000000
-27.730000 0.00000000000000000000
-27.720000 0.00000000000000000000
-27.710000 0.00000000000000000000
-27.700000 0.00000000000000000000
-27.690000 0.00000000000000000000
-27.680000 0.00000000000000000000
-27.670000 0.00000000000000000000
-27.660000 0.00000000000000000000
-27.650000 0.00000000000000000000
-27.640000 0.00000000000000000000
-27.630000 0.00000000000000000000
-27.620000 0.00000000000000000000
-27.610000 0.00000000000000000000
-27.600000 0.00000000000000000000
-27.590000 0.00000000000000000000
-27.580000 0.00000000000000000000
-27.570000 0.00000000000000000000
-27.560000 0.00000000000000000000
-27.550000 0.00000000000000000000
-27.540000 0.00000000000000000000
-27.530000 0.00000000000000000000
-27.520000 0.00000000000000000000
-27.510000 0.00000000000000000000
-27.500000 0.00000000000000000000
-27.490000 0.00000000000000000000
-27.480000 0.00000000000000000000
-27.470000 0.00000000000000000000
-27.460000 0.00000000000000000000
-27.450000 0.00000000000000000000
-27.440000 0.00000000000000000000
-27.430000 0.00000000000000000000
-27.420000 0.00000000000000000000
-27.410000 0.00000000000000000000
-27.400000 0.00000000000000000000
-27.390000 0.00000000000000000000
-27.380000 0.00000000000000000000
-27.370000 0.00000000000000000000
-27.360000 0.00000000000000000000
-27.350000 0.00000000000000000000
-27.340000 0.00000000000000000000
-27.330000 0.00000000000000000000
-27.320000 0.00000000000000000000
-27.310000 0.00000000000000000000
-27.300000 0.00000000000000000000
-27.290000 0.00000000000000000000
-27.280000 0.00000000000000000000
-27.270000 0.00000000000000000000
-27.260000 0.00000000000000000000
-27.250000 0.00000000000000000000
-27.240000 0.00000000000000000000
-27.230000 0.00000000000000000000
-27.220000 0.00000000000000000000
-27.210000 0.00000000000000000000
-27.200000 0.00000000000000000000
-27.190000 0.00000000000000000000
-27.180000 0.00000000000000000000
-27.170000 0.00000000000000000000
-27.160000 0.00000000000000000000
-27.150000 0.00000000000000000000
-27.140000 0.00000000000000000000
-27.130000 0.00000000000000000000
-27.120000 0.00000000000000000000
-27.110000 0.00000000000000000000
-27.100000 0.00000000000000000000
-27.090000 0.00000000000000000000
-27.080000 0.00000000000000000000
-27.070000 0.00000000000000000000
-27.060000 0.00000000000000000000
-27.050000 0.00000000000000000000
-27.040000 0.00000000000000000000
-27.030000 0.00000000000000000000
-27.020000 0.00000000000000000000
-27.010000 0.00000000000000000000
-27.000000 0.00000000000000000000
-26.990000 0.00000000000000000000
-26.980000 0.00000000000000000000
-26.970000 0.00000000000000000000
-26.960000 0.00000000000000000000
-26.950000 0.00000000000000000000
-26.940000 0.00000000000000000000
-26.930000 0.00000000000000000000
-26.920000 0.00000000000000000000
-26.910000 0.00000000000000000000
-26.900000 0.00000000000000000000
-26.890000 0.00000000000000000000
-26.880000 0.00000000000000000000
-26.870000 0.00000000000000000000
-26.860000 0.00000000000000000000
-26.850000 0.00000000000000000000
-26.840000 0.00000000000000000000
-26.830000 0.00000000000000000000
-26.820000 0.00000000000000000000
-26.810000 0.00000000000000000000
-26.800000 0.00000000000000000000
-26.790000 0.00000000000000000000
-26.780000 0.00000000000000000000
-26.770000 0.00000000000000000000
-26.760000 0.00000000000000000000
-26.750000 0.00000000000000000000
-26.740000 0.00000000000000000000
-26.730000 0.00000000000000000000
-26.720000 0.00000000000000000000
-26.710000 0.00000000000000000000
-26.700000 0.00000000000000000000
-26.690000 0.00000000000000000000
-26.680000 0.00000000000000000000
-26.670000 0.00000000000000000000
-26.660000 0.00000000000000000000
-26.650000 0.00000000000000000000
-26.640000 0.00000000000000000000
-26.630000 0.00000000000000000000
-26.620000 0.00000000000000000000
-26.610000 0.00000000000000000000
-26.600000 0.00000000000000000000
-26.590000 0.00000000000000000000
-26.580000 0.00000000000000000000
-26.570000 0.00000000000000000000
-26.560000 0.00000000000000000000
-26.550000 0.00000000000000000000
-26.540000 0.00000000000000000000
-26.530000 0.00000000000000000000
-26.520000 0.00000000000000000000
-26.510000 0.00000000000000000000
-26.500000 0.00000000000000000000
-26.490000 0.00000000000000000000
-26.480000 0.00000000000000000000
-26.470000 0.00000000000000000000
-26.460000 0.00000000000000000000
-26.450000 0.00000000000000000000
-26.440000 0.00000000000000000000
-26.430000 0.00000000000000000000
-26.420000 0.00000000000000000000
-26.410000 0.00000000000000000000
-26.400000 0.00000000000000000000
-26.390000 0.00000000000000000000
-26.380000 0.00000000000000000000
-26.370000 0.00000000000000000000
-26.360000 0.00000000000000000000
-26.350000 0.00000000000000000000
-26.340000 0.00000000000000000000
-26.330000 0.00000000000000000000
-26.320000 0.00000000000000000000
-26.310000 0.00000000000000000000
-26.300000 0.00000000000000000000
-26.290000 0.00000000000000000000
-26.280000 0.00000000000000000000
-26.270000 0.00000000000000000000
-26.260000 0.00000000000000000000
-26.250000 0.00000000000000000000
-26.240000 0.00000000000000000000
-26.230000 0.00000000000000000000
-26.220000 0.00000000000000000000
-26.210000 0.00000000000000000000
-26.200000 0.00000000000000000000
-26.190000 0.00000000000000000000
-26.180000 0.00000000000000000000
-26.170000 0.00000000000000000000
-26.160000 0.00000000000000000000
-26.150000 0.00000000000000000000
-26.140000 0.00000000000000000000
-26.130000 0.00000000000000000000
-26.120000 0.00000000000000000000
-26.110000 0.00000000000000000000
-26.100000 0.00000000000000000000
-26.090000 0.00000000000000000000
-26.080000 0.00000000000000000000
-26.070000 0.00000000000000000000
-26.060000 0.00000000000000000000
-26.050000 0.00000000000000000000
-26.040000 0.00000000000000000000
-26.030000 0.00000000000000000000
-26.020000 0.00000000000000000000
-26.010000 0.00000000000000000000
-26.000000 0.00000000000000000000
-25.990000 0.00000000000000000000
-25.980000 0.00000000000000000000
-25.970000 0.00000000000000000000
-25.960000 0.00000000000000000000
-25.950000 0.00000000000000000000
-25.940000 0.00000000000000000000
-25.930000 0.00000000000000000000
-25.920000 0.00000000000000000000
-25.910000 0.00000000000000000000
-25.900000 0.00000000000000000000
-25.890000 0.00000000000000000000
-25.880000 0.00000000000000000000
-25.870000 0.00000000000000000000
-25.860000 0.00000000000000000000
-25.850000 0.00000000000000000000
-25.840000 0.00000000000000000000
-25.830000 0.00000000000000000000
-25.820000 0.00000000000000000000
-25.810000 0.00000000000000000000
-25.800000 0.00000000000000000000
-25.790000 0.00000000000000000000
-25.780000 0.00000000000000000000
-25.770000 0.00000000000000000000
-25.760000 0.00000000000000000000
-25.750000 0.00000000000000000000
-25.740000 0.00000000000000000000
-25.730000 0.00000000000000000000
-25.720000 0.00000000000000000000
-25.710000 0.00000000000000000000
-25.700000 0.00000000000000000000
-25.690000 0.00000000000000000000
-25.680000 0.00000000000000000000
-25.670000 0.00000000000000000000
-25.660000 0.00000000000000000000
-25.650000 0.00000000000000000000
-25.640000 0.00000000000000000000
-25.630000 0.00000000000000000000
-25.620000 0.00000000000000000000
-25.610000 0.00000000000000000000
-25.600000 0.00000000000000000000
-25.590000 0.00000000000000000000
-25.580000 0.00000000000000000000
-25.570000 0.00000000000000000000
-25.560000 0.00000000000000000000
-25.550000 0.00000000000000000000
-25.540000 0.00000000000000000000
-25.530000 0.00000000000000000000
-25.520000 0.00000000000000000000
-25.510000 0.00000000000000000000
-25.500000 0.00000000000000000000
-25.490000 0.00000000000000000000
-25.480000 0.00000000000000000000
-25.470000 0.00000000000000000000
-25.460000 0.00000000000000000000
-25.450000 0.00000000000000000000
-25.440000 0.00000000000000000000
-25.430000 0.00000000000000000000
-25.420000 0.00000000000000000000
-25.410000 0.00000000000000000000
-25.400000 0.00000000000000000000
-25.390000 0.00000000000000000000
-25.380000 0.00000000000000000000
-25.370000 0.00000000000000000000
-25.360000 0.00000000000000000000
-25.350000 0.00000000000000000000
-25.340000 0.00000000000000000000
-25.330000 0.00000000000000000000
-25.320000 0.00000000000000000000
-25.310000 0.00000000000000000000
-25.300000 0.00000000000000000000
-25.290000 0.00000000000000000000
-25.280000 0.00000000000000000000
-25.270000 0.00000000000000000000
-25.260000 0.00000000000000000000
-25.250000 0.00000000000000000000
-25.240000 0.00000000000000000000
-25.230000 0.00000000000000000000
-25.220000 0.00000000000000000000
-25.210000 0.00000000000000000000
-25.200000 0.00000000000000000000
-25.190000 0.00000000000000000000
-25.180000 0.00000000000000000000
-25.170000 0.00000000000000000000
-25.160000 0.00000000000000000000
-25.150000 0.00000000000000000000
-25.140000 0.00000000000000000000
-25.130000 0.00000000000000000000
-25.120000 0.00000000000000000000
-25.110000 0.00000000000000000000
-25.100000 0.00000000000000000000
-25.090000 0.00000000000000000000
-25.080000 0.00000000000000000000
-25.070000 0.00000000000000000000
-25.060000 0.00000000000000000000
-25.050000 0.00000000000000000000
-25.040000 0.00000000000000000000
-25.030000 0.00000000000000000000
-25.020000 0.00000000000000000000
-25.010000 0.00000000000000000000
-25.000000 0.00000000000000000000
-24.990000 0.00000000000000000000
-24.980000 0.00000000000000000000
-24.970000 0.00000000000000000000
-24.960000 0.00000000000000000000
-24.950000 0.00000000000000000000
-24.940000 0.00000000000000000000
-24.930000 0.00000000000000000000
-24.920000 0.00000000000000000000
-24.910000 0.00000000000000000000
-24.900000 0.00000000000000000000
-24.890000 0.00000000000000000000
-24.880000 0.00000000000000000000
-24.870000 0.00000000000000000000
-24.860000 0.00000000000000000000
-24.850000 0.00000000000000000000
-24.840000 0.00000000000000000000
-24.830000 0.00000000000000000000
-24.820000 0.00000000000000000000
-24.810000 0.00000000000000000000
-24.800000 0.00000000000000000000
-24.790000 0.00000000000000000000
-24.780000 0.00000000000000000000
-24.770000 0.00000000000000000000
-24.760000 0.00000000000000000000
-24.750000 0.00000000000000000000
-24.740000 0.00000000000000000000
-24.730000 0.00000000000000000000
-24.720000 0.00000000000000000000
-24.710000 0.00000000000000000000
-24.700000 0.00000000000000000000
-24.690000 0.00000000000000000000
-24.680000 0.00000000000000000000
-24.670000 0.00000000000000000000
-24.660000 0.00000000000000000000
-24.650000 0.00000000000000000000
-24.640000 0.00000000000000000000
-24.630000 0.00000000000000000000
-24.620000 0.00000000000000000000
-24.610000 0.00000000000000000000
-24.600000 0.00000000000000000000
-24.590000 0.00000000000000000000
-24.580000 0.00000000000000000000
-24.570000 0.00000000000000000000
-24.560000 0.00000000000000000000
-24.550000 0.00000000000000000000
-24.540000 0.00000000000000000000
-24.530000 0.00000000000000000000
-24.520000 0.00000000000000000000
-24.510000 0.00000000000000000000
-24.500000 0.00000000000000000000
-24.490000 0.00000000000000000000
-24.480000 0.00000000000000000000
-24.470000 0.00000000000000000000
-24.460000 0.00000000000000000000
-24.450000 0.00000000000000000000
-24.440000 0.00000000000000000000
-24.430000 0.00000000000000000000
-24.420000 0.00000000000000000000
-24.410000 0.00000000000000000000
-24.400000 0.00000000000000000000
-24.390000 0.00000000000000000000
-24.380000 0.00000000000000000000
-24.370000 0.00000000000000000000
-24.360000 0.00000000000000000000
-24.350000 0.00000000000000000000
-24.340000 0.00000000000000000000
-24.330000 0.00000000000000000000
-24.320000 0.00000000000000000000
-24.310000 0.00000000000000000000
-24.300000 0.00000000000000000000
-24.290000 0.00000000000000000000
-24.280000 0.00000000000000000000
-24.270000 0.00000000000000000000
-24.260000 0.00000000000000000000
-24.250000 0.00000000000000000000
-24.240000 0.00000000000000000000
-24.230000 0.00000000000000000000
-24.220000 0.00000000000000000000
-24.210000 0.00000000000000000000
-24.200000 0.00000000000000000000
-24.190000 0.00000000000000000000
-24.180000 0.00000000000000000000
-24.170000 0.00000000000000000000
-24.160000 0.00000000000000000000
-24.150000 0.00000000000000000000
-24.140000 0.00000000000000000000
-24.130000 0.00000000000000000000
-24.120000 0.00000000000000000000
-24.110000 0.00000000000000000000
-24.100000 0.00000000000000000000
-24.090000 0.00000000000000000000
-24.080000 0.00000000000000000000
-24.070000 0.00000000000000000000
-24.060000 0.00000000000000000000
-24.050000 0.00000000000000000000
-24.040000 0.00000000000000000000
-24.030000 0.00000000000000000000
-24.020000 0.00000000000000000000
-24.010000 0.00000000000000000000
-24.000000 0.00000000000000000000
-23.990000 0.00000000000000000000
-23.980000 0.00000000000000000000
-23.970000 0.00000000000000000000
-23.960000 0.00000000000000000000
-23.950000 0.00000000000000000000
-23.940000 0.00000000000000000000
-23.930000 0.00000000000000000000
-23.920000 0.00000000000000000000
-23.910000 0.00000000000000000000
-23.900000 0.00000000000000000000
-23.890000 0.00000000000000000000
-23.880000 0.00000000000000000000
-23.870000 0.00000000000000000000
-23.860000 0.00000000000000000000
-23.850000 0.00000000000000000000
-23.840000 0.00000000000000000000
-23.830000 0.00000000000000000000
-23.820000 0.00000000000000000000
-23.810000 0.00000000000000000000
-23.800000 0.00000000000000000000
-23.790000 0.00000000000000000000
-23.780000 0.00000000000000000000
-23.770000 0.00000000000000000000
-23.760000 0.00000000000000000000
-23.750000 0.00000000000000000000
-23.740000 0.00000000000000000000
-23.730000 0.00000000000000000000
-23.720000 0.00000000000000000000
-23.710000 0.00000000000000000000
-23.700000 0.00000000000000000000
-23.690000 0.00000000000000000000
-23.680000 0.00000000000000000000
-23.670000 0.00000000000000000000
-23.660000 0.00000000000000000000
-23.650000 0.00000000000000000000
-23.640000 0.00000000000000000000
-23.630000 0.00000000000000000000
-23.620000 0.00000000000000000000
-23.610000 0.00000000000000000000
-23.600000 0.00000000000000000000
-23.590000 0.00000000000000000000
-23.580000 0.00000000000000000000
-23.570000 0.00000000000000000000
-23.560000 0.00000000000000000000
-23.550000 0.00000000000000000000
-23.540000 0.00000000000000000000
-23.530000 0.00000000000000000000
-23.520000 0.00000000000000000000
-23.510000 0.00000000000000000000
-23.500000 0.00000000000000000000
-23.490000 0.00000000000000000000
-23.480000 0.00000000000000000000
-23.470000 0.00000000000000000000
-23.460000 0.00000000000000000000
-23.450000 0.00000000000000000000
-23.440000 0.00000000000000000000
-23.430000 0.00000000000000000000
-23.420000 0.00000000000000000000
-23.410000 0.00000000000000000000
-23.400000 0.00000000000000000000
-23.390000 0.00000000000000000000
-23.380000 0.00000000000000000000
-23.370000 0.00000000000000000000
-23.360000 0.00000000000000000000
-23.350000 0.00000000000000000000
-23.340000 0.00000000000000000000
-23.330000 0.00000000000000000000
-23.320000 0.00000000000000000000
-23.310000 0.00000000000000000000
-23.300000 0.00000000000000000000
-23.290000 0.00000000000000000000
-23.280000 0.00000000000000000000
-23.270000 0.00000000000000000000
-23.260000 0.00000000000000000000
-23.250000 0.00000000000000000000
-23.240000 0.00000000000000000000
-23.230000 0.00000000000000000000
-23.220000 0.00000000000000000000
-23.210000 0.00000000000000000000
-23.200000 0.00000000000000000000
-23.190000 0.00000000000000000000
-23.180000 0.00000000000000000000
-23.170000 0.00000000000000000000
-23.160000 0.00000000000000000000
-23.150000 0.00000000000000000000
-23.140000 0.00000000000000000000
-23.130000 0.00000000000000000000
-23.120000 0.00000000000000000000
-23.110000 0.00000000000000000000
-23.100000 0.00000000000000000000
-23.090000 0.00000000000000000000
-23.080000 0.00000000000000000000
-23.070000 0.00000000000000000000
-23.060000 0.00000000000000000000
-23.050000 0.00000000000000000000
-23.040000 0.00000000000000000000
-23.030000 0.00000000000000000000
-23.020000 0.00000000000000000000
-23.010000 0.00000000000000000000
-23.000000 0.00000000000000000000
-22.990000 0.00000000000000000000
-22.980000 0.00000000000000000000
-22.970000 0.00000000000000000000
-22.960000 0.00000000000000000000
-22.950000 0.00000000000000000000
-22.940000 0.00000000000000000000
-22.930000 0.00000000000000000000
-22.920000 0.00000000000000000000
-22.910000 0.00000000000000000000
-22.900000 0.00000000000000000000
-22.890000 0.00000000000000000000
-22.880000 0.00000000000000000000
-22.870000 0.00000000000000000000
-22.860000 0.00000000000000000000
-22.850000 0.00000000000000000000
-22.840000 0.00000000000000000000
-22.830000 0.00000000000000000000
-22.820000 0.00000000000000000000
-22.810000 0.00000000000000000000
-22.800000 0.00000000000000000000
-22.790000 0.00000000000000000000
-22.780000 0.00000000000000000000
-22.770000 0.00000000000000000000
-22.760000 0.00000000000000000000
-22.750000 0.00000000000000000000
-22.740000 0.00000000000000000000
-22.730000 0.00000000000000000000
-22.720000 0.00000000000000000000
-22.710000 0.00000000000000000000
-22.700000 0.00000000000000000000
-22.690000 0.00000000000000000000
-22.680000 0.00000000000000000000
-22.670000 0.00000000000000000000
-22.660000 0.00000000000000000000
-22.650000 0.00000000000000000000
-22.640000 0.00000000000000000000
-22.630000 0.00000000000000000000
-22.620000 0.00000000000000000000
-22.610000 0.00000000000000000000
-22.600000 0.00000000000000000000
-22.590000 0.00000000000000000000
-22.580000 0.00000000000000000000
-22.570000 0.00000000000000000000
-22.560000 0.00000000000000000000
-22.550000 0.00000000000000000000
-22.540000 0.00000000000000000000
-22.530000 0.00000000000000000000
-22.520000 0.00000000000000000000
-22.510000 0.00000000000000000000
-22.500000 0.00000000000000000000
-22.490000 0.00000000000000000000
-22.480000 0.00000000000000000000
-22.470000 0.00000000000000000000
-22.460000 0.00000000000000000000
-22.450000 0.00000000000000000000
-22.440000 0.00000000000000000000
-22.430000 0.00000000000000000000
-22.420000 0.00000000000000000000
-22.410000 0.00000000000000000000
-22.400000 0.00000000000000000000
-22.390000 0.00000000000000000000
-22.380000 0.00000000000000000000
-22.370000 0.00000000000000000000
-22.360000 0.00000000000000000000
-22.350000 0.00000000000000000000
-22.340000 0.00000000000000000000
-22.330000 0.00000000000000000000
-22.320000 0.00000000000000000000
-22.310000 0.00000000000000000000
-22.300000 0.00000000000000000000
-22.290000 0.00000000000000000000
-22.280000 0.00000000000000000000
-22.270000 0.00000000000000000000
-22.260000 0.00000000000000000000
-22.250000 0.00000000000000000000
-22.240000 0.00000000000000000000
-22.230000 0.00000000000000000000
-22.220000 0.00000000000000000000
-22.210000 0.00000000000000000000
-22.200000 0.00000000000000000000
-22.190000 0.00000000000000000000
-22.180000 0.00000000000000000000
-22.170000 0.00000000000000000000
-22.160000 0.00000000000000000000
-22.150000 0.00000000000000000000
-22.140000 0.00000000000000000000
-22.130000 0.00000000000000000000
-22.120000 0.00000000000000000000
-22.110000 0.00000000000000000000
-22.100000 0.00000000000000000000
-22.090000 0.00000000000000000000
-22.080000 0.00000000000000000000
-22.070000 0.00000000000000000000
-22.060000 0.00000000000000000000
-22.050000 0.00000000000000000000
-22.040000 0.00000000000000000000
-22.030000 0.00000000000000000000
-22.020000 0.00000000000000000000
-22.010000 0.00000000000000000000
-22.000000 0.00000000000000000000
-21.990000 0.00000000000000000000
-21.980000 0.00000000000000000000
-21.970000 0.00000000000000000000
-21.960000 0.00000000000000000000
-21.950000 0.00000000000000000000
-21.940000 0.00000000000000000000
-21.930000 0.00000000000000000000
-21.920000 0.00000000000000000000
-21.910000 0.00000000000000000000
-21.900000 0.00000000000000000000
-21.890000 0.00000000000000000000
-21.880000 0.00000000000000000000
-21.870000 0.00000000000000000000
-21.860000 0.00000000000000000000
-21.850000 0.00000000000000000000
-21.840000 0.00000000000000000000
-21.830000 0.00000000000000000000
-21.820000 0.00000000000000000000
-21.810000 0.00000000000000000000
-21.800000 0.00000000000000000000
-21.790000 0.00000000000000000000
-21.780000 0.00000000000000000000
-21.770000 0.00000000000000000000
-21.760000 0.00000000000000000000
-21.750000 0.00000000000000000000
-21.740000 0.00000000000000000000
-21.730000 0.00000000000000000000
-21.720000 0.00000000000000000000
-21.710000 0.00000000000000000000
-21.700000 0.00000000000000000000
-21.690000 0.00000000000000000000
-21.680000 0.00000000000000000000
-21.670000 0.00000000000000000000
-21.660000 0.00000000000000000000
-21.650000 0.00000000000000000000
-21.640000 0.00000000000000000000
-21.630000 0.00000000000000000000
-21.620000 0.00000000000000000000
-21.610000 0.00000000000000000000
-21.600000 0.00000000000000000000
-21.590000 0.00000000000000000000
-21.580000 0.00000000000000000000
-21.570000 0.00000000000000000000
-21.560000 0.00000000000000000000
-21.550000 0.00000000000000000000
-21.540000 0.00000000000000000000
-21.530000 0.00000000000000000000
-21.520000 0.00000000000000000000
-21.510000 0.00000000000000000000
-21.500000 0.00000000000000000000
-21.490000 0.00000000000000000000
-21.480000 0.00000000000000000000
-21.470000 0.00000000000000000000
-21.460000 0.00000000000000000000
-21.450000 0.00000000000000000000
-21.440000 0.00000000000000000000
-21.430000 0.00000000000000000000
-21.420000 0.00000000000000000000
-21.410000 0.00000000000000000000
-21.400000 0.00000000000000000000
-21.390000 0.00000000000000000000
-21.380000 0.00000000000000000000
-21.370000 0.00000000000000000000
-21.360000 0.00000000000000000000
-21.350000 0.00000000000000000000
-21.340000 0.00000000000000000000
-21.330000 0.00000000000000000000
-21.320000 0.00000000000000000000
-21.310000 0.00000000000000000000
-21.300000 0.00000000000000000000
-21.290000 0.00000000000000000000
-21.280000 0.00000000000000000000
-21.270000 0.00000000000000000000
-21.260000 0.00000000000000000000
-21.250000 0.00000000000000000000
-21.240000 0.00000000000000000000
-21.230000 0.00000000000000000000
-21.220000 0.00000000000000000000
-21.210000 0.00000000000000000000
-21.200000 0.00000000000000000000
-21.190000 0.00000000000000000000
-21.180000 0.00000000000000000000
-21.170000 0.00000000000000000000
-21.160000 0.00000000000000000000
-21.150000 0.00000000000000000000
-21.140000 0.00000000000000000000
-21.130000 0.00000000000000000000
-21.120000 0.00000000000000000000
-21.110000 0.00000000000000000000
-21.100000 0.00000000000000000000
-21.090000 0.00000000000000000000
-21.080000 0.00000000000000000000
-21.070000 0.00000000000000000000
-21.060000 0.00000000000000000000
-21.050000 0.00000000000000000000
-21.040000 0.00000000000000000000
-21.030000 0.00000000000000000000
-21.020000 0.00000000000000000000
-21.010000 0.00000000000000000000
-21.000000 0.00000000000000000000
-20.990000 0.00000000000000000000
-20.980000 0.00000000000000000000
-20.970000 0.00000000000000000000
-20.960000 0.00000000000000000000
-20.950000 0.00000000000000000000
-20.940000 0.00000000000000000000
-20.930000 0.00000000000000000000
-20.920000 0.00000000000000000000
-20.910000 0.00000000000000000000
-20.900000 0.00000000000000000000
-20.890000 0.00000000000000000000
-20.880000 0.00000000000000000000
-20.870000 0.00000000000000000000
-20.860000 0.00000000000000000000
-20.850000 0.00000000000000000000
-20.840000 0.00000000000000000000
-20.830000 0.00000000000000000000
-20.820000 0.00000000000000000000
-20.810000 0.00000000000000000000
-20.800000 0.00000000000000000000
-20.790000 0.00000000000000000000
-20.780000 0.00000000000000000000
-20.770000 0.00000000000000000000
-20.760000 0.00000000000000000000
-20.750000 0.00000000000000000000
-20.740000 0.00000000000000000000
-20.730000 0.00000000000000000000
-20.720000 0.00000000000000000000
-20.710000 0.00000000000000000000
-20.700000 0.00000000000000000000
-20.690000 0.00000000000000000000
-20.680000 0.00000000000000000000
-20.670000 0.00000000000000000000
-20.660000 0.00000000000000000000
-20.650000 0.00000000000000000000
-20.640000 0.00000000000000000000
-20.630000 0.00000000000000000000
-20.620000 0.00000000000000000000
-20.610000 0.00000000000000000000
-20.600000 0.00000000000000000000
-20.590000 0.00000000000000000000
-20.580000 0.00000000000000000000
-20.570000 0.00000000000000000000
-20.560000 0.00000000000000000000
-20.550000 0.00000000000000000000
-20.540000 0.00000000000000000000
-20.530000 0.00000000000000000000
-20.520000 0.00000000000000000000
-20.510000 0.00000000000000000000
-20.500000 0.00000000000000000000
-20.490000 0.00000000000000000000
-20.480000 0.00000000000000000000
-20.470000 0.00000000000000000000
-20.460000 0.00000000000000000000
-20.450000 0.00000000000000000000
-20.440000 0.00000000000000000000
-20.430000 0.00000000000000000000
-20.420000 0.00000000000000000000
-20.410000 0.00000000000000000000
-20.400000 0.00000000000000000000
-20.390000 0.00000000000000000000
-20.380000 0.00000000000000000000
-20.370000 0.00000000000000000000
-20.360000 0.00000000000000000000
-20.350000 0.00000000000000000000
-20.340000 0.00000000000000000000
-20.330000 0.00000000000000000000
-20.320000 0.00000000000000000000
-20.310000 0.00000000000000000000
-20.300000 0.00000000000000000000
-20.290000 0.00000000000000000000
-20.280000 0.00000000000000000000
-20.270000 0.00000000000000000000
-20.260000 0.00000000000000000000
-20.250000 0.00000000000000000000
-20.240000 0.00000000000000000000
-20.230000 0.00000000000000000000
-20.220000 0.00000000000000000000
-20.210000 0.00000000000000000000
-20.200000 0.00000000000000000000
-20.190000 0.00000000000000000000
-20.180000 0.00000000000000000000
-20.170000 0.00000000000000000000
-20.160000 0.00000000000000000000
-20.150000 0.00000000000000000000
-20.140000 0.00000000000000000000
-20.130000 0.00000000000000000000
-20.120000 0.00000000000000000000
-20.110000 0.00000000000000000000
-20.100000 0.00000000000000000000
-20.090000 0.00000000000000000000
-20.080000 0.00000000000000000000
-20.070000 0.00000000000000000000
-20.060000 0.00000000000000000000
-20.050000 0.00000000000000000000
-20.040000 0.00000000000000000000
-20.030000 0.00000000000000000000
-20.020000 0.00000000000000000000
-20.010000 0.00000000000000000000
-20.000000 0.00000000000000000000
-19.990000 0.00000000000000000000
-19.980000 0.00000000000000000000
-19.970000 0.00000000000000000000
-19.960000 0.00000000000000000000
-19.950000 0.00000000000000000000
-19.940000 0.00000000000000000000
-19.930000 0.00000000000000000000
-19.920000 0.00000000000000000000
-19.910000 0.00000000000000000000
-19.900000 0.00000000000000000000
-19.890000 0.00000000000000000000
-19.880000 0.00000000000000000000
-19.870000 0.00000000000000000000
-19.860000 0.00000000000000000000
-19.850000 0.00000000000000000000
-19.840000 0.00000000000000000000
-19.830000 0.00000000000000000000
-19.820000 0.00000000000000000000
-19.810000 0.00000000000000000000
-19.800000 0.00000000000000000000
-19.790000 0.00000000000000000000
-19.780000 0.00000000000000000000
-19.770000 0.00000000000000000000
-19.760000 0.00000000000000000000
-19.750000 0.00000000000000000000
-19.740000 0.00000000000000000000
-19.730000 0.00000000000000000000
-19.720000 0.00000000000000000000
-19.710000 0.00000000000000000000
-19.700000 0.00000000000000000000
-19.690000 0.00000000000000000000
-19.680000 0.00000000000000000000
-19.670000 0.00000000000000000000
-19.660000 0.00000000000000000000
-19.650000 0.00000000000000000000
-19.640000 0.00000000000000000000
-19.630000 0.00000000000000000000
-19.620000 0.00000000000000000000
-19.610000 0.00000000000000000000
-19.600000 0.00000000000000000000
-19.590000 0.00000000000000000000
-19.580000 0.00000000000000000000
-19.570000 0.00000000000000000000
-19.560000 0.00000000000000000000
-19.550000 0.00000000000000000000
-19.540000 0.00000000000000000000
-19.530000 0.00000000000000000000
-19.520000 0.00000000000000000000
-19.510000 0.00000000000000000000
-19.500000 0.00000000000000000000
-19.490000 0.00000000000000000000
-19.480000 0.00000000000000000000
-19.470000 0.00000000000000000000
-19.460000 0.00000000000000000000
-19.450000 0.00000000000000000000
-19.440000 0.00000000000000000000
-19.430000 0.00000000000000000000
-19.420000 0.00000000000000000000
-19.410000 0.00000000000000000000
-19.400000 0.00000000000000000000
-19.390000 0.00000000000000000000
-19.380000 0.00000000000000000000
-19.370000 0.00000000000000000000
-19.360000 0.00000000000000000000
-19.350000 0.00000000000000000000
-19.340000 0.00000000000000000000
-19.330000 0.00000000000000000000
-19.320000 0.00000000000000000000
-19.310000 0.00000000000000000000
-19.300000 0.00000000000000000000
-19.290000 0.00000000000000000000
-19.280000 0.00000000000000000000
-19.270000 0.00000000000000000000
-19.260000 0.00000000000000000000
-19.250000 0.00000000000000000000
-19.240000 0.00000000000000000000
-19.230000 0.00000000000000000000
-19.220000 0.00000000000000000000
-19.210000 0.00000000000000000000
-19.200000 0.00000000000000000000
-19.190000 0.00000000000000000000
-19.180000 0.00000000000000000000
-19.170000 0.00000000000000000000
-19.160000 0.00000000000000000000
-19.150000 0.00000000000000000000
-19.140000 0.00000000000000000000
-19.130000 0.00000000000000000000
-19.120000 0.00000000000000000000
-19.110000 0.00000000000000000000
-19.100000 0.00000000000000000000
-19.090000 0.00000000000000000000
-19.080000 0.00000000000000000000
-19.070000 0.00000000000000000000
-19.060000 0.00000000000000000000
-19.050000 0.00000000000000000000
-19.040000 0.00000000000000000000
-19.030000 0.00000000000000000000
-19.020000 0.00000000000000000000
-19.010000 0.00000000000000000000
-19.000000 0.00000000000000000000
-18.990000 0.00000000000000000000
-18.980000 0.00000000000000000000
-18.970000 0.00000000000000000000
-18.960000 0.00000000000000000000
-18.950000 0.00000000000000000000
-18.940000 0.00000000000000000000
-18.930000 0.00000000000000000000
-18.920000 0.00000000000000000000
-18.910000 0.00000000000000000000
-18.900000 0.00000000000000000000
-18.890000 0.00000000000000000000
-18.880000 0.00000000000000000000
-18.870000 0.00000000000000000000
-18.860000 0.00000000000000000000
-18.850000 0.00000000000000000000
-18.840000 0.00000000000000000000
-18.830000 0.00000000000000000000
-18.820000 0.00000000000000000000
-18.810000 0.00000000000000000000
-18.800000 0.00000000000000000000
-18.790000 0.00000000000000000000
-18.780000 0.00000000000000000000
-18.770000 0.00000000000000000000
-18.760000 0.00000000000000000000
-18.750000 0.00000000000000000000
-18.740000 0.00000000000000000000
-18.730000 0.00000000000000000000
-18.720000 0.00000000000000000000
-18.710000 0.00000000000000000000
-18.700000 0.00000000000000000000
-18.690000 0.00000000000000000000
-18.680000 0.00000000000000000000
-18.670000 0.00000000000000000000
-18.660000 0.00000000000000000000
-18.650000 0.00000000000000000000
-18.640000 0.00000000000000000000
-18.630000 0.00000000000000000000
-18.620000 0.00000000000000000000
-18.610000 0.00000000000000000000
-18.600000 0.00000000000000000000
-18.590000 0.00000000000000000000
-18.580000 0.00000000000000000000
-18.570000 0.00000000000000000000
-18.560000 0.00000000000000000000
-18.550000 0.00000000000000000000
-18.540000 0.00000000000000000000
-18.530000 0.00000000000000000000
-18.520000 0.00000000000000000000
-18.510000 0.00000000000000000000
-18.500000 0.00000000000000000000
-18.490000 0.00000000000000000000
-18.480000 0.00000000000000000000
-18.470000 0.00000000000000000000
-18.460000 0.00000000000000000000
-18.450000 0.00000000000000000000
-18.440000 0.00000000000000000000
-18.430000 0.00000000000000000000
-18.420000 0.00000000000000000000
-18.410000 0.00000000000000000000
-18.400000 0.00000000000000000000
-18.390000 0.00000000000000000000
-18.380000 0.00000000000000000000
-18.370000 0.00000000000000000000
-18.360000 0.00000000000000000000
-18.350000 0.00000000000000000000
-18.340000 0.00000000000000000000
-18.330000 0.00000000000000000000
-18.320000 0.00000000000000000000
-18.310000 0.00000000000000000000
-18.300000 0.00000000000000000000
-18.290000 0.00000000000000000000
-18.280000 0.00000000000000000000
-18.270000 0.00000000000000000000
-18.260000 0.00000000000000000000
-18.250000 0.00000000000000000000
-18.240000 0.00000000000000000000
-18.230000 0.00000000000000000000
-18.220000 0.00000000000000000000
-18.210000 0.00000000000000000000
-18.200000 0.00000000000000000000
-18.190000 0.00000000000000000000
-18.180000 0.00000000000000000000
-18.170000 0.00000000000000000000
-18.160000 0.00000000000000000000
-18.150000 0.00000000000000000000
-18.140000 0.00000000000000000000
-18.130000 0.00000000000000000000
-18.120000 0.00000000000000000000
-18.110000 0.00000000000000000000
-18.100000 0.00000000000000000000
-18.090000 0.00000000000000000000
-18.080000 0.00000000000000000000
-18.070000 0.00000000000000000000
-18.060000 0.00000000000000000000
-18.050000 0.00000000000000000000
-18.040000 0.00000000000000000000
-18.030000 0.00000000000000000000
-18.020000 0.00000000000000000000
-18.010000 0.00000000000000000000
-18.000000 0.00000000000000000000
-17.990000 0.00000000000000000000
-17.980000 0.00000000000000000000
-17.970000 0.00000000000000000000
-17.960000 0.00000000000000000000
-17.950000 0.00000000000000000000
-17.940000 0.00000000000000000000
-17.930000 0.00000000000000000000
-17.920000 0.00000000000000000000
-17.910000 0.00000000000000000000
-17.900000 0.00000000000000000000
-17.890000 0.00000000000000000000
-17.880000 0.00000000000000000000
-17.870000 0.00000000000000000000
-17.860000 0.00000000000000000000
-17.850000 0.00000000000000000000
-17.840000 0.00000000000000000000
-17.830000 0.00000000000000000000
-17.820000 0.00000000000000000000
-17.810000 0.00000000000000000000
-17.800000 0.00000000000000000000
-17.790000 0.00000000000000000000
-17.780000 0.00000000000000000000
-17.770000 0.00000000000000000000
-17.760000 0.00000000000000000000
-17.750000 0.00000000000000000000
-17.740000 0.00000000000000000000
-17.730000 0.00000000000000000000
-17.720000 0.00000000000000000000
-17.710000 0.00000000000000000000
-17.700000 0.00000000000000000000
-17.690000 0.00000000000000000000
-17.680000 0.00000000000000000000
-17.670000 0.00000000000000000000
-17.660000 0.00000000000000000000
-17.650000 0.00000000000000000000
-17.640000 0.00000000000000000000
-17.630000 0.00000000000000000000
-17.620000 0.00000000000000000000
-17.610000 0.00000000000000000000
-17.600000 0.00000000000000000000
-17.590000 0.00000000000000000000
-17.580000 0.00000000000000000000
-17.570000 0.00000000000000000000
-17.560000 0.00000000000000000000
-17.550000 0.00000000000000000000
-17.540000 0.00000000000000000000
-17.530000 0.00000000000000000000
-17.520000 0.00000000000000000000
-17.510000 0.00000000000000000000
-17.500000 0.00000000000000000000
-17.490000 0.00000000000000000000
-17.480000 0.00000000000000000000
-17.470000 0.00000000000000000000
-17.460000 0.00000000000000000000
-17.450000 0.00000000000000000000
-17.440000 0.00000000000000000000
-17.430000 0.00000000000000000000
-17.420000 0.00000000000000000000
-17.410000 0.00000000000000000000
-17.400000 0.00000000000000000000
-17.390000 0.00000000000000000000
-17.380000 0.00000000000000000000
-17.370000 0.00000000000000000000
-17.360000 0.00000000000000000000
-17.350000 0.00000000000000000000
-17.340000 0.00000000000000000000
-17.330000 0.00000000000000000000
-17.320000 0.00000000000000000000
-17.310000 0.00000000000000000000
-17.300000 0.00000000000000000000
-17.290000 0.00000000000000000000
-17.280000 0.00000000000000000000
-17.270000 0.00000000000000000000
-17.260000 0.00000000000000000000
-17.250000 0.00000000000000000000
-17.240000 0.00000000000000000000
-17.230000 0.00000000000000000000
-17.220000 0.00000000000000000000
-17.210000 0.00000000000000000000
-17.200000 0.00000000000000000000
-17.190000 0.00000000000000000000
-17.180000 0.00000000000000000000
-17.170000 0.00000000000000000000
-17.160000 0.00000000000000000000
-17.150000 0.00000000000000000000
-17.140000 0.00000000000000000000
-17.130000 0.00000000000000000000
-17.120000 0.00000000000000000000
-17.110000 0.00000000000000000000
-17.100000 0.00000000000000000000
-17.090000 0.00000000000000000000
-17.080000 0.00000000000000000000
-17.070000 0.00000000000000000000
-17.060000 0.00000000000000000000
-17.050000 0.00000000000000000000
-17.040000 0.00000000000000000000
-17.030000 0.00000000000000000000
-17.020000 0.00000000000000000000
-17.010000 0.00000000000000000000
-17.000000 0.00000000000000000000
-16.990000 0.00000000000000000000
-16.980000 0.00000000000000000000
-16.970000 0.00000000000000000000
-16.960000 0.00000000000000000000
-16.950000 0.00000000000000000000
-16.940000 0.00000000000000000000
-16.930000 0.00000000000000000000
-16.920000 0.00000000000000000000
-16.910000 0.00000000000000000000
-16.900000 0.00000000000000000000
-16.890000 0.00000000000000000000
-16.880000 0.00000000000000000000
-16.870000 0.00000000000000000000
-16.860000 0.00000000000000000000
-16.850000 0.00000000000000000000
-16.840000 0.00000000000000000000
-16.830000 0.00000000000000000000
-16.820000 0.00000000000000000000
-16.810000 0.00000000000000000000
-16.800000 0.00000000000000000000
-16.790000 0.00000000000000000000
-16.780000 0.00000000000000000000
-16.770000 0.00000000000000000000
-16.760000 0.00000000000000000000
-16.750000 0.00000000000000000000
-16.740000 0.00000000000000000000
-16.730000 0.00000000000000000000
-16.720000 0.00000000000000000000
-16.710000 0.00000000000000000000
-16.700000 0.00000000000000000000
-16.690000 0.00000000000000000000
-16.680000 0.00000000000000000000
-16.670000 0.00000000000000000000
-16.660000 0.00000000000000000000
-16.650000 0.00000000000000000000
-16.640000 0.00000000000000000000
-16.630000 0.00000000000000000000
-16.620000 0.00000000000000000000
-16.610000 0.00000000000000000000
-16.600000 0.00000000000000000000
-16.590000 0.00000000000000000000
-16.580000 0.00000000000000000000
-16.570000 0.00000000000000000000
-16.560000 0.00000000000000000000
-16.550000 0.00000000000000000000
-16.540000 0.00000000000000000000
-16.530000 0.00000000000000000000
-16.520000 0.00000000000000000000
-16.510000 0.00000000000000000000
-16.500000 0.00000000000000000000
-16.490000 0.00000000000000000000
-16.480000 0.00000000000000000000
-16.470000 0.00000000000000000000
-16.460000 0.00000000000000000000
-16.450000 0.00000000000000000000
-16.440000 0.00000000000000000000
-16.430000 0.00000000000000000000
-16.420000 0.00000000000000000000
-16.410000 0.00000000000000000000
-16.400000 0.00000000000000000000
-16.390000 0.00000000000000000000
-16.380000 0.00000000000000000000
-16.370000 0.00000000000000000000
-16.360000 0.00000000000000000000
-16.350000 0.00000000000000000000
-16.340000 0.00000000000000000000
-16.330000 0.00000000000000000000
-16.320000 0.00000000000000000000
-16.310000 0.00000000000000000000
-16.300000 0.00000000000000000000
-16.290000 0.00000000000000000000
-16.280000 0.00000000000000000000
-16.270000 0.00000000000000000000
-16.260000 0.00000000000000000000
-16.250000 0.00000000000000000000
-16.240000 0.00000000000000000000
-16.230000 0.00000000000000000000
-16.220000 0.00000000000000000000
-16.210000 0.00000000000000000000
-16.200000 0.00000000000000000000
-16.190000 0.00000000000000000000
-16.180000 0.00000000000000000000
-16.170000 0.00000000000000000000
-16.160000 0.00000000000000000000
-16.150000 0.00000000000000000000
-16.140000 0.00000000000000000000
-16.130000 0.00000000000000000000
-16.120000 0.00000000000000000000
-16.110000 0.00000000000000000000
-16.100000 0.00000000000000000000
-16.090000 0.00000000000000000000
-16.080000 0.00000000000000000000
-16.070000 0.00000000000000000000
-16.060000 0.00000000000000000000
-16.050000 0.00000000000000000000
-16.040000 0.00000000000000000000
-16.030000 0.00000000000000000000
-16.020000 0.00000000000000000000
-16.010000 0.00000000000000000000
-16.000000 0.00000000000000000000
-15.990000 0.00000000000000000000
-15.980000 0.00000000000000000000
-15.970000 0.00000000000000000000
-15.960000 0.00000000000000000000
-15.950000 0.00000000000000000000
-15.940000 0.00000000000000000000
-15.930000 0.00000000000000000000
-15.920000 0.00000000000000000000
-15.910000 0.00000000000000000000
-15.900000 0.00000000000000000000
-15.890000 0.00000000000000000000
-15.880000 0.00000000000000000000
-15.870000 0.00000000000000000000
-15.860000 0.00000000000000000000
-15.850000 0.00000000000000000000
-15.840000 0.00000000000000000000
-15.830000 0.00000000000000000000
-15.820000 0.00000000000000000000
-15.810000 0.00000000000000000000
-15.800000 0.00000000000000000000
-15.790000 0.00000000000000000000
-15.780000 0.00000000000000000000
-15.770000 0.00000000000000000000
-15.760000 0.00000000000000000000
-15.750000 0.00000000000000000000
-15.740000 0.00000000000000000000
-15.730000 0.00000000000000000000
-15.720000 0.00000000000000000000
-15.710000 0.00000000000000000000
-15.700000 0.00000000000000000000
-15.690000 0.00000000000000000000
-15.680000 0.00000000000000000000
-15.670000 0.00000000000000000000
-15.660000 0.00000000000000000000
-15.650000 0.00000000000000000000
-15.640000 0.00000000000000000000
-15.630000 0.00000000000000000000
-15.620000 0.00000000000000000000
-15.610000 0.00000000000000000000
-15.600000 0.00000000000000000000
-15.590000 0.00000000000000000000
-15.580000 0.00000000000000000000
-15.570000 0.00000000000000000000
-15.560000 0.00000000000000000000
-15.550000 0.00000000000000000000
-15.540000 0.00000000000000000000
-15.530000 0.00000000000000000000
-15.520000 0.00000000000000000000
-15.510000 0.00000000000000000000
-15.500000 0.00000000000000000000
-15.490000 0.00000000000000000000
-15.480000 0.00000000000000000000
-15.470000 0.00000000000000000000
-15.460000 0.00000000000000000000
-15.450000 0.00000000000000000000
-15.440000 0.00000000000000000000
-15.430000 0.00000000000000000000
-15.420000 0.00000000000000000000
-15.410000 0.00000000000000000000
-15.400000 0.00000000000000000000
-15.390000 0.00000000000000000000
-15.380000 0.00000000000000000000
-15.370000 0.00000000000000000000
-15.360000 0.00000000000000000000
-15.350000 0.00000000000000000000
-15.340000 0.00000000000000000000
-15.330000 0.00000000000000000000
-15.320000 0.00000000000000000000
-15.310000 0.00000000000000000000
-15.300000 0.00000000000000000000
-15.290000 0.00000000000000000000
-15.280000 0.00000000000000000000
-15.270000 0.00000000000000000000
-15.260000 0.00000000000000000000
-15.250000 0.00000000000000000000
-15.240000 0.00000000000000000000
-15.230000 0.00000000000000000000
-15.220000 0.00000000000000000000
-15.210000 0.00000000000000000000
-15.200000 0.00000000000000000000
-15.190000 0.00000000000000000000
-15.180000 0.00000000000000000000
-15.170000 0.00000000000000000000
-15.160000 0.00000000000000000000
-15.150000 0.00000000000000000000
-15.140000 0.00000000000000000000
-15.130000 0.00000000000000000000
-15.120000 0.00000000000000000000
-15.110000 0.00000000000000000000
-15.100000 0.00000000000000000000
-15.090000 0.00000000000000000000
-15.080000 0.00000000000000000000
-15.070000 0.00000000000000000000
-15.060000 0.00000000000000000000
-15.050000 0.00000000000000000000
-15.040000 0.00000000000000000000
-15.030000 0.00000000000000000000
-15.020000 0.00000000000000000000
-15.010000 0.00000000000000000000
-15.000000 0.00000000000000000000
-14.990000 0.00000000000000000000
-14.980000 0.00000000000000000000
-14.970000 0.00000000000000000000
-14.960000 0.00000000000000000000
-14.950000 0.00000000000000000000
-14.940000 0.00000000000000000000
-14.930000 0.00000000000000000000
-14.920000 0.00000000000000000000
-14.910000 0.00000000000000000000
-14.900000 0.00000000000000000000
-14.890000 0.00000000000000000000
-14.880000 0.00000000000000000000
-14.870000 0.00000000000000000000
-14.860000 0.00000000000000000000
-14.850000 0.00000000000000000000
-14.840000 0.00000000000000000000
-14.830000 0.00000000000000000000
-14.820000 0.00000000000000000000
-14.810000 0.00000000000000000000
-14.800000 0.00000000000000000000
-14.790000 0.00000000000000000000
-14.780000 0.00000000000000000000
-14.770000 0.00000000000000000000
-14.760000 0.00000000000000000000
-14.750000 0.00000000000000000000
-14.740000 0.00000000000000000000
-14.730000 0.00000000000000000000
-14.720000 0.00000000000000000000
-14.710000 0.00000000000000000000
-14.700000 0.00000000000000000000
-14.690000 0.00000000000000000000
-14.680000 0.00000000000000000000
-14.670000 0.00000000000000000000
-14.660000 0.00000000000000000000
-14.650000 0.00000000000000000000
-14.640000 0.00000000000000000000
-14.630000 0.00000000000000000000
-14.620000 0.00000000000000000000
-14.610000 0.00000000000000000000
-14.600000 0.00000000000000000000
-14.590000 0.00000000000000000000
-14.580000 0.00000000000000000000
-14.570000 0.00000000000000000000
-14.560000 0.00000000000000000000
-14.550000 0.00000000000000000000
-14.540000 0.00000000000000000000
-14.530000 0.00000000000000000000
-14.520000 0.00000000000000000000
-14.510000 0.00000000000000000000
-14.500000 0.00000000000000000000
-14.490000 0.00000000000000000000
-14.480000 0.00000000000000000000
-14.470000 0.00000000000000000000
-14.460000 0.00000000000000000000
-14.450000 0.00000000000000000000
-14.440000 0.00000000000000000000
-14.430000 0.00000000000000000000
-14.420000 0.00000000000000000000
-14.410000 0.00000000000000000000
-14.400000 0.00000000000000000000
-14.390000 0.00000000000000000000
-14.380000 0.00000000000000000000
-14.370000 0.00000000000000000000
-14.360000 0.00000000000000000000
-14.350000 0.00000000000000000000
-14.340000 0.00000000000000000000
-14.330000 0.00000000000000000000
-14.320000 0.00000000000000000000
-14.310000 0.00000000000000000000
-14.300000 0.00000000000000000000
-14.290000 0.00000000000000000000
-14.280000 0.00000000000000000000
-14.270000 0.00000000000000000000
-14.260000 0.00000000000000000000
-14.250000 0.00000000000000000000
-14.240000 0.00000000000000000000
-14.230000 0.00000000000000000000
-14.220000 0.00000000000000000000
-14.210000 0.00000000000000000000
-14.200000 0.00000000000000000000
-14.190000 0.00000000000000000000
-14.180000 0.00000000000000000000
-14.170000 0.00000000000000000000
-14.160000 0.00000000000000000000
-14.150000 0.00000000000000000000
-14.140000 0.00000000000000000000
-14.130000 0.00000000000000000000
-14.120000 0.00000000000000000000
-14.110000 0.00000000000000000000
-14.100000 0.00000000000000000000
-14.090000 0.00000000000000000000
-14.080000 0.00000000000000000000
-14.070000 0.00000000000000000000
-14.060000 0.00000000000000000000
-14.050000 0.00000000000000000000
-14.040000 0.00000000000000000000
-14.030000 0.00000000000000000000
-14.020000 0.00000000000000000000
-14.010000 0.00000000000000000000
-14.000000 0.00000000000000000000
-13.990000 0.00000000000000000000
-13.980000 0.00000000000000000000
-13.970000 0.00000000000000000000
-13.960000 0.00000000000000000000
-13.950000 0.00000000000000000000
-13.940000 0.00000000000000000000
-13.930000 0.00000000000000000000
-13.920000 0.00000000000000000000
-13.910000 0.00000000000000000000
-13.900000 0.00000000000000000000
-13.890000 0.00000000000000000000
-13.880000 0.00000000000000000000
-13.870000 0.00000000000000000000
-13.860000 0.00000000000000000000
-13.850000 0.00000000000000000000
-13.840000 0.00000000000000000000
-13.830000 0.00000000000000000000
-13.820000 0.00000000000000000000
-13.810000 0.00000000000000000000
-13.800000 0.00000000000000000000
-13.790000 0.00000000000000000000
-13.780000 0.00000000000000000000
-13.770000 0.00000000000000000000
-13.760000 0.00000000000000000000
-13.750000 0.00000000000000000000
-13.740000 0.00000000000000000000
-13.730000 0.00000000000000000000
-13.720000 0.00000000000000000000
-13.710000 0.00000000000000000000
-13.700000 0.00000000000000000000
-13.690000 0.00000000000000000000
-13.680000 0.00000000000000000000
-13.670000 0.00000000000000000000
-13.660000 0.00000000000000000000
-13.650000 0.00000000000000000000
-13.640000 0.00000000000000000000
-13.630000 0.00000000000000000000
-13.620000 0.00000000000000000000
-13.610000 0.00000000000000000000
-13.600000 0.00000000000000000000
-13.590000 0.00000000000000000000
-13.580000 0.00000000000000000000
-13.570000 0.00000000000000000000
-13.560000 0.00000000000000000000
-13.550000 0.00000000000000000000
-13.540000 0.00000000000000000000
-13.530000 0.00000000000000000000
-13.520000 0.00000000000000000000
-13.510000 0.00000000000000000000
-13.500000 0.00000000000000000000
-13.490000 0.00000000000000000000
-13.480000 0.00000000000000000000
-13.470000 0.00000000000000000000
-13.460000 0.00000000000000000000
-13.450000 0.00000000000000000000
-13.440000 0.00000000000000000000
-13.430000 0.00000000000000000000
-13.420000 0.00000000000000000000
-13.410000 0.00000000000000000000
-13.400000 0.00000000000000000000
-13.390000 0.00000000000000000000
-13.380000 0.00000000000000000000
-13.370000 0.00000000000000000000
-13.360000 0.00000000000000000000
-13.350000 0.00000000000000000000
-13.340000 0.00000000000000000000
-13.330000 0.00000000000000000000
-13.320000 0.00000000000000000000
-13.310000 0.00000000000000000000
-13.300000 0.00000000000000000000
-13.290000 0.00000000000000000000
-13.280000 0.00000000000000000000
-13.270000 0.00000000000000000000
-13.260000 0.00000000000000000000
-13.250000 0.00000000000000000000
-13.240000 0.00000000000000000000
-13.230000 0.00000000000000000000
-13.220000 0.00000000000000000000
-13.210000 0.00000000000000000000
-13.200000 0.00000000000000000000
-13.190000 0.00000000000000000000
-13.180000 0.00000000000000000000
-13.170000 0.00000000000000000000
-13.160000 0.00000000000000000000
-13.150000 0.00000000000000000000
-13.140000 0.00000000000000000000
-13.130000 0.00000000000000000000
-13.120000 0.00000000000000000000
-13.110000 0.00000000000000000000
-13.100000 0.00000000000000000000
-13.090000 0.00000000000000000000
-13.080000 0.00000000000000000000
-13.070000 0.00000000000000000000
-13.060000 0.00000000000000000000
-13.050000 0.00000000000000000000
-13.040000 0.00000000000000000000
-13.030000 0.00000000000000000000
-13.020000 0.00000000000000000000
-13.010000 0.00000000000000000000
-13.000000 0.00000000000000000000
-12.990000 0.00000000000000000000
-12.980000 0.00000000000000000000
-12.970000 0.00000000000000000000
-12.960000 0.00000000000000000000
-12.950000 0.00000000000000000000
-12.940000 0.00000000000000000000
-12.930000 0.00000000000000000000
-12.920000 0.00000000000000000000
-12.910000 0.00000000000000000000
-12.900000 0.00000000000000000000
-12.890000 0.00000000000000000000
-12.880000 0.00000000000000000000
-12.870000 0.00000000000000000000
-12.860000 0.00000000000000000000
-12.850000 0.00000000000000000000
-12.840000 0.00000000000000000000
-12.830000 0.00000000000000000000
-12.820000 0.00000000000000000000
-12.810000 0.00000000000000000000
-12.800000 0.00000000000000000000
-12.790000 0.00000000000000000000
-12.780000 0.00000000000000000000
-12.770000 0.00000000000000000000
-12.760000 0.00000000000000000000
-12.750000 0.00000000000000000000
-12.740000 0.00000000000000000000
-12.730000 0.00000000000000000000
-12.720000 0.00000000000000000000
-12.710000 0.00000000000000000000
-12.700000 0.00000000000000000000
-12.690000 0.00000000000000000000
-12.680000 0.00000000000000000000
-12.670000 0.00000000000000000000
-12.660000 0.00000000000000000000
-12.650000 0.00000000000000000000
-12.640000 0.00000000000000000000
-12.630000 0.00000000000000000000
-12.620000 0.00000000000000000000
-12.610000 0.00000000000000000000
-12.600000 0.00000000000000000000
-12.590000 0.00000000000000000000
-12.580000 0.00000000000000000000
-12.570000 0.00000000000000000000
-12.560000 0.00000000000000000000
-12.550000 0.00000000000000000000
-12.540000 0.00000000000000000000
-12.530000 0.00000000000000000000
-12.520000 0.00000000000000000000
-12.510000 0.00000000000000000000
-12.500000 0.00000000000000000000
-12.490000 0.00000000000000000000
-12.480000 0.00000000000000000000
-12.470000 0.00000000000000000000
-12.460000 0.00000000000000000000
-12.450000 0.00000000000000000000
-12.440000 0.00000000000000000000
-12.430000 0.00000000000000000000
-12.420000 0.00000000000000000000
-12.410000 0.00000000000000000000
-12.400000 0.00000000000000000000
-12.390000 0.00000000000000000000
-12.380000 0.00000000000000000000
-12.370000 0.00000000000000000000
-12.360000 0.00000000000000000000
-12.350000 0.00000000000000000000
-12.340000 0.00000000000000000000
-12.330000 0.00000000000000000000
-12.320000 0.00000000000000000000
-12.310000 0.00000000000000000000
-12.300000 0.00000000000000000000
-12.290000 0.00000000000000000000
-12.280000 0.00000000000000000000
-12.270000 0.00000000000000000000
-12.260000 0.00000000000000000000
-12.250000 0.00000000000000000000
-12.240000 0.00000000000000000000
-12.230000 0.00000000000000000000
-12.220000 0.00000000000000000000
-12.210000 0.00000000000000000000
-12.200000 0.00000000000000000000
-12.190000 0.00000000000000000000
-12.180000 0.00000000000000000000
-12.170000 0.00000000000000000000
-12.160000 0.00000000000000000000
-12.150000 0.00000000000000000000
-12.140000 0.00000000000000000000
-12.130000 0.00000000000000000000
-12.120000 0.00000000000000000000
-12.110000 0.00000000000000000000
-12.100000 0.00000000000000000000
-12.090000 0.00000000000000000000
-12.080000 0.00000000000000000000
-12.070000 0.00000000000000000000
-12.060000 0.00000000000000000000
-12.050000 0.00000000000000000000
-12.040000 0.00000000000000000000
-12.030000 0.00000000000000000000
-12.020000 0.00000000000000000000
-12.010000 0.00000000000000000000
-12.000000 0.00000000000000000000
-11.990000 0.00000000000000000000
-11.980000 0.00000000000000000000
-11.970000 0.00000000000000000000
-11.960000 0.00000000000000000000
-11.950000 0.00000000000000000000
-11.940000 0.00000000000000000000
-11.930000 0.00000000000000000000
-11.920000 0.00000000000000000000
-11.910000 0.00000000000000000000
-11.900000 0.00000000000000000000
-11.890000 0.00000000000000000000
-11.880000 0.00000000000000000000
-11.870000 0.00000000000000000000
-11.860000 0.00000000000000000000
-11.850000 0.00000000000000000000
-11.840000 0.00000000000000000000
-11.830000 0.00000000000000000000
-11.820000 0.00000000000000000000
-11.810000 0.00000000000000000000
-11.800000 0.00000000000000000000
-11.790000 0.00000000000000000000
-11.780000 0.00000000000000000000
-11.770000 0.00000000000000000000
-11.760000 0.00000000000000000000
-11.750000 0.00000000000000000000
-11.740000 0.00000000000000000000
-11.730000 0.00000000000000000000
-11.720000 0.00000000000000000000
-11.710000 0.00000000000000000000
-11.700000 0.00000000000000000000
-11.690000 0.00000000000000000000
-11.680000 0.00000000000000000000
-11.670000 0.00000000000000000000
-11.660000 0.00000000000000000000
-11.650000 0.00000000000000000000
-11.640000 0.00000000000000000000
-11.630000 0.00000000000000000000
-11.620000 0.00000000000000000000
-11.610000 0.00000000000000000000
-11.600000 0.00000000000000000000
-11.590000 0.00000000000000000000
-11.580000 0.00000000000000000000
-11.570000 0.00000000000000000000
-11.560000 0.00000000000000000000
-11.550000 0.00000000000000000000
-11.540000 0.00000000000000000000
-11.530000 0.00000000000000000000
-11.520000 0.00000000000000000000
-11.510000 0.00000000000000000000
-11.500000 0.00000000000000000000
-11.490000 0.00000000000000000000
-11.480000 0.00000000000000000000
-11.470000 0.00000000000000000000
-11.460000 0.00000000000000000000
-11.450000 0.00000000000000000000
-11.440000 0.00000000000000000000
-11.430000 0.00000000000000000000
-11.420000 0.00000000000000000000
-11.410000 0.00000000000000000000
-11.400000 0.00000000000000000000
-11.390000 0.00000000000000000000
-11.380000 0.00000000000000000000
-11.370000 0.00000000000000000000
-11.360000 0.00000000000000000000
-11.350000 0.00000000000000000000
-11.340000 0.00000000000000000000
-11.330000 0.00000000000000000000
-11.320000 0.00000000000000000000
-11.310000 0.00000000000000000000
-11.300000 0.00000000000000000000
-11.290000 0.00000000000000000000
-11.280000 0.00000000000000000000
-11.270000 0.00000000000000000000
-11.260000 0.00000000000000000000
-11.250000 0.00000000000000000000
-11.240000 0.00000000000000000000
-11.230000 0.00000000000000000000
-11.220000 0.00000000000000000000
-11.210000 0.00000000000000000000
-11.200000 0.00000000000000000000
-11.190000 0.00000000000000000000
-11.180000 0.00000000000000000000
-11.170000 0.00000000000000000000
-11.160000 0.00000000000000000000
-11.150000 0.00000000000000000000
-11.140000 0.00000000000000000000
-11.130000 0.00000000000000000000
-11.120000 0.00000000000000000000
-11.110000 0.00000000000000000000
-11.100000 0.00000000000000000000
-11.090000 0.00000000000000000000
-11.080000 0.00000000000000000000
-11.070000 0.00000000000000000000
-11.060000 0.00000000000000000000
-11.050000 0.00000000000000000000
-11.040000 0.00000000000000000000
-11.030000 0.00000000000000000000
-11.020000 0.00000000000000000000
-11.010000 0.00000000000000000000
-11.000000 0.00000000000000000000
-10.990000 0.00000000000000000000
-10.980000 0.00000000000000000000
-10.970000 0.00000000000000000000
-10.960000 0.00000000000000000000
-10.950000 0.00000000000000000000
-10.940000 0.00000000000000000000
-10.930000 0.00000000000000000000
-10.920000 0.00000000000000000000
-10.910000 0.00000000000000000000
-10.900000 0.00000000000000000000
-10.890000 0.00000000000000000000
-10.880000 0.00000000000000000000
-10.870000 0.00000000000000000000
-10.860000 0.00000000000000000000
-10.850000 0.00000000000000000000
-10.840000 0.00000000000000000000
-10.830000 0.00000000000000000000
-10.820000 0.00000000000000000000
-10.810000 0.00000000000000000000
-10.800000 0.00000000000000000000
-10.790000 0.00000000000000000000
-10.780000 0.00000000000000000000
-10.770000 0.00000000000000000000
-10.760000 0.00000000000000000000
-10.750000 0.00000000000000000000
-10.740000 0.00000000000000000000
-10.730000 0.00000000000000000000
-10.720000 0.00000000000000000000
-10.710000 0.00000000000000000000
-10.700000 0.00000000000000000000
-10.690000 0.00000000000000000000
-10.680000 0.00000000000000000000
-10.670000 0.00000000000000000000
-10.660000 0.00000000000000000000
-10.650000 0.00000000000000000000
-10.640000 0.00000000000000000000
-10.630000 0.00000000000000000000
-10.620000 0.00000000000000000000
-10.610000 0.00000000000000000000
-10.600000 0.00000000000000000000
-10.590000 0.00000000000000000000
-10.580000 0.00000000000000000000
-10.570000 0.00000000000000000000
-10.560000 0.00000000000000000000
-10.550000 0.00000000000000000000
-10.540000 0.00000000000000000000
-10.530000 0.00000000000000000000
-10.520000 0.00000000000000000000
-10.510000 0.00000000000000000000
-10.500000 0.00000000000000000000
-10.490000 0.00000000000000000000
-10.480000 0.00000000000000000000
-10.470000 0.00000000000000000000
-10.460000 0.00000000000000000000
-10.450000 0.00000000000000000000
-10.440000 0.00000000000000000000
-10.430000 0.00000000000000000000
-10.420000 0.00000000000000000000
-10.410000 0.00000000000000000000
-10.400000 0.00000000000000000000
-10.390000 0.00000000000000000000
-10.380000 0.00000000000000000000
-10.370000 0.00000000000000000000
-10.360000 0.00000000000000000000
-10.350000 0.00000000000000000000
-10.340000 0.00000000000000000000
-10.330000 0.00000000000000000000
-10.320000 0.00000000000000000000
-10.310000 0.00000000000000000000
-10.300000 0.00000000000000000000
-10.290000 0.00000000000000000000
-10.280000 0.00000000000000000000
-10.270000 0.00000000000000000000
-10.260000 0.00000000000000000000
-10.250000 0.00000000000000000000
-10.240000 0.00000000000000000000
-10.230000 0.00000000000000000000
-10.220000 0.00000000000000000000
-10.210000 0.00000000000000000000
-10.200000 0.00000000000000000000
-10.190000 0.00000000000000000000
-10.180000 0.00000000000000000000
-10.170000 0.00000000000000000000
-10.160000 0.00000000000000000000
-10.150000 0.00000000000000000000
-10.140000 0.00000000000000000000
-10.130000 0.00000000000000000000
-10.120000 0.00000000000000000000
-10.110000 0.00000000000000000000
-10.100000 0.00000000000000000000
-10.090000 0.00000000000000000000
-10.080000 0.00000000000000000000
-10.070000 0.00000000000000000000
-10.060000 0.00000000000000000000
-10.050000 0.00000000000000000000
-10.040000 0.00000000000000000000
-10.030000 0.00000000000000000000
-10.020000 0.00000000000000000000
-10.010000 0.00000000000000000000
-10.000000 0.00000000000000000000
-9.990000 0.00000000000000000000
-9.980000 0.00000000000000000000
-9.970000 0.00000000000000000000
-9.960000 0.00000000000000000000
-9.950000 0.00000000000000000000
-9.940000 0.00000000000000000000
-9.930000 0.00000000000000000000
-9.920000 0.00000000000000000000
-9.910000 0.00000000000000000000
-9.900000 0.00000000000000000000
-9.890000 0.00000000000000000000
-9.880000 0.00000000000000000000
-9.870000 0.00000000000000000000
-9.860000 0.00000000000000000000
-9.850000 0.00000000000000000000
-9.840000 0.00000000000000000000
-9.830000 0.00000000000000000000
-9.820000 0.00000000000000000000
-9.810000 0.00000000000000000000
-9.800000 0.00000000000000000000
-9.790000 0.00000000000000000000
-9.780000 0.00000000000000000000
-9.770000 0.00000000000000000000
-9.760000 0.00000000000000000000
-9.750000 0.00000000000000000000
-9.740000 0.00000000000000000000
-9.730000 0.00000000000000000000
-9.720000 0.00000000000000000000
-9.710000 0.00000000000000000000
-9.700000 0.00000000000000000000
-9.690000 0.00000000000000000000
-9.680000 0.00000000000000000000
-9.670000 0.00000000000000000000
-9.660000 0.00000000000000000000
-9.650000 0.00000000000000000000
-9.640000 0.00000000000000000000
-9.630000 0.00000000000000000000
-9.620000 0.00000000000000000000
-9.610000 0.00000000000000000000
-9.600000 0.00000000000000000000
-9.590000 0.00000000000000000000
-9.580000 0.00000000000000000000
-9.570000 0.00000000000000000000
-9.560000 0.00000000000000000000
-9.550000 0.00000000000000000000
-9.540000 0.00000000000000000000
-9.530000 0.00000000000000000000
-9.520000 0.00000000000000000000
-9.510000 0.00000000000000000000
-9.500000 0.00000000000000000000
-9.490000 0.00000000000000000000
-9.480000 0.00000000000000000000
-9.470000 0.00000000000000000000
-9.460000 0.00000000000000000000
-9.450000 0.00000000000000000000
-9.440000 0.00000000000000000000
-9.430000 0.00000000000000000000
-9.420000 0.00000000000000000000
-9.410000 0.00000000000000000000
-9.400000 0.00000000000000000000
-9.390000 0.00000000000000000000
-9.380000 0.00000000000000000000
-9.370000 0.00000000000000000000
-9.360000 0.00000000000000000000
-9.350000 0.00000000000000000000
-9.340000 0.00000000000000000000
-9.330000 0.00000000000000000000
-9.320000 0.00000000000000000000
-9.310000 0.00000000000000000000
-9.300000 0.00000000000000000000
-9.290000 0.00000000000000000000
-9.280000 0.00000000000000000000
-9.270000 0.00000000000000000000
-9.260000 0.00000000000000000000
-9.250000 0.00000000000000000000
-9.240000 0.00000000000000000000
-9.230000 0.00000000000000000000
-9.220000 0.00000000000000000000
-9.210000 0.00000000000000000000
-9.200000 0.00000000000000000000
-9.190000 0.00000000000000000000
-9.180000 0.00000000000000000000
-9.170000 0.00000000000000000000
-9.160000 0.00000000000000000000
-9.150000 0.00000000000000000000
-9.140000 0.00000000000000000000
-9.130000 0.00000000000000000000
-9.120000 0.00000000000000000000
-9.110000 0.00000000000000000000
-9.100000 0.00000000000000000000
-9.090000 0.00000000000000000000
-9.080000 0.00000000000000000000
-9.070000 0.00000000000000000000
-9.060000 0.00000000000000000000
-9.050000 0.00000000000000000000
-9.040000 0.00000000000000000000
-9.030000 0.00000000000000000000
-9.020000 0.00000000000000000000
-9.010000 0.00000000000000000000
-9.000000 0.00000000000000000000
-8.990000 0.00000000000000000000
-8.980000 0.00000000000000000000
-8.970000 0.00000000000000000000
-8.960000 0.00000000000000000000
-8.950000 0.00000000000000000000
-8.940000 0.00000000000000000000
-8.930000 0.00000000000000000000
-8.920000 0.00000000000000000000
-8.910000 0.00000000000000000000
-8.900000 0.00000000000000000000
-8.890000 0.00000000000000000000
-8.880000 0.00000000000000000000
-8.870000 0.00000000000000000000
-8.860000 0.00000000000000000000
-8.850000 0.00000000000000000000
-8.840000 0.00000000000000000000
-8.830000 0.00000000000000000000
-8.820000 0.00000000000000000000
-8.810000 0.00000000000000000000
-8.800000 0.00000000000000000000
-8.790000 0.00000000000000000000
-8.780000 0.00000000000000000000
-8.770000 0.00000000000000000000
-8.760000 0.00000000000000000000
-8.750000 0.00000000000000000000
-8.740000 0.00000000000000000000
-8.730000 0.00000000000000000000
-8.720000 0.00000000000000000000
-8.710000 0.00000000000000000000
-8.700000 0.00000000000000000000
-8.690000 0.00000000000000000000
-8.680000 0.00000000000000000000
-8.670000 0.00000000000000000000
-8.660000 0.00000000000000000000
-8.650000 0.00000000000000000000
-8.640000 0.00000000000000000000
-8.630000 0.00000000000000000000
-8.620000 0.00000000000000000000
-8.610000 0.00000000000000000000
-8.600000 0.00000000000000000000
-8.590000 0.00000000000000000000
-8.580000 0.00000000000000000000
-8.570000 0.00000000000000000000
-8.560000 0.00000000000000000000
-8.550000 0.00000000000000000000
-8.540000 0.00000000000000000000
-8.530000 0.00000000000000000000
-8.520000 0.00000000000000000000
-8.510000 0.00000000000000000000
-8.500000 0.00000000000000000000
-8.490000 0.00000000000000000000
-8.480000 0.00000000000000000000
-8.470000 0.00000000000000000000
-8.460000 0.00000000000000000000
-8.450000 0.00000000000000000000
-8.440000 0.00000000000000000000
-8.430000 0.00000000000000000000
-8.420000 0.00000000000000000000
-8.410000 0.00000000000000000000
-8.400000 0.00000000000000000000
-8.390000 0.00000000000000000000
-8.380000 0.00000000000000000000
-8.370000 0.00000000000000000000
-8.360000 0.00000000000000000000
-8.350000 0.00000000000000000000
-8.340000 0.00000000000000000000
-8.330000 0.00000000000000000000
-8.320000 0.00000000000000000000
-8.310000 0.00000000000000000000
-8.300000 0.00000000000000000000
-8.290000 0.00000000000000000000
-8.280000 0.00000000000000000000
-8.270000 0.00000000000000000000
-8.260000 0.00000000000000000000
-8.250000 0.00000000000000000000
-8.240000 0.00000000000000000000
-8.230000 0.00000000000000000000
-8.220000 0.00000000000000000000
-8.210000 0.00000000000000000000
-8.200000 0.00000000000000000000
-8.190000 0.00000000000000000000
-8.180000 0.00000000000000000000
-8.170000 0.00000000000000000000
-8.160000 0.00000000000000000000
-8.150000 0.00000000000000000000
-8.140000 0.00000000000000000000
-8.130000 0.00000000000000000000
-8.120000 0.00000000000000000000
-8.110000 0.00000000000000000000
-8.100000 0.00000000000000000000
-8.090000 0.00000000000000000000
-8.080000 0.00000000000000000000
-8.070000 0.00000000000000000000
-8.060000 0.00000000000000000000
-8.050000 0.00000000000000000000
-8.040000 0.00000000000000000000
-8.030000 0.00000000000000000000
-8.020000 0.00000000000000000000
-8.010000 0.00000000000000000000
-8.000000 0.00000000000000000000
-7.990000 0.00000000000000000000
-7.980000 0.00000000000000000000
-7.970000 0.00000000000000000000
-7.960000 0.00000000000000000000
-7.950000 0.00000000000000000000
-7.940000 0.00000000000000000000
-7.930000 0.00000000000000000000
-7.920000 0.00000000000000000000
-7.910000 0.00000000000000000000
-7.900000 0.00000000000000000000
-7.890000 0.00000000000000000000
-7.880000 0.00000000000000000000
-7.870000 0.00000000000000000000
-7.860000 0.00000000000000000000
-7.850000 0.00000000000000000000
-7.840000 0.00000000000000000000
-7.830000 0.00000000000000000000
-7.820000 0.00000000000000000000
-7.810000 0.00000000000000000000
-7.800000 0.00000000000000000000
-7.790000 0.00000000000000000000
-7.780000 0.00000000000000000000
-7.770000 0.00000000000000000000
-7.760000 0.00000000000000000000
-7.750000 0.00000000000000000000
-7.740000 0.00000000000000000000
-7.730000 0.00000000000000000000
-7.720000 0.00000000000000000000
-7.710000 0.00000000000000000000
-7.700000 0.00000000000000000000
-7.690000 0.00000000000000000000
-7.680000 0.00000000000000000000
-7.670000 0.00000000000000000000
-7.660000 0.00000000000000000000
-7.650000 0.00000000000000000000
-7.640000 0.00000000000000000000
-7.630000 0.00000000000000000000
-7.620000 0.00000000000000000000
-7.610000 0.00000000000000000000
-7.600000 0.00000000000000000000
-7.590000 0.00000000000000000000
-7.580000 0.00000000000000000000
-7.570000 0.00000000000000000000
-7.560000 0.00000000000000000000
-7.550000 0.00000000000000000000
-7.540000 0.00000000000000000000
-7.530000 0.00000000000000000000
-7.520000 0.00000000000000000000
-7.510000 0.00000000000000000000
-7.500000 0.00000000000000000000
-7.490000 0.00000000000000000000
-7.480000 0.00000000000000000000
-7.470000 0.00000000000000000000
-7.460000 0.00000000000000000000
-7.450000 0.00000000000000000000
-7.440000 0.00000000000000000000
-7.430000 0.00000000000000000000
-7.420000 0.00000000000000000000
-7.410000 0.00000000000000000000
-7.400000 0.00000000000000000000
-7.390000 0.00000000000000000000
-7.380000 0.00000000000000000000
-7.370000 0.00000000000000000000
-7.360000 0.00000000000000000000
-7.350000 0.00000000000000000000
-7.340000 0.00000000000000000000
-7.330000 0.00000000000000000000
-7.320000 0.00000000000000000000
-7.310000 0.00000000000000000000
-7.300000 0.00000000000000000000
-7.290000 0.00000000000000000000
-7.280000 0.00000000000000000000
-7.270000 0.00000000000000000000
-7.260000 0.00000000000000000000
-7.250000 0.00000000000000000000
-7.240000 0.00000000000000000000
-7.230000 0.00000000000000000000
-7.220000 0.00000000000000000000
-7.210000 0.00000000000000000000
-7.200000 0.00000000000000000000
-7.190000 0.00000000000000000000
-7.180000 0.00000000000000000000
-7.170000 0.00000000000000000000
-7.160000 0.00000000000000000000
-7.150000 0.00000000000000000000
-7.140000 0.00000000000000000000
-7.130000 0.00000000000000000000
-7.120000 0.00000000000000000000
-7.110000 0.00000000000000000000
-7.100000 0.00000000000000000000
-7.090000 0.00000000000000000000
-7.080000 0.00000000000000000000
-7.070000 0.00000000000000000000
-7.060000 0.00000000000000000000
-7.050000 0.00000000000000000000
-7.040000 0.00000000000000000000
-7.030000 0.00000000000000000000
-7.020000 0.00000000000000000000
-7.010000 0.00000000000000000000
-7.000000 0.00000000000000000000
-6.990000 0.00000000000000000000
-6.980000 0.00000000000000000000
-6.970000 0.00000000000000000000
-6.960000 0.00000000000000000000
-6.950000 0.00000000000000000000
-6.940000 0.00000000000000000000
-6.930000 0.00000000000000000000
-6.920000 0.00000000000000000000
-6.910000 0.00000000000000000000
-6.900000 0.00000000000000000000
-6.890000 0.00000000000000000000
-6.880000 0.00000000000000000000
-6.870000 0.00000000000000000000
-6.860000 0.00000000000000000000
-6.850000 0.00000000000000000000
-6.840000 0.00000000000000000000
-6.830000 0.00000000000000000000
-6.820000 0.00000000000000000000
-6.810000 0.00000000000000000000
-6.800000 0.00000000000000000000
-6.790000 0.00000000000000000000
-6.780000 0.00000000000000000000
-6.770000 0.00000000000000000000
-6.760000 0.00000000000000000000
-6.750000 0.00000000000000000000
-6.740000 0.00000000000000000000
-6.730000 0.00000000000000000000
-6.720000 0.00000000000000000000
-6.710000 0.00000000000000000000
-6.700000 0.00000000000000000000
-6.690000 0.00000000000000000000
-6.680000 0.00000000000000000000
-6.670000 0.00000000000000000000
-6.660000 0.00000000000000000000
-6.650000 0.00000000000000000000
-6.640000 0.00000000000000000000
-6.630000 0.00000000000000000000
-6.620000 0.00000000000000000000
-6.610000 0.00000000000000000000
-6.600000 0.00000000000000000000
-6.590000 0.00000000000000000000
-6.580000 0.00000000000000000000
-6.570000 0.00000000000000000000
-6.560000 0.00000000000000000000
-6.550000 0.00000000000000000000
-6.540000 0.00000000000000000000
-6.530000 0.00000000000000000000
-6.520000 0.00000000000000000000
-6.510000 0.00000000000000000000
-6.500000 0.00000000000000000000
-6.490000 0.00000000000000000000
-6.480000 0.00000000000000000000
-6.470000 0.00000000000000000000
-6.460000 0.00000000000000000000
-6.450000 0.00000000000000000000
-6.440000 0.00000000000000000000
-6.430000 0.00000000000000000000
-6.420000 0.00000000000000000000
-6.410000 0.00000000000000000000
-6.400000 0.00000000000000000000
-6.390000 0.00000000000000000000
-6.380000 0.00000000000000000000
-6.370000 0.00000000000000000000
-6.360000 0.00000000000000000000
-6.350000 0.00000000000000000000
-6.340000 0.00000000000000000000
-6.330000 0.00000000000000000000
-6.320000 0.00000000000000000000
-6.310000 0.00000000000000000000
-6.300000 0.00000000000000000000
-6.290000 0.00000000000000000000
-6.280000 0.00000000000000000000
-6.270000 0.00000000000000000000
-6.260000 0.00000000000000000000
-6.250000 0.00000000000000000000
-6.240000 0.00000000000000000000
-6.230000 0.00000000000000000001
-6.220000 0.00000000000000000001
-6.210000 0.00000000000000000001
-6.200000 0.00000000000000000001
-6.190000 0.00000000000000000001
-6.180000 0.00000000000000000001
-6.170000 0.00000000000000000001
-6.160000 0.00000000000000000001
-6.150000 0.00000000000000000001
-6.140000 0.00000000000000000001
-6.130000 0.00000000000000000001
-6.120000 0.00000000000000000001
-6.110000 0.00000000000000000001
-6.100000 0.00000000000000000001
-6.090000 0.00000000000000000001
-6.080000 0.00000000000000000002
-6.070000 0.00000000000000000002
-6.060000 0.00000000000000000002
-6.050000 0.00000000000000000002
-6.040000 0.00000000000000000002
-6.030000 0.00000000000000000002
-6.020000 0.00000000000000000002
-6.010000 0.00000000000000000003
-6.000000 0.00000000000000000003
-5.990000 0.00000000000000000003
-5.980000 0.00000000000000000003
-5.970000 0.00000000000000000004
-5.960000 0.00000000000000000004
-5.950000 0.00000000000000000004
-5.940000 0.00000000000000000004
-5.930000 0.00000000000000000005
-5.920000 0.00000000000000000005
-5.910000 0.00000000000000000006
-5.900000 0.00000000000000000006
-5.890000 0.00000000000000000006
-5.880000 0.00000000000000000007
-5.870000 0.00000000000000000007
-5.860000 0.00000000000000000008
-5.850000 0.00000000000000000009
-5.840000 0.00000000000000000009
-5.830000 0.00000000000000000010
-5.820000 0.00000000000000000011
-5.810000 0.00000000000000000012
-5.800000 0.00000000000000000013
-5.790000 0.00000000000000000013
-5.780000 0.00000000000000000015
-5.770000 0.00000000000000000016
-5.760000 0.00000000000000000017
-5.750000 0.00000000000000000018
-5.740000 0.00000000000000000020
-5.730000 0.00000000000000000021
-5.720000 0.00000000000000000023
-5.710000 0.00000000000000000024
-5.700000 0.00000000000000000026
-5.690000 0.00000000000000000028
-5.680000 0.00000000000000000031
-5.670000 0.00000000000000000033
-5.660000 0.00000000000000000036
-5.650000 0.00000000000000000038
-5.640000 0.00000000000000000041
-5.630000 0.00000000000000000044
-5.620000 0.00000000000000000048
-5.610000 0.00000000000000000052
-5.600000 0.00000000000000000056
-5.590000 0.00000000000000000060
-5.580000 0.00000000000000000065
-5.570000 0.00000000000000000070
-5.560000 0.00000000000000000075
-5.550000 0.00000000000000000081
-5.540000 0.00000000000000000087
-5.530000 0.00000000000000000094
-5.520000 0.00000000000000000101
-5.510000 0.00000000000000000109
-5.500000 0.00000000000000000117
-5.490000 0.00000000000000000126
-5.480000 0.00000000000000000136
-5.470000 0.00000000000000000147
-5.460000 0.00000000000000000158
-5.450000 0.00000000000000000170
-5.440000 0.00000000000000000183
-5.430000 0.00000000000000000198
-5.420000 0.00000000000000000213
-5.410000 0.00000000000000000229
-5.400000 0.00000000000000000247
-5.390000 0.00000000000000000266
-5.380000 0.00000000000000000287
-5.370000 0.00000000000000000309
-5.360000 0.00000000000000000333
-5.350000 0.00000000000000000359
-5.340000 0.00000000000000000387
-5.330000 0.00000000000000000417
-5.320000 0.00000000000000000449
-5.310000 0.00000000000000000484
-5.300000 0.00000000000000000521
-5.290000 0.00000000000000000561
-5.280000 0.00000000000000000605
-5.270000 0.00000000000000000652
-5.260000 0.00000000000000000702
-5.250000 0.00000000000000000757
-5.240000 0.00000000000000000815
-5.230000 0.00000000000000000878
-5.220000 0.00000000000000000946
-5.210000 0.00000000000000001020
-5.200000 0.00000000000000001099
-5.190000 0.00000000000000001184
-5.180000 0.00000000000000001276
-5.170000 0.00000000000000001374
-5.160000 0.00000000000000001481
-5.150000 0.00000000000000001595
-5.140000 0.00000000000000001719
-5.130000 0.00000000000000001852
-5.120000 0.00000000000000001996
-5.110000 0.00000000000000002150
-5.100000 0.00000000000000002317
-5.090000 0.00000000000000002496
-5.080000 0.00000000000000002689
-5.070000 0.00000000000000002898
-5.060000 0.00000000000000003122
-5.050000 0.00000000000000003364
-5.040000 0.00000000000000003624
-5.030000 0.00000000000000003905
-5.020000 0.00000000000000004207
-5.010000 0.00000000000000004533
-5.000000 0.00000000000000004884
-4.990000 0.00000000000000005263
-4.980000 0.00000000000000005670
-4.970000 0.00000000000000006109
-4.960000 0.00000000000000006583
-4.950000 0.00000000000000007092
-4.940000 0.00000000000000007642
-4.930000 0.00000000000000008234
-4.920000 0.00000000000000008871
-4.910000 0.00000000000000009558
-4.900000 0.00000000000000010299
-4.890000 0.00000000000000011096
-4.880000 0.00000000000000011955
-4.870000 0.00000000000000012881
-4.860000 0.00000000000000013879
-4.850000 0.00000000000000014954
-4.840000 0.00000000000000016112
-4.830000 0.00000000000000017359
-4.820000 0.00000000000000018704
-4.810000 0.00000000000000020153
-4.800000 0.00000000000000021713
-4.790000 0.00000000000000023395
-4.780000 0.00000000000000025207
-4.770000 0.00000000000000027159
-4.760000 0.00000000000000029263
-4.750000 0.00000000000000031528
-4.740000 0.00000000000000033970
-4.730000 0.00000000000000036602
-4.720000 0.00000000000000039435
-4.710000 0.00000000000000042490
-4.700000 0.00000000000000045781
-4.690000 0.00000000000000049326
-4.680000 0.00000000000000053147
-4.670000 0.00000000000000057262
-4.660000 0.00000000000000061696
-4.650000 0.00000000000000066476
-4.640000 0.00000000000000071623
-4.630000 0.00000000000000077170
-4.620000 0.00000000000000083148
-4.610000 0.00000000000000089586
-4.600000 0.00000000000000096525
-4.590000 0.00000000000000104001
-4.580000 0.00000000000000112053
-4.570000 0.00000000000000120734
-4.560000 0.00000000000000130083
-4.550000 0.00000000000000140156
-4.540000 0.00000000000000151014
-4.530000 0.00000000000000162706
-4.520000 0.00000000000000175308
-4.510000 0.00000000000000188887
-4.500000 0.00000000000000203512
-4.490000 0.00000000000000219277
-4.480000 0.00000000000000236258
-4.470000 0.00000000000000254551
-4.460000 0.00000000000000274272
-4.450000 0.00000000000000295510
-4.440000 0.00000000000000318392
-4.430000 0.00000000000000343059
-4.420000 0.00000000000000369620
-4.410000 0.00000000000000398247
-4.400000 0.00000000000000429096
-4.390000 0.00000000000000462318
-4.380000 0.00000000000000498131
-4.370000 0.00000000000000536709
-4.360000 0.00000000000000578264
-4.350000 0.00000000000000623064
-4.340000 0.00000000000000671309
-4.330000 0.00000000000000723293
-4.320000 0.00000000000000779327
-4.310000 0.00000000000000839667
-4.300000 0.00000000000000904699
-4.290000 0.00000000000000974777
-4.280000 0.00000000000001050248
-4.270000 0.00000000000001131606
-4.260000 0.00000000000001219242
-4.250000 0.00000000000001313644
-4.240000 0.00000000000001415416
-4.230000 0.00000000000001525015
-4.220000 0.00000000000001643106
-4.210000 0.00000000000001770399
-4.200000 0.00000000000001907472
-4.190000 0.00000000000002055207
-4.180000 0.00000000000002214403
-4.170000 0.00000000000002385850
-4.160000 0.00000000000002570672
-4.150000 0.00000000000002769754
-4.140000 0.00000000000002984208
-4.130000 0.00000000000003215404
-4.120000 0.00000000000003464379
-4.110000 0.00000000000003732646
-4.100000 0.00000000000004021818
-4.090000 0.00000000000004333208
-4.080000 0.00000000000004668817
-4.070000 0.00000000000005030463
-4.060000 0.00000000000005419939
-4.050000 0.00000000000005839799
-4.040000 0.00000000000006292055
-4.030000 0.00000000000006779230
-4.020000 0.00000000000007304438
-4.010000 0.00000000000007870035
-4.000000 0.00000000000008479458
-3.990000 0.00000000000009136372
-3.980000 0.00000000000009843756
-3.970000 0.00000000000010606159
-3.960000 0.00000000000011427711
-3.950000 0.00000000000012312484
-3.940000 0.00000000000013266283
-3.930000 0.00000000000014293672
-3.920000 0.00000000000015400388
-3.910000 0.00000000000016593504
-3.900000 0.00000000000017878371
-3.890000 0.00000000000019262799
-3.880000 0.00000000000020755110
-3.870000 0.00000000000022362077
-3.860000 0.00000000000024094031
-3.850000 0.00000000000025960351
-3.840000 0.00000000000027970289
-3.830000 0.00000000000030137039
-3.820000 0.00000000000032470959
-3.810000 0.00000000000034985087
-3.800000 0.00000000000037695492
-3.790000 0.00000000000040614324
-3.780000 0.00000000000043759334
-3.770000 0.00000000000047149419
-3.760000 0.00000000000050799967
-3.750000 0.00000000000054734455
-3.740000 0.00000000000058974171
-3.730000 0.00000000000063540153
-3.720000 0.00000000000068462365
-3.710000 0.00000000000073764330
-3.700000 0.00000000000079475681
-3.690000 0.00000000000085632914
-3.680000 0.00000000000092263626
-3.670000 0.00000000000099408156
-3.660000 0.00000000000107109415
-3.650000 0.00000000000115402368
-3.640000 0.00000000000124340361
-3.630000 0.00000000000133971722
-3.620000 0.00000000000144344270
-3.610000 0.00000000000155526076
-3.600000 0.00000000000167570548
-3.590000 0.00000000000180545040
-3.580000 0.00000000000194532439
-3.570000 0.00000000000209595429
-3.560000 0.00000000000225825682
-3.550000 0.00000000000243320638
-3.540000 0.00000000000262159748
-3.530000 0.00000000000282464227
-3.520000 0.00000000000304343781
-3.510000 0.00000000000327907118
-3.500000 0.00000000000353308865
-3.490000 0.00000000000380670287
-3.480000 0.00000000000410144473
-3.470000 0.00000000000441919678
-3.460000 0.00000000000476138275
-3.450000 0.00000000000513008599
-3.440000 0.00000000000552751903
-3.430000 0.00000000000595548727
-3.420000 0.00000000000641674501
-3.410000 0.00000000000691378270
-3.400000 0.00000000000744907143
-3.390000 0.00000000000802612379
-3.380000 0.00000000000864769310
-3.370000 0.00000000000931725896
-3.360000 0.00000000001003909696
-3.350000 0.00000000001081644092
-3.340000 0.00000000001165402536
-3.330000 0.00000000001255687425
-3.320000 0.00000000001352909015
-3.310000 0.00000000001457693139
-3.300000 0.00000000001570605152
-3.290000 0.00000000001692206791
-3.280000 0.00000000001823295974
-3.270000 0.00000000001964497847
-3.260000 0.00000000002116603301
-3.250000 0.00000000002280583388
-3.240000 0.00000000002457172636
-3.230000 0.00000000002647446989
-3.220000 0.00000000002852547232
-3.210000 0.00000000003073405616
-3.200000 0.00000000003311444174
-3.190000 0.00000000003567946310
-3.180000 0.00000000003844188971
-3.170000 0.00000000004141984719
-3.160000 0.00000000004462752956
-3.150000 0.00000000004808291315
-3.140000 0.00000000005180805216
-3.130000 0.00000000005581963065
-3.120000 0.00000000006014209975
-3.110000 0.00000000006480136333
-3.100000 0.00000000006981860556
-3.090000 0.00000000007522613797
-3.080000 0.00000000008105309500
-3.070000 0.00000000008732850462
-3.060000 0.00000000009409354078
-3.050000 0.00000000010138043144
-3.040000 0.00000000010923003554
-3.030000 0.00000000011769244148
-3.020000 0.00000000012680554543
-3.010000 0.00000000013662491372
-3.000000 0.00000000014720936588
-2.990000 0.00000000015860704016
-2.980000 0.00000000017089135549
-2.970000 0.00000000018412844931
-2.960000 0.00000000019838430868
-2.950000 0.00000000021375246447
-2.940000 0.00000000023030609103
-2.930000 0.00000000024813805734
-2.920000 0.00000000026736212226
-2.910000 0.00000000028806436326
-2.900000 0.00000000031037105664
-2.890000 0.00000000033441576345
-2.880000 0.00000000036030787207
-2.870000 0.00000000038821420553
-2.860000 0.00000000041828490115
-2.850000 0.00000000045066996303
-2.840000 0.00000000048558185488
-2.830000 0.00000000052318672146
-2.820000 0.00000000056369564674
-2.810000 0.00000000060736699420
-2.800000 0.00000000065439628115
-2.790000 0.00000000070507047511
-2.780000 0.00000000075969285099
-2.770000 0.00000000081851198108
-2.760000 0.00000000088190692249
-2.750000 0.00000000095021849806
-2.740000 0.00000000102378770234
-2.730000 0.00000000110309716580
-2.720000 0.00000000118852412594
-2.710000 0.00000000128054835913
-2.700000 0.00000000137975664785
-2.690000 0.00000000148659309316
-2.680000 0.00000000160170983829
-2.670000 0.00000000172579552414
-2.660000 0.00000000185941500351
-2.650000 0.00000000200342957327
-2.640000 0.00000000215861292509
-2.630000 0.00000000232574022123
-2.620000 0.00000000250590779864
-2.610000 0.00000000269997218970
-2.600000 0.00000000290902388485
-2.590000 0.00000000313439555523
-2.580000 0.00000000337709594099
-2.570000 0.00000000363860705687
-2.560000 0.00000000392049258691
-2.550000 0.00000000422403609939
-2.540000 0.00000000455119463666
-2.530000 0.00000000490372453183
-2.520000 0.00000000528338791873
-2.510000 0.00000000569267521402
-2.500000 0.00000000613353121292
-2.490000 0.00000000660843450742
-2.480000 0.00000000712041178531
-2.470000 0.00000000767175432533
-2.460000 0.00000000826583005321
-2.450000 0.00000000890618958605
-2.440000 0.00000000959574970208
-2.430000 0.00000001033895720729
-2.420000 0.00000001113979908476
-2.410000 0.00000001200228109809
-2.400000 0.00000001293206043085
-2.390000 0.00000001393355283103
-2.380000 0.00000001501239191056
-2.370000 0.00000001617545172179
-2.360000 0.00000001742793674556
-2.350000 0.00000001877750067640
-2.340000 0.00000002023220581700
-2.330000 0.00000002179868026810
-2.320000 0.00000002348702806315
-2.310000 0.00000002530629989725
-2.300000 0.00000002726560188592
-2.290000 0.00000002937778472917
-2.280000 0.00000003165287461780
-2.270000 0.00000003410367624740
-2.260000 0.00000003674580154818
-2.250000 0.00000003959107216724
-2.240000 0.00000004265688133930
-2.230000 0.00000004596153588483
-2.220000 0.00000004952009755497
-2.210000 0.00000005335552477076
-2.200000 0.00000005748836309477
-2.190000 0.00000006193931304193
-2.180000 0.00000006673756591723
-2.170000 0.00000007190588674140
-2.160000 0.00000007747337936253
-2.150000 0.00000008347550067910
-2.140000 0.00000008993910286773
-2.130000 0.00000009690371243874
-2.120000 0.00000010441089813385
-2.110000 0.00000011249488649617
-2.100000 0.00000012120784361002
-2.090000 0.00000013059640897429
-2.080000 0.00000014070764024714
-2.070000 0.00000015160784741386
-2.060000 0.00000016334871983833
-2.050000 0.00000017599640778955
-2.040000 0.00000018963143871791
-2.030000 0.00000020431480590735
-2.020000 0.00000022013633424434
-2.010000 0.00000023719041241201
-2.000000 0.00000025555481745537
-1.990000 0.00000027534808107228
-1.980000 0.00000029667607712248
-1.970000 0.00000031964578004529
-1.960000 0.00000034440781721753
-1.950000 0.00000037107955267916
-1.940000 0.00000039981133946854
-1.930000 0.00000043078606628218
-1.920000 0.00000046414227642654
-1.910000 0.00000050008409877309
-1.900000 0.00000053882585814737
-1.890000 0.00000058054429698871
-1.880000 0.00000062550874265146
-1.870000 0.00000067395953335100
-1.860000 0.00000072613985054525
-1.850000 0.00000078239185349802
-1.840000 0.00000084298202529893
-1.830000 0.00000090825210315725
-1.820000 0.00000097861745172132
-1.810000 0.00000105439276614250
-1.800000 0.00000113604193282826
-1.790000 0.00000122405161075576
-1.780000 0.00000131882343469651
-1.770000 0.00000142096936861465
-1.760000 0.00000153103498999254
-1.750000 0.00000164957311644129
-1.740000 0.00000177736098177634
-1.730000 0.00000191500365553880
-1.720000 0.00000206327787162826
-1.710000 0.00000222312697693741
-1.700000 0.00000239526578976382
-1.690000 0.00000258074850031617
-1.680000 0.00000278068014386766
-1.670000 0.00000299597340915836
-1.660000 0.00000322801879772113
-1.650000 0.00000347805478973978
-1.640000 0.00000374733809169601
-1.630000 0.00000403763423314990
-1.620000 0.00000435031707157677
-1.610000 0.00000468715204140467
-1.600000 0.00000505028160672977
-1.590000 0.00000544132945508719
-1.580000 0.00000586269124963412
-1.570000 0.00000631687614671090
-1.560000 0.00000680595817863258
-1.550000 0.00000733309683326496
-1.540000 0.00000790110350447956
-1.530000 0.00000851283504155069
-1.520000 0.00000917230193697870
-1.510000 0.00000988262365263699
-1.500000 0.00001064781284056112
-1.490000 0.00001147273531622003
-1.480000 0.00001236107925135437
-1.470000 0.00001331828883848631
-1.460000 0.00001435006151511229
-1.450000 0.00001546111042194187
-1.440000 0.00001665861454780311
-1.430000 0.00001794895586574660
-1.420000 0.00001933862883587450
-1.410000 0.00002083674353335203
-1.400000 0.00002245038301417163
-1.390000 0.00002418866766410472
-1.380000 0.00002606264845116177
-1.370000 0.00002808070305993042
-1.360000 0.00003025520361185231
-1.350000 0.00003259908715216124
-1.340000 0.00003512306420602623
-1.330000 0.00003784344704737968
-1.320000 0.00004077472317488838
-1.310000 0.00004393165664897883
-1.300000 0.00004733494186874577
-1.290000 0.00005100066197345724
-1.280000 0.00005494954715682172
-1.270000 0.00005920669634968012
-1.260000 0.00006379114002579504
-1.250000 0.00006873099506963792
-1.240000 0.00007405563834682638
-1.230000 0.00007978941030577689
-1.220000 0.00008596937763010083
-1.210000 0.00009262842950111432
-1.200000 0.00009980013137653355
-1.190000 0.00010753149534928986
-1.180000 0.00011585904327126864
-1.170000 0.00012482989741087556
-1.160000 0.00013450106740686349
-1.150000 0.00014491578667449924
-1.140000 0.00015613796058513770
-1.130000 0.00016823430529920764
-1.120000 0.00018126014408383163
-1.110000 0.00019529971749717754
-1.100000 0.00021042770341301776
-1.090000 0.00022672042650756451
-1.080000 0.00024428470985146336
-1.070000 0.00026320350968561201
-1.060000 0.00028358397035412589
-1.050000 0.00030555562613517799
-1.040000 0.00032921673096589633
-1.030000 0.00035471258981816271
-1.020000 0.00038219479008457489
-1.010000 0.00041178914062501041
-1.000000 0.00044368720336521671
-0.990000 0.00047805865645108220
-0.980000 0.00051507718069291925
-0.970000 0.00055498570762620701
-0.960000 0.00059797284721828554
-0.950000 0.00064428246898425251
-0.940000 0.00069420925110989242
-0.930000 0.00074797679166852145
-0.920000 0.00080591596442560485
-0.910000 0.00086837179721275777
-0.900000 0.00093563092909819227
-0.890000 0.00100812989597246676
-0.880000 0.00108625519345037004
-0.870000 0.00117040309078141882
-0.860000 0.00126112775331021620
-0.850000 0.00135885952426445891
-0.840000 0.00146415556098600133
-0.830000 0.00157768921614392411
-0.820000 0.00169997185738288842
-0.810000 0.00183176097946053502
-0.800000 0.00197384692783495732
-0.790000 0.00212688728331768403
-0.780000 0.00229188456016708470
-0.770000 0.00246972714656035599
-0.760000 0.00266132789949965814
-0.750000 0.00286796510600400515
-0.740000 0.00309063322921364608
-0.730000 0.00333062249209166352
-0.720000 0.00358949618387931473
-0.710000 0.00386844452678407509
-0.700000 0.00416923505243051423
-0.690000 0.00449371914187923251
-0.680000 0.00484344195720061779
-0.670000 0.00522076809357098406
-0.660000 0.00562780340955007421
-0.650000 0.00606671994692154978
-0.640000 0.00654057654040974493
-0.630000 0.00705176704801208868
-0.620000 0.00760341003714774290
-0.610000 0.00819931421287880061
-0.600000 0.00884239553187724306
-0.590000 0.00953700658081432090
-0.580000 0.01028774190914444157
-0.570000 0.01109845031539516760
-0.560000 0.01197504827019545831
-0.550000 0.01292280853582767827
-0.540000 0.01394717094394527963
-0.530000 0.01505573769047288679
-0.520000 0.01625433569009086809
-0.510000 0.01755046832909408147
-0.500000 0.01895274030143080657
-0.490000 0.02046723420034902985
-0.480000 0.02210234577841860629
-0.470000 0.02386431637010203929
-0.460000 0.02575688058775521885
-0.450000 0.02778169659828778892
-0.440000 0.02993198050804717070
-0.430000 0.03219662609297370415
-0.420000 0.03454196640037370675
-0.410000 0.03693138644207985544
-0.400000 0.03931342457091609177
-0.390000 0.04164868000147829707
-0.380000 0.04391990181778300528
-0.370000 0.04611771777264765670
-0.360000 0.04823527185086105840
-0.350000 0.05026701392551727321
-0.340000 0.05220458592062731523
-0.330000 0.05404060886368491912
-0.320000 0.05576747576615084800
-0.310000 0.05737469953962609504
-0.300000 0.05885439635299975769
-0.290000 0.06019650385251436309
-0.280000 0.06139004343550328452
-0.270000 0.06242771862820524487
-0.260000 0.06330013518040304710
-0.250000 0.06400252767800732046
-0.240000 0.06453384517835400458
-0.230000 0.06490057721131155255
-0.220000 0.06512322615511870194
-0.210000 0.06522809044901543840
-0.200000 0.06526925746936408645
-0.190000 0.06527589361526728307
-0.180000 0.06527748864699568776
-0.170000 0.06527768672451261800
-0.160000 0.06527769694955487534
-0.150000 0.06527769694955488922
-0.140000 0.06527769694955486146
-0.130000 0.06527769694955486146
-0.120000 0.06527769694955487534
-0.110000 0.06527769694955487534
-0.100000 0.06527769694955488922
-0.090000 0.06527769694955487534
-0.080000 0.06527769694955487534
-0.070000 0.06527769694955487534
-0.060000 0.06527769694955486146
-0.050000 0.06527769694955487534
-0.040000 0.06527769694955486146
-0.030000 0.06527769694955486146
-0.020000 0.06527769694955486146
-0.010000 0.06527769694955487534
0.000000 0.06527769694955487534
0.010000 0.06527769694955487534
0.020000 0.06527769694955486146
0.030000 0.06527769694955488922
0.040000 0.06527769694955487534
0.050000 0.06527769694955486146
0.060000 0.06527769694955487534
0.070000 0.06527769694955486146
0.080000 0.06527769694955487534
0.090000 0.06527769694955488922
0.100000 0.06527769694955487534
0.110000 0.06527769694955487534
0.120000 0.06527769694955486146
0.130000 0.06527769694955486146
0.140000 0.06527769694955487534
0.150000 0.06527769694955487534
0.160000 0.06527769694955487534
0.170000 0.06527769694955487534
0.180000 0.06527755353490932722
0.190000 0.06527715823074675683
0.200000 0.06529441862413891406
0.210000 0.06539246424146541448
0.220000 0.06581208786855113901
0.230000 0.06691089895987191449
0.240000 0.06907159530451284501
0.250000 0.07272680098518170821
0.260000 0.07809355326479643089
0.270000 0.08538437058518154321
0.280000 0.09469256693505720412
0.290000 0.10604894074013079819
0.300000 0.11944717884838325361
0.310000 0.13483248800463321082
0.320000 0.15215173128040374029
0.330000 0.17130944674533626904
0.340000 0.19222167102003229200
0.350000 0.21480221181358660765
0.360000 0.23894080946664222886
0.370000 0.26456050208007919622
0.380000 0.29156598273341133298
0.390000 0.31986050070374011378
0.400000 0.34936996656145530293
0.410000 0.37998065896973853839
0.420000 0.41141370565816604010
0.430000 0.44338343262677087919
0.440000 0.47532110222336965144
0.450000 0.50681942286536696418
0.460000 0.53750010904650635801
0.470000 0.56705137898697488552
0.480000 0.59532921272018402004
0.490000 0.62220280095537516818
0.500000 0.64762638870985655970
0.510000 0.67159038637776402592
0.520000 0.69411330844351171176
0.530000 0.71524095971175216668
0.540000 0.73501536896221397743
0.550000 0.75350723919120032868
0.560000 0.77077676656360605278
0.570000 0.78688546679606341527
0.580000 0.80191086327781158083
0.590000 0.81590677122952270928
0.600000 0.82893979690017538520
0.610000 0.84107748318405828325
0.620000 0.85236636276738408924
0.630000 0.86286912521557634914
0.640000 0.87263928996345541123
0.650000 0.88171849617279629552
0.660000 0.89016137834817887775
0.670000 0.89800770220604264615
0.680000 0.90529635483747128433
0.690000 0.91207193597020075337
0.700000 0.91836398122516960107
0.710000 0.92420815421206592433
0.720000 0.92963903483922916138
0.730000 0.93468006446880536053
0.740000 0.93936226421719426494
0.750000 0.94371150547541859943
0.760000 0.94774779756397120600
0.770000 0.95149703651939443461
0.780000 0.95497783486617271453
0.790000 0.95820834720317915600
0.800000 0.96120917536201178066
0.810000 0.96399388074185543562
0.820000 0.96657879645901201293
0.830000 0.96897964176731976593
0.840000 0.97120704738263619049
0.850000 0.97327503984502539147
0.860000 0.97519525792504824224
0.870000 0.97697669960956301516
0.880000 0.97863097324150594147
0.890000 0.98016639408996153460
0.900000 0.98159107729527617092
0.910000 0.98291420258615869177
0.920000 0.98414180335276812972
0.930000 0.98528114606295091882
0.940000 0.98633920692448429079
0.950000 0.98732070260460369493
0.960000 0.98823185257714973861
0.970000 0.98907780787345644935
0.980000 0.98986255332485895142
0.990000 0.99059122400273691422
1.000000 0.99126749289075821725
1.010000 0.99189494892024543393
1.020000 0.99247764556318351925
1.030000 0.99301824563987639571
1.040000 0.99351995807698778584
1.050000 0.99398585974810294008
1.060000 0.99441803148022256398
1.070000 0.99481921696597042093
1.080000 0.99519168612216124536
1.090000 0.99553719654518768589
1.100000 0.99585801180555588719
1.110000 0.99615574942297668848
1.120000 0.99643199208846422454
1.130000 0.99668852535914786994
1.140000 0.99692652194610054117
1.150000 0.99714739611919611662
1.160000 0.99735250267568587024
1.170000 0.99754275819901172540
1.180000 0.99771937138910482545
1.190000 0.99788334137259648848
1.200000 0.99803544253133424924
1.210000 0.99817667171153656724
1.220000 0.99830774066079164264
1.230000 0.99842934679492523209
1.240000 0.99854227613798340890
1.250000 0.99864704485527511224
1.260000 0.99874427592165526679
1.270000 0.99883456560607153385
1.280000 0.99891831748764470245
1.290000 0.99899606384496930644
1.300000 0.99906824431471086267
1.310000 0.99913519998256061783
1.320000 0.99919736973251238599
1.330000 0.99925506668176677927
1.340000 0.99930859808321392812
1.350000 0.99935830989259699653
1.360000 0.99940442926324823958
1.370000 0.99944723057033624247
1.380000 0.99948697620940252229
1.390000 0.99952384385999470950
1.400000 0.99955806789916668009
1.410000 0.99958984175954712637
1.420000 0.99961931566460593412
1.430000 0.99964668282909019403
1.440000 0.99967208099375937103
1.450000 0.99969564551376000061
1.460000 0.99971752864846508135
1.470000 0.99973783035915275708
1.480000 0.99975667148321445410
1.490000 0.99977416748712299999
1.500000 0.99979039659377721971
1.510000 0.99980546200296571691
1.520000 0.99981944881968498606
1.530000 0.99983242320514342794
1.540000 0.99984447021865330285
1.550000 0.99985565045170909926
1.560000 0.99986602353174736102
1.570000 0.99987565646906428896
1.580000 0.99988459325228706831
1.590000 0.99989288709869506011
1.600000 0.99990058881850685246
1.610000 0.99990773284891787398
1.620000 0.99991436462998195545
1.630000 0.99992052160526656568
1.640000 0.99992623291327975554
1.650000 0.99993153599959883060
1.660000 0.99993645751805715349
1.670000 0.99994102373592341770
1.680000 0.99994526414472029163
1.690000 0.99994919810191840170
1.700000 0.99995284904452630403
1.710000 0.99995623933115451720
1.720000 0.99995938412258644767
1.730000 0.99996230342654035539
1.740000 0.99996501371698354177
1.750000 0.99996752782700770723
1.760000 0.99996986224119355224
1.770000 0.99997202868440715484
1.780000 0.99997403872795687096
1.790000 0.99997590535116775978
1.800000 0.99997763707242715014
1.810000 0.99997924421342521129
1.820000 0.99998073661286657199
1.830000 0.99998212094521232718
1.840000 0.99998340602005120203
1.850000 0.99998459908538916974
1.860000 0.99998570579314449702
1.870000 0.99998673340027222078
1.880000 0.99998768706447971333
1.890000 0.99998857188317169520
1.900000 0.99998939356859017913
1.910000 0.99999015586931760957
1.920000 0.99999086333103337498
1.930000 0.99999152028316595775
1.940000 0.99999212966412109882
1.950000 0.99999269535283930033
1.960000 0.99999322053820260958
1.970000 0.99999370770941942155
1.980000 0.99999416006119024036
1.990000 0.99999457986236772733
2.000000 0.99999496935846121648
2.010000 0.99999533106344506983
2.020000 0.99999566662691552477
2.030000 0.99999597805078999091
2.040000 0.99999626724019052837
2.050000 0.99999653548874245512
2.060000 0.99999678450437590183
2.070000 0.99999701569009102897
2.080000 0.99999723014218355743
2.090000 0.99999742926704127122
2.100000 0.99999761406272402731
2.110000 0.99999778551842244401
2.120000 0.99999794474054293225
2.130000 0.99999809245500581589
2.140000 0.99999822954345496395
2.150000 0.99999835684421989335
2.160000 0.99999847492681681604
2.170000 0.99999858454326073787
2.180000 0.99999868631082422521
2.190000 0.99999878071233727628
2.200000 0.99999886836692697401
2.210000 0.99999894971363634255
2.220000 0.99999902518822281206
2.230000 0.99999909527761787764
2.240000 0.99999916030127067312
2.250000 0.99999922064745627726
2.260000 0.99999927668507282430
2.270000 0.99999932866484897431
2.280000 0.99999937691790286021
2.290000 0.99999942171581301942
2.300000 0.99999946327122812839
2.310000 0.99999950185670238856
2.320000 0.99999953766536975319
2.330000 0.99999957088918933756
2.340000 0.99999960174246060873
2.350000 0.99999963036576100528
2.360000 0.99999965693008596723
2.370000 0.99999968159776542187
2.380000 0.99999970447918240524
2.390000 0.99999972572013073879
2.400000 0.99999974544009562205
2.410000 0.99999976373273158359
2.420000 0.99999978071802342328
2.430000 0.99999979648093084705
2.440000 0.99999981110601532386
2.450000 0.99999982468758985554
2.460000 0.99999983728751762335
2.470000 0.99999984898110461096
2.480000 0.99999985983978179060
2.490000 0.99999986991214628862
2.500000 0.99999987926239153335
2.510000 0.99999988794308680706
2.520000 0.99999989599547989272
2.530000 0.99999990347239064992
2.540000 0.99999991041119262736
2.550000 0.99999991684913691614
2.560000 0.99999992282773042529
2.570000 0.99999992837419693359
2.580000 0.99999993352170113425
2.590000 0.99999993830167555053
2.600000 0.99999994273551484625
2.610000 0.99999994685148385631
2.620000 0.99999995067271141291
2.630000 0.99999995421736365131
2.640000 0.99999995750869308253
2.650000 0.99999996056314077730
2.660000 0.99999996339711605398
2.670000 0.99999996602888585606
2.680000 0.99999996847043093329
2.690000 0.99999997073635649159
2.700000 0.99999997284049457758
2.710000 0.99999997479226365726
2.720000 0.99999997660410944178
2.730000 0.99999997828620701412
2.740000 0.99999997984655841776
2.750000 0.99999998129539879876
2.760000 0.99999998263996081604
2.770000 0.99999998388747324274
2.780000 0.99999998504597509275
2.790000 0.99999998612073925930
2.800000 0.99999998711819726438
2.810000 0.99999998804443579470
2.820000 0.99999998890360153325
2.830000 0.99999998970117420782
2.840000 0.99999999044163079276
2.850000 0.99999999112849524696
2.860000 0.99999999176627318853
2.870000 0.99999999235814684972
2.880000 0.99999999290730046120
2.890000 0.99999999341727141555
2.900000 0.99999999389038085607
2.910000 0.99999999432946073963
2.920000 0.99999999473718959031
2.930000 0.99999999511539294783
2.940000 0.99999999546648377091
2.950000 0.99999999579243137315
2.960000 0.99999999609478817941
2.970000 0.99999999637553749210
2.980000 0.99999999663607952449
2.990000 0.99999999687781593316
3.000000 0.99999999710230469407
3.010000 0.99999999731056665730
3.020000 0.99999999750384915842
3.030000 0.99999999768333069916
3.040000 0.99999999784981541406
3.050000 0.99999999800436523145
3.060000 0.99999999814784690244
3.070000 0.99999999828094388032
3.080000 0.99999999840452957756
3.090000 0.99999999851921961280
3.100000 0.99999999862563171416
3.110000 0.99999999872445144433
3.120000 0.99999999881612811059
3.130000 0.99999999890121060719
3.140000 0.99999999898021840750
3.150000 0.99999999905350467344
3.160000 0.99999999912153714199
3.170000 0.99999999918469750781
3.180000 0.99999999924328664136
3.190000 0.99999999929768890183
3.200000 0.99999999934817518366
3.210000 0.99999999939501782453
3.220000 0.99999999943851791695
3.230000 0.99999999947887407981
3.240000 0.99999999951632723150
3.250000 0.99999999955110618899
3.260000 0.99999999958336682759
3.270000 0.99999999961331464959
3.280000 0.99999999964111763173
3.290000 0.99999999966690855668
3.300000 0.99999999969085640039
3.310000 0.99999999971308028979
3.320000 0.99999999973370035100
3.330000 0.99999999975284914466
3.340000 0.99999999977061360124
3.350000 0.99999999978710041315
3.360000 0.99999999980241005559
3.370000 0.99999999981661114035
3.380000 0.99999999982979403956
3.390000 0.99999999984203313819
3.400000 0.99999999985338605679
3.410000 0.99999999986392817952
3.420000 0.99999999987371090970
3.430000 0.99999999988278787111
3.440000 0.99999999989121723942
3.450000 0.99999999989903709530
3.460000 0.99999999990629462321
3.470000 0.99999999991303401004
3.480000 0.99999999991928523180
3.490000 0.99999999992508836755
3.500000 0.99999999993047605784
3.510000 0.99999999993547361576
3.520000 0.99999999994011412596
3.530000 0.99999999994442068108
3.540000 0.99999999994841626272
3.550000 0.99999999995212673909
3.560000 0.99999999995556920762
3.570000 0.99999999995876409642
3.580000 0.99999999996173061234
3.590000 0.99999999996448252215
3.600000 0.99999999996703703431
3.610000 0.99999999996940869273
3.620000 0.99999999997160871068
3.630000 0.99999999997365107696
3.640000 0.99999999997554689379
3.650000 0.99999999997730593115
3.660000 0.99999999997893918025
3.670000 0.99999999998045463467
3.680000 0.99999999998186106520
3.690000 0.99999999998316679850
3.700000 0.99999999998437816284
3.710000 0.99999999998550292979
3.720000 0.99999999998654698352
3.730000 0.99999999998751543107
3.740000 0.99999999998841460069
3.750000 0.99999999998924893330
3.760000 0.99999999999002331386
3.770000 0.99999999999074251633
3.780000 0.99999999999140931628
3.790000 0.99999999999202859868
3.800000 0.99999999999260325012
3.810000 0.99999999999313649024
3.820000 0.99999999999363153869
3.830000 0.99999999999409117102
3.840000 0.99999999999451749666
3.850000 0.99999999999491318015
3.860000 0.99999999999528066397
3.870000 0.99999999999562128039
3.880000 0.99999999999593791600
3.890000 0.99999999999623156999
3.900000 0.99999999999650401872
3.910000 0.99999999999675714957
3.920000 0.99999999999699173969
3.930000 0.99999999999720978749
3.940000 0.99999999999741218115
3.950000 0.99999999999759991987
3.960000 0.99999999999777422488
3.970000 0.99999999999793609540
3.980000 0.99999999999808641959
3.990000 0.99999999999822586361
4.000000 0.99999999999835531561
4.010000 0.99999999999847544174
4.020000 0.99999999999858701916
4.030000 0.99999999999869060296
4.040000 0.99999999999878674828
4.050000 0.99999999999887601021
4.060000 0.99999999999895883285
4.070000 0.99999999999903610437
4.080000 0.99999999999910749171
4.090000 0.99999999999917399407
4.100000 0.99999999999923561145
4.110000 0.99999999999929300998
4.120000 0.99999999999934596762
4.130000 0.99999999999939559459
4.140000 0.99999999999944155782
4.150000 0.99999999999948407936
4.160000 0.99999999999952349228
4.170000 0.99999999999956035168
4.180000 0.99999999999959454655
4.190000 0.99999999999962607689
4.200000 0.99999999999965571984
4.210000 0.99999999999968303133
4.220000 0.99999999999970845543
4.230000 0.99999999999973210318
4.240000 0.99999999999975419662
4.250000 0.99999999999977484677
4.260000 0.99999999999979360954
4.270000 0.99999999999981137311
4.280000 0.99999999999982791543
4.290000 0.99999999999984312549
4.300000 0.99999999999985744736
4.310000 0.99999999999987077004
4.320000 0.99999999999988320454
4.330000 0.99999999999989452881
4.340000 0.99999999999990496491
4.350000 0.99999999999991495692
4.360000 0.99999999999992428279
4.370000 0.99999999999993283151
4.380000 0.99999999999994060307
4.390000 0.99999999999994804156
4.400000 0.99999999999995503597
4.410000 0.99999999999996147526
4.420000 0.99999999999996747047
4.430000 0.99999999999997302158
4.440000 0.99999999999997790656
4.450000 0.99999999999998279154
4.460000 0.99999999999998723244
4.470000 0.99999999999999178435
4.480000 0.99999999999999544809
4.490000 0.99999999999999911182
4.500000 1.00000000000000266454
4.510000 1.00000000000000577316
4.520000 1.00000000000000888178
4.530000 1.00000000000001132427
4.540000 1.00000000000001398881
4.550000 1.00000000000001643130
4.560000 1.00000000000001842970
4.570000 1.00000000000002042810
4.580000 1.00000000000002220446
4.590000 1.00000000000002398082
4.600000 1.00000000000002553513
4.610000 1.00000000000002708944
4.620000 1.00000000000002819966
4.630000 1.00000000000002930989
4.640000 1.00000000000003064216
4.650000 1.00000000000003153033
4.660000 1.00000000000003241851
4.670000 1.00000000000003308465
4.680000 1.00000000000003375078
4.690000 1.00000000000003419487
4.700000 1.00000000000003508305
4.710000 1.00000000000003530509
4.720000 1.00000000000003552714
4.730000 1.00000000000003597123
4.740000 1.00000000000003619327
4.750000 1.00000000000003685940
4.760000 1.00000000000003708145
4.770000 1.00000000000003730349
4.780000 1.00000000000003774758
4.790000 1.00000000000003796963
4.800000 1.00000000000003841372
4.810000 1.00000000000003863576
4.820000 1.00000000000003885781
4.830000 1.00000000000003907985
4.840000 1.00000000000003930190
4.850000 1.00000000000003930190
4.860000 1.00000000000003930190
4.870000 1.00000000000003974598
4.880000 1.00000000000003974598
4.890000 1.00000000000003996803
4.900000 1.00000000000003996803
4.910000 1.00000000000003996803
4.920000 1.00000000000004041212
4.930000 1.00000000000004041212
4.940000 1.00000000000004041212
4.950000 1.00000000000004063416
4.960000 1.00000000000004063416
4.970000 1.00000000000004085621
4.980000 1.00000000000004085621
4.990000 1.00000000000004107825
5.000000 1.00000000000004085621
5.010000 1.00000000000004107825
5.020000 1.00000000000004085621
5.030000 1.00000000000004107825
5.040000 1.00000000000004085621
5.050000 1.00000000000004107825
5.060000 1.00000000000004130030
5.070000 1.00000000000004107825
5.080000 1.00000000000004107825
5.090000 1.00000000000004107825
5.100000 1.00000000000004107825
5.110000 1.00000000000004107825
5.120000 1.00000000000004130030
5.130000 1.00000000000004107825
5.140000 1.00000000000004130030
5.150000 1.00000000000004107825
5.160000 1.00000000000004130030
5.170000 1.00000000000004130030
5.180000 1.00000000000004130030
5.190000 1.00000000000004107825
5.200000 1.00000000000004152234
5.210000 1.00000000000004107825
5.220000 1.00000000000004107825
5.230000 1.00000000000004130030
5.240000 1.00000000000004130030
5.250000 1.00000000000004107825
5.260000 1.00000000000004152234
5.270000 1.00000000000004107825
5.280000 1.00000000000004107825
5.290000 1.00000000000004107825
5.300000 1.00000000000004107825
5.310000 1.00000000000004107825
5.320000 1.00000000000004130030
5.330000 1.00000000000004107825
5.340000 1.00000000000004107825
5.350000 1.00000000000004107825
5.360000 1.00000000000004130030
5.370000 1.00000000000004107825
5.380000 1.00000000000004107825
5.390000 1.00000000000004107825
5.400000 1.00000000000004107825
5.410000 1.00000000000004130030
5.420000 1.00000000000004107825
5.430000 1.00000000000004130030
5.440000 1.00000000000004107825
5.450000 1.00000000000004152234
5.460000 1.00000000000004107825
5.470000 1.00000000000004107825
5.480000 1.00000000000004130030
5.490000 1.00000000000004107825
5.500000 1.00000000000004130030
5.510000 1.00000000000004130030
5.520000 1.00000000000004107825
5.530000 1.00000000000004152234
5.540000 1.00000000000004107825
5.550000 1.00000000000004107825
5.560000 1.00000000000004107825
5.570000 1.00000000000004107825
5.580000 1.00000000000004107825
5.590000 1.00000000000004130030
5.600000 1.00000000000004107825
5.610000 1.00000000000004107825
5.620000 1.00000000000004107825
5.630000 1.00000000000004107825
5.640000 1.00000000000004130030
5.650000 1.00000000000004130030
5.660000 1.00000000000004107825
5.670000 1.00000000000004107825
5.680000 1.00000000000004107825
5.690000 1.00000000000004107825
5.700000 1.00000000000004107825
5.710000 1.00000000000004107825
5.720000 1.00000000000004107825
5.730000 1.00000000000004107825
5.740000 1.00000000000004107825
5.750000 1.00000000000004130030
5.760000 1.00000000000004107825
5.770000 1.00000000000004107825
5.780000 1.00000000000004130030
5.790000 1.00000000000004107825
5.800000 1.00000000000004107825
5.810000 1.00000000000004107825
5.820000 1.00000000000004107825
5.830000 1.00000000000004130030
5.840000 1.00000000000004130030
5.850000 1.00000000000004107825
5.860000 1.00000000000004152234
5.870000 1.00000000000004107825
5.880000 1.00000000000004130030
5.890000 1.00000000000004107825
5.900000 1.00000000000004130030
5.910000 1.00000000000004107825
5.920000 1.00000000000004152234
5.930000 1.00000000000004130030
5.940000 1.00000000000004107825
5.950000 1.00000000000004107825
5.960000 1.00000000000004107825
5.970000 1.00000000000004130030
5.980000 1.00000000000004130030
5.990000 1.00000000000004107825
6.000000 1.00000000000004107825
6.010000 1.00000000000004130030
6.020000 1.00000000000004107825
6.030000 1.00000000000004130030
6.040000 1.00000000000004107825
6.050000 1.00000000000004152234
6.060000 1.00000000000004107825
6.070000 1.00000000000004107825
6.080000 1.00000000000004107825
6.090000 1.00000000000004107825
6.100000 1.00000000000004107825
6.110000 1.00000000000004130030
6.120000 1.00000000000004107825
6.130000 1.00000000000004107825
6.140000 1.00000000000004130030
6.150000 1.00000000000004130030
6.160000 1.00000000000004107825
6.170000 1.00000000000004130030
6.180000 1.00000000000004107825
6.190000 1.00000000000004130030
6.200000 1.00000000000004107825
6.210000 1.00000000000004152234
6.220000 1.00000000000004107825
6.230000 1.00000000000004107825
6.240000 1.00000000000004107825
6.250000 1.00000000000004130030
6.260000 1.00000000000004130030
6.270000 1.00000000000004107825
6.280000 1.00000000000004107825
6.290000 1.00000000000004107825
6.300000 1.00000000000004107825
6.310000 1.00000000000004152234
6.320000 1.00000000000004107825
6.330000 1.00000000000004107825
6.340000 1.00000000000004107825
6.350000 1.00000000000004107825
6.360000 1.00000000000004130030
6.370000 1.00000000000004107825
6.380000 1.00000000000004130030
6.390000 1.00000000000004107825
6.400000 1.00000000000004107825
6.410000 1.00000000000004130030
6.420000 1.00000000000004130030
6.430000 1.00000000000004107825
6.440000 1.00000000000004130030
6.450000 1.00000000000004107825
6.460000 1.00000000000004107825
6.470000 1.00000000000004107825
6.480000 1.00000000000004107825
6.490000 1.00000000000004130030
6.500000 1.00000000000004130030
6.510000 1.00000000000004107825
6.520000 1.00000000000004130030
6.530000 1.00000000000004107825
6.540000 1.00000000000004152234
6.550000 1.00000000000004107825
6.560000 1.00000000000004085621
6.570000 1.00000000000004107825
6.580000 1.00000000000004107825
6.590000 1.00000000000004130030
6.600000 1.00000000000004107825
6.610000 1.00000000000004130030
6.620000 1.00000000000004107825
6.630000 1.00000000000004130030
6.640000 1.00000000000004152234
6.650000 1.00000000000004107825
6.660000 1.00000000000004107825
6.670000 1.00000000000004130030
6.680000 1.00000000000004107825
6.690000 1.00000000000004130030
6.700000 1.00000000000004107825
6.710000 1.00000000000004130030
6.720000 1.00000000000004107825
6.730000 1.00000000000004130030
6.740000 1.00000000000004107825
6.750000 1.00000000000004107825
6.760000 1.00000000000004107825
6.770000 1.00000000000004152234
6.780000 1.00000000000004107825
6.790000 1.00000000000004107825
6.800000 1.00000000000004107825
6.810000 1.00000000000004130030
6.820000 1.00000000000004107825
6.830000 1.00000000000004130030
6.840000 1.00000000000004130030
6.850000 1.00000000000004130030
6.860000 1.00000000000004107825
6.870000 1.00000000000004130030
6.880000 1.00000000000004107825
6.890000 1.00000000000004107825
6.900000 1.00000000000004107825
6.910000 1.00000000000004107825
6.920000 1.00000000000004130030
6.930000 1.00000000000004107825
6.940000 1.00000000000004130030
6.950000 1.00000000000004107825
6.960000 1.00000000000004130030
6.970000 1.00000000000004107825
6.980000 1.00000000000004107825
6.990000 1.00000000000004107825
7.000000 1.00000000000004107825
7.010000 1.00000000000004107825
7.020000 1.00000000000004130030
7.030000 1.00000000000004107825
7.040000 1.00000000000004130030
7.050000 1.00000000000004107825
7.060000 1.00000000000004107825
7.070000 1.00000000000004107825
7.080000 1.00000000000004130030
7.090000 1.00000000000004107825
7.100000 1.00000000000004130030
7.110000 1.00000000000004107825
7.120000 1.00000000000004130030
7.130000 1.00000000000004107825
7.140000 1.00000000000004107825
7.150000 1.00000000000004130030
7.160000 1.00000000000004130030
7.170000 1.00000000000004107825
7.180000 1.00000000000004107825
7.190000 1.00000000000004107825
7.200000 1.00000000000004130030
7.210000 1.00000000000004107825
7.220000 1.00000000000004107825
7.230000 1.00000000000004107825
7.240000 1.00000000000004107825
7.250000 1.00000000000004107825
7.260000 1.00000000000004107825
7.270000 1.00000000000004130030
7.280000 1.00000000000004107825
7.290000 1.00000000000004152234
7.300000 1.00000000000004107825
7.310000 1.00000000000004107825
7.320000 1.00000000000004130030
7.330000 1.00000000000004107825
7.340000 1.00000000000004107825
7.350000 1.00000000000004130030
7.360000 1.00000000000004107825
7.370000 1.00000000000004130030
7.380000 1.00000000000004107825
7.390000 1.00000000000004107825
7.400000 1.00000000000004107825
7.410000 1.00000000000004130030
7.420000 1.00000000000004107825
7.430000 1.00000000000004130030
7.440000 1.00000000000004107825
7.450000 1.00000000000004130030
7.460000 1.00000000000004107825
7.470000 1.00000000000004107825
7.480000 1.00000000000004130030
7.490000 1.00000000000004130030
7.500000 1.00000000000004130030
7.510000 1.00000000000004107825
7.520000 1.00000000000004130030
7.530000 1.00000000000004130030
7.540000 1.00000000000004130030
7.550000 1.00000000000004107825
7.560000 1.00000000000004107825
7.570000 1.00000000000004107825
7.580000 1.00000000000004130030
7.590000 1.00000000000004130030
7.600000 1.00000000000004130030
7.610000 1.00000000000004107825
7.620000 1.00000000000004152234
7.630000 1.00000000000004107825
7.640000 1.00000000000004107825
7.650000 1.00000000000004107825
7.660000 1.00000000000004130030
7.670000 1.00000000000004107825
7.680000 1.00000000000004130030
7.690000 1.00000000000004107825
7.700000 1.00000000000004130030
7.710000 1.00000000000004107825
7.720000 1.00000000000004152234
7.730000 1.00000000000004107825
7.740000 1.00000000000004130030
7.750000 1.00000000000004107825
7.760000 1.00000000000004130030
7.770000 1.00000000000004107825
7.780000 1.00000000000004130030
7.790000 1.00000000000004107825
7.800000 1.00000000000004107825
7.810000 1.00000000000004107825
7.820000 1.00000000000004152234
7.830000 1.00000000000004107825
7.840000 1.00000000000004107825
7.850000 1.00000000000004130030
7.860000 1.00000000000004107825
7.870000 1.00000000000004130030
7.880000 1.00000000000004107825
7.890000 1.00000000000004107825
7.900000 1.00000000000004107825
7.910000 1.00000000000004107825
7.920000 1.00000000000004107825
7.930000 1.00000000000004130030
7.940000 1.00000000000004107825
7.950000 1.00000000000004130030
7.960000 1.00000000000004130030
7.970000 1.00000000000004130030
7.980000 1.00000000000004107825
7.990000 1.00000000000004107825
8.000000 1.00000000000004130030
8.010000 1.00000000000004130030
8.020000 1.00000000000004130030
8.030000 1.00000000000004107825
8.040000 1.00000000000004107825
8.050000 1.00000000000004107825
8.060000 1.00000000000004107825
8.070000 1.00000000000004107825
8.080000 1.00000000000004107825
8.090000 1.00000000000004130030
8.100000 1.00000000000004107825
8.110000 1.00000000000004107825
8.120000 1.00000000000004107825
8.130000 1.00000000000004107825
8.140000 1.00000000000004107825
8.150000 1.00000000000004152234
8.160000 1.00000000000004107825
8.170000 1.00000000000004130030
8.180000 1.00000000000004107825
8.190000 1.00000000000004085621
8.200000 1.00000000000004107825
8.210000 1.00000000000004085621
8.220000 1.00000000000004085621
8.230000 1.00000000000004085621
8.240000 1.00000000000004107825
8.250000 1.00000000000004107825
8.260000 1.00000000000004085621
8.270000 1.00000000000004085621
8.280000 1.00000000000004085621
8.290000 1.00000000000004063416
8.300000 1.00000000000004063416
8.310000 1.00000000000004063416
8.320000 1.00000000000004063416
8.330000 1.00000000000004041212
8.340000 1.00000000000004041212
8.350000 1.00000000000004041212
8.360000 1.00000000000004041212
8.370000 1.00000000000004041212
8.380000 1.00000000000004041212
8.390000 1.00000000000004041212
8.400000 1.00000000000004085621
8.410000 1.00000000000004085621
8.420000 1.00000000000004085621
8.430000 1.00000000000004107825
8.440000 1.00000000000004107825
8.450000 1.00000000000004107825
8.460000 1.00000000000004130030
8.470000 1.00000000000004107825
8.480000 1.00000000000004152234
8.490000 1.00000000000004130030
8.500000 1.00000000000004130030
8.510000 1.00000000000004152234
8.520000 1.00000000000004152234
8.530000 1.00000000000004152234
8.540000 1.00000000000004152234
8.550000 1.00000000000004152234
8.560000 1.00000000000004152234
8.570000 1.00000000000004174439
8.580000 1.00000000000004152234
8.590000 1.00000000000004174439
8.600000 1.00000000000004174439
8.610000 1.00000000000004174439
8.620000 1.00000000000004152234
8.630000 1.00000000000004174439
8.640000 1.00000000000004174439
8.650000 1.00000000000004152234
8.660000 1.00000000000004174439
8.670000 1.00000000000004152234
8.680000 1.00000000000004174439
8.690000 1.00000000000004152234
8.700000 1.00000000000004174439
8.710000 1.00000000000004174439
8.720000 1.00000000000004152234
8.730000 1.00000000000004174439
8.740000 1.00000000000004152234
8.750000 1.00000000000004152234
8.760000 1.00000000000004174439
8.770000 1.00000000000004174439
8.780000 1.00000000000004174439
8.790000 1.00000000000004152234
8.800000 1.00000000000004152234
8.810000 1.00000000000004152234
8.820000 1.00000000000004174439
8.830000 1.00000000000004174439
8.840000 1.00000000000004152234
8.850000 1.00000000000004152234
8.860000 1.00000000000004152234
8.870000 1.00000000000004174439
8.880000 1.00000000000004174439
8.890000 1.00000000000004174439
8.900000 1.00000000000004152234
8.910000 1.00000000000004174439
8.920000 1.00000000000004152234
8.930000 1.00000000000004152234
8.940000 1.00000000000004152234
8.950000 1.00000000000004174439
8.960000 1.00000000000004174439
8.970000 1.00000000000004152234
8.980000 1.00000000000004152234
8.990000 1.00000000000004174439
9.000000 1.00000000000004152234
9.010000 1.00000000000004174439
9.020000 1.00000000000004152234
9.030000 1.00000000000004174439
9.040000 1.00000000000004152234
9.050000 1.00000000000004152234
9.060000 1.00000000000004152234
9.070000 1.00000000000004174439
9.080000 1.00000000000004174439
9.090000 1.00000000000004174439
9.100000 1.00000000000004152234
9.110000 1.00000000000004152234
9.120000 1.00000000000004174439
9.130000 1.00000000000004174439
9.140000 1.00000000000004174439
9.150000 1.00000000000004152234
9.160000 1.00000000000004152234
9.170000 1.00000000000004152234
9.180000 1.00000000000004174439
9.190000 1.00000000000004152234
9.200000 1.00000000000004152234
9.210000 1.00000000000004152234
9.220000 1.00000000000004152234
9.230000 1.00000000000004152234
9.240000 1.00000000000004152234
9.250000 1.00000000000004174439
9.260000 1.00000000000004174439
9.270000 1.00000000000004174439
9.280000 1.00000000000004152234
9.290000 1.00000000000004174439
9.300000 1.00000000000004152234
9.310000 1.00000000000004174439
9.320000 1.00000000000004174439
9.330000 1.00000000000004174439
9.340000 1.00000000000004152234
9.350000 1.00000000000004152234
9.360000 1.00000000000004152234
9.370000 1.00000000000004174439
9.380000 1.00000000000004152234
9.390000 1.00000000000004174439
9.400000 1.00000000000004152234
9.410000 1.00000000000004152234
9.420000 1.00000000000004174439
9.430000 1.00000000000004152234
9.440000 1.00000000000004152234
9.450000 1.00000000000004152234
9.460000 1.00000000000004174439
9.470000 1.00000000000004152234
9.480000 1.00000000000004174439
9.490000 1.00000000000004174439
9.500000 1.00000000000004174439
9.510000 1.00000000000004174439
9.520000 1.00000000000004152234
9.530000 1.00000000000004152234
9.540000 1.00000000000004174439
9.550000 1.00000000000004174439
9.560000 1.00000000000004152234
9.570000 1.00000000000004152234
9.580000 1.00000000000004152234
9.590000 1.00000000000004152234
9.600000 1.00000000000004152234
9.610000 1.00000000000004152234
9.620000 1.00000000000004174439
9.630000 1.00000000000004152234
9.640000 1.00000000000004152234
9.650000 1.00000000000004152234
9.660000 1.00000000000004152234
9.670000 1.00000000000004174439
9.680000 1.00000000000004174439
9.690000 1.00000000000004174439
9.700000 1.00000000000004152234
9.710000 1.00000000000004152234
9.720000 1.00000000000004152234
9.730000 1.00000000000004174439
9.740000 1.00000000000004174439
9.750000 1.00000000000004174439
9.760000 1.00000000000004152234
9.770000 1.00000000000004152234
9.780000 1.00000000000004174439
9.790000 1.00000000000004174439
9.800000 1.00000000000004174439
9.810000 1.00000000000004152234
9.820000 1.00000000000004152234
9.830000 1.00000000000004152234
9.840000 1.00000000000004174439
9.850000 1.00000000000004152234
9.860000 1.00000000000004174439
9.870000 1.00000000000004174439
9.880000 1.00000000000004152234
9.890000 1.00000000000004152234
9.900000 1.00000000000004152234
9.910000 1.00000000000004174439
9.920000 1.00000000000004174439
9.930000 1.00000000000004174439
9.940000 1.00000000000004152234
9.950000 1.00000000000004174439
9.960000 1.00000000000004130030
9.970000 1.00000000000004174439
9.980000 1.00000000000004174439
9.990000 1.00000000000004152234
10.000000 1.00000000000004174439
10.010000 1.00000000000004174439
10.020000 1.00000000000004152234
10.030000 1.00000000000004174439
10.040000 1.00000000000004174439
10.050000 1.00000000000004174439
10.060000 1.00000000000004152234
10.070000 1.00000000000004152234
10.080000 1.00000000000004174439
10.090000 1.00000000000004174439
10.100000 1.00000000000004174439
10.110000 1.00000000000004174439
10.120000 1.00000000000004152234
10.130000 1.00000000000004152234
10.140000 1.00000000000004174439
10.150000 1.00000000000004152234
10.160000 1.00000000000004174439
10.170000 1.00000000000004174439
10.180000 1.00000000000004152234
10.190000 1.00000000000004174439
10.200000 1.00000000000004174439
10.210000 1.00000000000004152234
10.220000 1.00000000000004174439
10.230000 1.00000000000004152234
10.240000 1.00000000000004174439
10.250000 1.00000000000004174439
10.260000 1.00000000000004174439
10.270000 1.00000000000004174439
10.280000 1.00000000000004174439
10.290000 1.00000000000004174439
10.300000 1.00000000000004152234
10.310000 1.00000000000004152234
10.320000 1.00000000000004152234
10.330000 1.00000000000004174439
10.340000 1.00000000000004174439
10.350000 1.00000000000004174439
10.360000 1.00000000000004152234
10.370000 1.00000000000004152234
10.380000 1.00000000000004174439
10.390000 1.00000000000004174439
10.400000 1.00000000000004174439
10.410000 1.00000000000004152234
10.420000 1.00000000000004174439
10.430000 1.00000000000004152234
10.440000 1.00000000000004152234
10.450000 1.00000000000004174439
10.460000 1.00000000000004152234
10.470000 1.00000000000004152234
10.480000 1.00000000000004152234
10.490000 1.00000000000004152234
10.500000 1.00000000000004174439
10.510000 1.00000000000004152234
10.520000 1.00000000000004174439
10.530000 1.00000000000004152234
10.540000 1.00000000000004152234
10.550000 1.00000000000004152234
10.560000 1.00000000000004152234
10.570000 1.00000000000004152234
10.580000 1.00000000000004174439
10.590000 1.00000000000004174439
10.600000 1.00000000000004174439
10.610000 1.00000000000004152234
10.620000 1.00000000000004152234
10.630000 1.00000000000004174439
10.640000 1.00000000000004174439
10.650000 1.00000000000004152234
10.660000 1.00000000000004152234
10.670000 1.00000000000004152234
10.680000 1.00000000000004152234
10.690000 1.00000000000004174439
10.700000 1.00000000000004174439
10.710000 1.00000000000004174439
10.720000 1.00000000000004152234
10.730000 1.00000000000004152234
10.740000 1.00000000000004174439
10.750000 1.00000000000004174439
10.760000 1.00000000000004152234
10.770000 1.00000000000004174439
10.780000 1.00000000000004152234
10.790000 1.00000000000004152234
10.800000 1.00000000000004174439
10.810000 1.00000000000004152234
10.820000 1.00000000000004174439
10.830000 1.00000000000004174439
10.840000 1.00000000000004174439
10.850000 1.00000000000004174439
10.860000 1.00000000000004152234
10.870000 1.00000000000004174439
10.880000 1.00000000000004174439
10.890000 1.00000000000004152234
10.900000 1.00000000000004174439
10.910000 1.00000000000004174439
10.920000 1.00000000000004152234
10.930000 1.00000000000004174439
10.940000 1.00000000000004174439
10.950000 1.00000000000004174439
10.960000 1.00000000000004174439
10.970000 1.00000000000004152234
10.980000 1.00000000000004152234
10.990000 1.00000000000004174439
11.000000 1.00000000000004174439
11.010000 1.00000000000004152234
11.020000 1.00000000000004174439
11.030000 1.00000000000004152234
11.040000 1.00000000000004174439
11.050000 1.00000000000004174439
11.060000 1.00000000000004174439
11.070000 1.00000000000004174439
11.080000 1.00000000000004174439
11.090000 1.00000000000004152234
11.100000 1.00000000000004152234
11.110000 1.00000000000004152234
11.120000 1.00000000000004152234
11.130000 1.00000000000004174439
11.140000 1.00000000000004152234
11.150000 1.00000000000004174439
11.160000 1.00000000000004152234
11.170000 1.00000000000004152234
11.180000 1.00000000000004174439
11.190000 1.00000000000004174439
11.200000 1.00000000000004174439
11.210000 1.00000000000004152234
11.220000 1.00000000000004152234
11.230000 1.00000000000004152234
11.240000 1.00000000000004174439
11.250000 1.00000000000004174439
11.260000 1.00000000000004174439
11.270000 1.00000000000004152234
11.280000 1.00000000000004152234
11.290000 1.00000000000004174439
11.300000 1.00000000000004174439
11.310000 1.00000000000004152234
11.320000 1.00000000000004152234
11.330000 1.00000000000004152234
11.340000 1.00000000000004152234
11.350000 1.00000000000004174439
11.360000 1.00000000000004130030
11.370000 1.00000000000004174439
11.380000 1.00000000000004174439
11.390000 1.00000000000004152234
11.400000 1.00000000000004152234
11.410000 1.00000000000004174439
11.420000 1.00000000000004152234
11.430000 1.00000000000004174439
11.440000 1.00000000000004174439
11.450000 1.00000000000004152234
11.460000 1.00000000000004152234
11.470000 1.00000000000004130030
11.480000 1.00000000000004174439
11.490000 1.00000000000004174439
11.500000 1.00000000000004174439
11.510000 1.00000000000004174439
11.520000 1.00000000000004152234
11.530000 1.00000000000004152234
11.540000 1.00000000000004174439
11.550000 1.00000000000004174439
11.560000 1.00000000000004152234
11.570000 1.00000000000004152234
11.580000 1.00000000000004152234
11.590000 1.00000000000004174439
11.600000 1.00000000000004174439
11.610000 1.00000000000004152234
11.620000 1.00000000000004152234
11.630000 1.00000000000004152234
11.640000 1.00000000000004152234
11.650000 1.00000000000004174439
11.660000 1.00000000000004174439
11.670000 1.00000000000004152234
11.680000 1.00000000000004174439
11.690000 1.00000000000004152234
11.700000 1.00000000000004174439
11.710000 1.00000000000004174439
11.720000 1.00000000000004174439
11.730000 1.00000000000004174439
11.740000 1.00000000000004174439
11.750000 1.00000000000004174439
11.760000 1.00000000000004152234
11.770000 1.00000000000004152234
11.780000 1.00000000000004152234
11.790000 1.00000000000004174439
11.800000 1.00000000000004174439
11.810000 1.00000000000004174439
11.820000 1.00000000000004152234
11.830000 1.00000000000004152234
11.840000 1.00000000000004174439
11.850000 1.00000000000004152234
11.860000 1.00000000000004152234
11.870000 1.00000000000004152234
11.880000 1.00000000000004152234
11.890000 1.00000000000004152234
11.900000 1.00000000000004174439
11.910000 1.00000000000004174439
11.920000 1.00000000000004174439
11.930000 1.00000000000004174439
11.940000 1.00000000000004152234
11.950000 1.00000000000004174439
11.960000 1.00000000000004174439
11.970000 1.00000000000004174439
11.980000 1.00000000000004174439
11.990000 1.00000000000004152234
12.000000 1.00000000000004152234
12.010000 1.00000000000004174439
12.020000 1.00000000000004152234
12.030000 1.00000000000004152234
12.040000 1.00000000000004174439
12.050000 1.00000000000004152234
12.060000 1.00000000000004174439
12.070000 1.00000000000004174439
12.080000 1.00000000000004152234
12.090000 1.00000000000004174439
12.100000 1.00000000000004174439
12.110000 1.00000000000004152234
12.120000 1.00000000000004152234
12.130000 1.00000000000004152234
12.140000 1.00000000000004174439
12.150000 1.00000000000004174439
12.160000 1.00000000000004174439
12.170000 1.00000000000004152234
12.180000 1.00000000000004152234
12.190000 1.00000000000004152234
12.200000 1.00000000000004174439
12.210000 1.00000000000004174439
12.220000 1.00000000000004152234
12.230000 1.00000000000004152234
12.240000 1.00000000000004152234
12.250000 1.00000000000004174439
12.260000 1.00000000000004174439
12.270000 1.00000000000004152234
12.280000 1.00000000000004152234
12.290000 1.00000000000004174439
12.300000 1.00000000000004152234
12.310000 1.00000000000004174439
12.320000 1.00000000000004152234
12.330000 1.00000000000004174439
12.340000 1.00000000000004174439
12.350000 1.00000000000004152234
12.360000 1.00000000000004174439
12.370000 1.00000000000004174439
12.380000 1.00000000000004152234
12.390000 1.00000000000004174439
12.400000 1.00000000000004174439
12.410000 1.00000000000004174439
12.420000 1.00000000000004152234
12.430000 1.00000000000004152234
12.440000 1.00000000000004152234
12.450000 1.00000000000004174439
12.460000 1.00000000000004174439
12.470000 1.00000000000004174439
12.480000 1.00000000000004152234
12.490000 1.00000000000004152234
12.500000 1.00000000000004174439
12.510000 1.00000000000004174439
12.520000 1.00000000000004174439
12.530000 1.00000000000004152234
12.540000 1.00000000000004152234
12.550000 1.00000000000004152234
12.560000 1.00000000000004174439
12.570000 1.00000000000004174439
12.580000 1.00000000000004152234
12.590000 1.00000000000004174439
12.600000 1.00000000000004152234
12.610000 1.00000000000004152234
12.620000 1.00000000000004174439
12.630000 1.00000000000004174439
12.640000 1.00000000000004174439
12.650000 1.00000000000004152234
12.660000 1.00000000000004174439
12.670000 1.00000000000004152234
12.680000 1.00000000000004152234
12.690000 1.00000000000004174439
12.700000 1.00000000000004152234
12.710000 1.00000000000004174439
12.720000 1.00000000000004152234
12.730000 1.00000000000004174439
12.740000 1.00000000000004152234
12.750000 1.00000000000004174439
12.760000 1.00000000000004174439
12.770000 1.00000000000004152234
12.780000 1.00000000000004152234
12.790000 1.00000000000004152234
12.800000 1.00000000000004174439
12.810000 1.00000000000004174439
12.820000 1.00000000000004174439
12.830000 1.00000000000004152234
12.840000 1.00000000000004152234
12.850000 1.00000000000004152234
12.860000 1.00000000000004174439
12.870000 1.00000000000004174439
12.880000 1.00000000000004152234
12.890000 1.00000000000004174439
12.900000 1.00000000000004152234
12.910000 1.00000000000004152234
12.920000 1.00000000000004174439
12.930000 1.00000000000004152234
12.940000 1.00000000000004174439
12.950000 1.00000000000004152234
12.960000 1.00000000000004152234
12.970000 1.00000000000004152234
12.980000 1.00000000000004152234
12.990000 1.00000000000004174439
13.000000 1.00000000000004174439
13.010000 1.00000000000004174439
13.020000 1.00000000000004174439
13.030000 1.00000000000004174439
13.040000 1.00000000000004152234
13.050000 1.00000000000004174439
13.060000 1.00000000000004152234
13.070000 1.00000000000004152234
13.080000 1.00000000000004152234
13.090000 1.00000000000004152234
13.100000 1.00000000000004152234
13.110000 1.00000000000004174439
13.120000 1.00000000000004174439
13.130000 1.00000000000004152234
13.140000 1.00000000000004152234
13.150000 1.00000000000004152234
13.160000 1.00000000000004174439
13.170000 1.00000000000004174439
13.180000 1.00000000000004152234
13.190000 1.00000000000004174439
13.200000 1.00000000000004152234
13.210000 1.00000000000004152234
13.220000 1.00000000000004174439
13.230000 1.00000000000004174439
13.240000 1.00000000000004174439
13.250000 1.00000000000004152234
13.260000 1.00000000000004174439
13.270000 1.00000000000004152234
13.280000 1.00000000000004174439
13.290000 1.00000000000004174439
13.300000 1.00000000000004174439
13.310000 1.00000000000004174439
13.320000 1.00000000000004152234
13.330000 1.00000000000004152234
13.340000 1.00000000000004152234
13.350000 1.00000000000004174439
13.360000 1.00000000000004152234
13.370000 1.00000000000004152234
13.380000 1.00000000000004152234
13.390000 1.00000000000004152234
13.400000 1.00000000000004152234
13.410000 1.00000000000004174439
13.420000 1.00000000000004174439
13.430000 1.00000000000004152234
13.440000 1.00000000000004174439
13.450000 1.00000000000004152234
13.460000 1.00000000000004174439
13.470000 1.00000000000004174439
13.480000 1.00000000000004152234
13.490000 1.00000000000004174439
13.500000 1.00000000000004152234
13.510000 1.00000000000004174439
13.520000 1.00000000000004174439
13.530000 1.00000000000004174439
13.540000 1.00000000000004152234
13.550000 1.00000000000004152234
13.560000 1.00000000000004152234
13.570000 1.00000000000004152234
13.580000 1.00000000000004174439
13.590000 1.00000000000004152234
13.600000 1.00000000000004174439
13.610000 1.00000000000004174439
13.620000 1.00000000000004152234
13.630000 1.00000000000004152234
13.640000 1.00000000000004152234
13.650000 1.00000000000004174439
13.660000 1.00000000000004152234
13.670000 1.00000000000004152234
13.680000 1.00000000000004152234
13.690000 1.00000000000004152234
13.700000 1.00000000000004152234
13.710000 1.00000000000004174439
13.720000 1.00000000000004152234
13.730000 1.00000000000004174439
13.740000 1.00000000000004152234
13.750000 1.00000000000004152234
13.760000 1.00000000000004152234
13.770000 1.00000000000004174439
13.780000 1.00000000000004174439
13.790000 1.00000000000004152234
13.800000 1.00000000000004152234
13.810000 1.00000000000004152234
13.820000 1.00000000000004174439
13.830000 1.00000000000004174439
13.840000 1.00000000000004174439
13.850000 1.00000000000004174439
13.860000 1.00000000000004174439
13.870000 1.00000000000004174439
13.880000 1.00000000000004174439
13.890000 1.00000000000004174439
13.900000 1.00000000000004174439
13.910000 1.00000000000004152234
13.920000 1.00000000000004152234
13.930000 1.00000000000004152234
13.940000 1.00000000000004152234
13.950000 1.00000000000004174439
13.960000 1.00000000000004174439
13.970000 1.00000000000004174439
13.980000 1.00000000000004152234
13.990000 1.00000000000004152234
14.000000 1.00000000000004152234
14.010000 1.00000000000004174439
14.020000 1.00000000000004174439
14.030000 1.00000000000004152234
14.040000 1.00000000000004152234
14.050000 1.00000000000004152234
14.060000 1.00000000000004152234
14.070000 1.00000000000004174439
14.080000 1.00000000000004174439
14.090000 1.00000000000004152234
14.100000 1.00000000000004152234
14.110000 1.00000000000004152234
14.120000 1.00000000000004174439
14.130000 1.00000000000004174439
14.140000 1.00000000000004174439
14.150000 1.00000000000004174439
14.160000 1.00000000000004174439
14.170000 1.00000000000004174439
14.180000 1.00000000000004152234
14.190000 1.00000000000004152234
14.200000 1.00000000000004174439
14.210000 1.00000000000004174439
14.220000 1.00000000000004174439
14.230000 1.00000000000004152234
14.240000 1.00000000000004152234
14.250000 1.00000000000004152234
14.260000 1.00000000000004174439
14.270000 1.00000000000004152234
14.280000 1.00000000000004152234
14.290000 1.00000000000004152234
14.300000 1.00000000000004152234
14.310000 1.00000000000004152234
14.320000 1.00000000000004152234
14.330000 1.00000000000004174439
14.340000 1.00000000000004174439
14.350000 1.00000000000004152234
14.360000 1.00000000000004152234
14.370000 1.00000000000004174439
14.380000 1.00000000000004174439
14.390000 1.00000000000004152234
14.400000 1.00000000000004174439
14.410000 1.00000000000004152234
14.420000 1.00000000000004152234
14.430000 1.00000000000004174439
14.440000 1.00000000000004174439
14.450000 1.00000000000004152234
14.460000 1.00000000000004152234
14.470000 1.00000000000004152234
14.480000 1.00000000000004174439
14.490000 1.00000000000004174439
14.500000 1.00000000000004174439
14.510000 1.00000000000004174439
14.520000 1.00000000000004174439
14.530000 1.00000000000004174439
14.540000 1.00000000000004174439
14.550000 1.00000000000004152234
14.560000 1.00000000000004174439
14.570000 1.00000000000004174439
14.580000 1.00000000000004174439
14.590000 1.00000000000004152234
14.600000 1.00000000000004152234
14.610000 1.00000000000004152234
14.620000 1.00000000000004174439
14.630000 1.00000000000004152234
14.640000 1.00000000000004152234
14.650000 1.00000000000004152234
14.660000 1.00000000000004152234
14.670000 1.00000000000004174439
14.680000 1.00000000000004174439
14.690000 1.00000000000004152234
14.700000 1.00000000000004152234
14.710000 1.00000000000004152234
14.720000 1.00000000000004152234
14.730000 1.00000000000004174439
14.740000 1.00000000000004174439
14.750000 1.00000000000004174439
14.760000 1.00000000000004174439
14.770000 1.00000000000004152234
14.780000 1.00000000000004174439
14.790000 1.00000000000004174439
14.800000 1.00000000000004174439
14.810000 1.00000000000004174439
14.820000 1.00000000000004152234
14.830000 1.00000000000004152234
14.840000 1.00000000000004152234
14.850000 1.00000000000004152234
14.860000 1.00000000000004152234
14.870000 1.00000000000004174439
14.880000 1.00000000000004174439
14.890000 1.00000000000004152234
14.900000 1.00000000000004152234
14.910000 1.00000000000004152234
14.920000 1.00000000000004174439
14.930000 1.00000000000004174439
14.940000 1.00000000000004152234
14.950000 1.00000000000004152234
14.960000 1.00000000000004152234
14.970000 1.00000000000004152234
14.980000 1.00000000000004174439
14.990000 1.00000000000004152234
15.000000 1.00000000000004174439
15.010000 1.00000000000004174439
15.020000 1.00000000000004152234
15.030000 1.00000000000004174439
15.040000 1.00000000000004174439
15.050000 1.00000000000004152234
15.060000 1.00000000000004174439
15.070000 1.00000000000004152234
15.080000 1.00000000000004152234
15.090000 1.00000000000004174439
15.100000 1.00000000000004152234
15.110000 1.00000000000004174439
15.120000 1.00000000000004152234
15.130000 1.00000000000004152234
15.140000 1.00000000000004152234
15.150000 1.00000000000004174439
15.160000 1.00000000000004152234
15.170000 1.00000000000004152234
15.180000 1.00000000000004152234
15.190000 1.00000000000004152234
15.200000 1.00000000000004152234
15.210000 1.00000000000004152234
15.220000 1.00000000000004174439
15.230000 1.00000000000004152234
15.240000 1.00000000000004152234
15.250000 1.00000000000004152234
15.260000 1.00000000000004152234
15.270000 1.00000000000004152234
15.280000 1.00000000000004174439
15.290000 1.00000000000004152234
15.300000 1.00000000000004174439
15.310000 1.00000000000004174439
15.320000 1.00000000000004152234
15.330000 1.00000000000004174439
15.340000 1.00000000000004174439
15.350000 1.00000000000004174439
15.360000 1.00000000000004174439
15.370000 1.00000000000004152234
15.380000 1.00000000000004174439
15.390000 1.00000000000004174439
15.400000 1.00000000000004174439
15.410000 1.00000000000004174439
15.420000 1.00000000000004174439
15.430000 1.00000000000004174439
15.440000 1.00000000000004152234
15.450000 1.00000000000004174439
15.460000 1.00000000000004174439
15.470000 1.00000000000004174439
15.480000 1.00000000000004152234
15.490000 1.00000000000004152234
15.500000 1.00000000000004152234
15.510000 1.00000000000004152234
15.520000 1.00000000000004152234
15.530000 1.00000000000004152234
15.540000 1.00000000000004174439
15.550000 1.00000000000004152234
15.560000 1.00000000000004152234
15.570000 1.00000000000004152234
15.580000 1.00000000000004174439
15.590000 1.00000000000004174439
15.600000 1.00000000000004174439
15.610000 1.00000000000004152234
15.620000 1.00000000000004152234
15.630000 1.00000000000004152234
15.640000 1.00000000000004174439
15.650000 1.00000000000004174439
15.660000 1.00000000000004152234
15.670000 1.00000000000004152234
15.680000 1.00000000000004152234
15.690000 1.00000000000004152234
15.700000 1.00000000000004174439
15.710000 1.00000000000004174439
15.720000 1.00000000000004174439
15.730000 1.00000000000004152234
15.740000 1.00000000000004152234
15.750000 1.00000000000004152234
15.760000 1.00000000000004152234
15.770000 1.00000000000004152234
15.780000 1.00000000000004152234
15.790000 1.00000000000004174439
15.800000 1.00000000000004152234
15.810000 1.00000000000004174439
15.820000 1.00000000000004152234
15.830000 1.00000000000004152234
15.840000 1.00000000000004152234
15.850000 1.00000000000004152234
15.860000 1.00000000000004152234
15.870000 1.00000000000004152234
15.880000 1.00000000000004174439
15.890000 1.00000000000004174439
15.900000 1.00000000000004152234
15.910000 1.00000000000004130030
15.920000 1.00000000000004107825
15.930000 1.00000000000004085621
15.940000 1.00000000000004085621
15.950000 1.00000000000004019007
15.960000 1.00000000000003996803
15.970000 1.00000000000003930190
15.980000 1.00000000000003863576
15.990000 1.00000000000003841372
16.000000 1.00000000000003774758
16.010000 1.00000000000003730349
16.020000 1.00000000000003685940
16.030000 1.00000000000003619327
16.040000 1.00000000000003530509
16.050000 1.00000000000003486100
16.060000 1.00000000000003397282
16.070000 1.00000000000003330669
16.080000 1.00000000000003264056
16.090000 1.00000000000003197442
16.100000 1.00000000000003108624
16.110000 1.00000000000003064216
16.120000 1.00000000000003019807
16.130000 1.00000000000002975398
16.140000 1.00000000000002886580
16.150000 1.00000000000002842171
16.160000 1.00000000000002797762
16.170000 1.00000000000002753353
16.180000 1.00000000000002708944
16.190000 1.00000000000002664535
16.200000 1.00000000000002620126
16.210000 1.00000000000002575717
16.220000 1.00000000000002575717
16.230000 1.00000000000002509104
16.240000 1.00000000000002486900
16.250000 1.00000000000002442491
16.260000 1.00000000000002398082
16.270000 1.00000000000002353673
16.280000 1.00000000000002309264
16.290000 1.00000000000002264855
16.300000 1.00000000000002220446
16.310000 1.00000000000002131628
16.320000 1.00000000000002109424
16.330000 1.00000000000002042810
16.340000 1.00000000000001998401
16.350000 1.00000000000001931788
16.360000 1.00000000000001887379
16.370000 1.00000000000001820766
16.380000 1.00000000000001754152
16.390000 1.00000000000001709743
16.400000 1.00000000000001643130
16.410000 1.00000000000001576517
16.420000 1.00000000000001509903
16.430000 1.00000000000001465494
16.440000 1.00000000000001376677
16.450000 1.00000000000001354472
16.460000 1.00000000000001287859
16.470000 1.00000000000001243450
16.480000 1.00000000000001176836
16.490000 1.00000000000001154632
16.500000 1.00000000000001088019
16.510000 1.00000000000001065814
16.520000 1.00000000000001021405
16.530000 1.00000000000000976996
16.540000 1.00000000000000954792
16.550000 1.00000000000000888178
16.560000 1.00000000000000865974
16.570000 1.00000000000000821565
16.580000 1.00000000000000799361
16.590000 1.00000000000000777156
16.600000 1.00000000000000710543
16.610000 1.00000000000000710543
16.620000 1.00000000000000710543
16.630000 1.00000000000000666134
16.640000 1.00000000000000643929
16.650000 1.00000000000000621725
16.660000 1.00000000000000599520
16.670000 1.00000000000000577316
16.680000 1.00000000000000555112
16.690000 1.00000000000000532907
16.700000 1.00000000000000510703
16.710000 1.00000000000000488498
16.720000 1.00000000000000488498
16.730000 1.00000000000000466294
16.740000 1.00000000000000444089
16.750000 1.00000000000000444089
16.760000 1.00000000000000444089
16.770000 1.00000000000000421885
16.780000 1.00000000000000421885
16.790000 1.00000000000000421885
16.800000 1.00000000000000399680
16.810000 1.00000000000000421885
16.820000 1.00000000000000399680
16.830000 1.00000000000000377476
16.840000 1.00000000000000377476
16.850000 1.00000000000000377476
16.860000 1.00000000000000377476
16.870000 1.00000000000000355271
16.880000 1.00000000000000355271
16.890000 1.00000000000000355271
16.900000 1.00000000000000310862
16.910000 1.00000000000000333067
16.920000 1.00000000000000310862
16.930000 1.00000000000000288658
16.940000 1.00000000000000266454
16.950000 1.00000000000000266454
16.960000 1.00000000000000222045
16.970000 1.00000000000000199840
16.980000 1.00000000000000199840
16.990000 1.00000000000000177636
17.000000 1.00000000000000155431
17.010000 1.00000000000000155431
17.020000 1.00000000000000133227
17.030000 1.00000000000000111022
17.040000 1.00000000000000088818
17.050000 1.00000000000000111022
17.060000 1.00000000000000088818
17.070000 1.00000000000000066613
17.080000 1.00000000000000066613
17.090000 1.00000000000000044409
17.100000 1.00000000000000044409
17.110000 1.00000000000000022204
17.120000 1.00000000000000022204
17.130000 1.00000000000000022204
17.140000 1.00000000000000000000
17.150000 1.00000000000000022204
17.160000 1.00000000000000000000
17.170000 1.00000000000000000000
17.180000 1.00000000000000000000
17.190000 1.00000000000000000000
17.200000 1.00000000000000000000
17.210000 1.00000000000000000000
17.220000 1.00000000000000000000
17.230000 1.00000000000000000000
17.240000 1.00000000000000000000
17.250000 0.99999999999999988898
17.260000 1.00000000000000000000
17.270000 1.00000000000000000000
17.280000 0.99999999999999988898
17.290000 1.00000000000000000000
17.300000 1.00000000000000000000
17.310000 1.00000000000000000000
17.320000 1.00000000000000000000
17.330000 1.00000000000000000000
17.340000 1.00000000000000000000
17.350000 1.00000000000000000000
17.360000 1.00000000000000000000
17.370000 0.99999999999999988898
17.380000 1.00000000000000000000
17.390000 1.00000000000000000000
17.400000 1.00000000000000000000
17.410000 1.00000000000000000000
17.420000 0.99999999999999988898
17.430000 1.00000000000000000000
17.440000 1.00000000000000000000
17.450000 1.00000000000000000000
17.460000 1.00000000000000000000
17.470000 1.00000000000000000000
17.480000 1.00000000000000000000
17.490000 1.00000000000000000000
17.500000 1.00000000000000000000
17.510000 1.00000000000000000000
17.520000 1.00000000000000000000
17.530000 0.99999999999999988898
17.540000 1.00000000000000000000
17.550000 1.00000000000000000000
17.560000 1.00000000000000000000
17.570000 1.00000000000000000000
17.580000 1.00000000000000000000
17.590000 1.00000000000000000000
17.600000 1.00000000000000000000
17.610000 1.00000000000000000000
17.620000 0.99999999999999988898
17.630000 1.00000000000000000000
17.640000 0.99999999999999977796
17.650000 1.00000000000000000000
17.660000 1.00000000000000000000
17.670000 0.99999999999999988898
17.680000 1.00000000000000000000
17.690000 1.00000000000000000000
17.700000 1.00000000000000000000
17.710000 1.00000000000000000000
17.720000 1.00000000000000000000
17.730000 1.00000000000000000000
17.740000 1.00000000000000000000
17.750000 1.00000000000000000000
17.760000 1.00000000000000000000
17.770000 1.00000000000000000000
17.780000 0.99999999999999988898
17.790000 1.00000000000000000000
17.800000 1.00000000000000000000
17.810000 1.00000000000000000000
17.820000 0.99999999999999988898
17.830000 1.00000000000000000000
17.840000 1.00000000000000000000
17.850000 1.00000000000000000000
17.860000 1.00000000000000000000
17.870000 1.00000000000000000000
17.880000 1.00000000000000000000
17.890000 0.99999999999999988898
17.900000 1.00000000000000000000
17.910000 1.00000000000000000000
17.920000 0.99999999999999988898
17.930000 1.00000000000000000000
17.940000 1.00000000000000000000
17.950000 1.00000000000000000000
17.960000 1.00000000000000000000
17.970000 1.00000000000000000000
17.980000 1.00000000000000000000
17.990000 1.00000000000000000000
18.000000 1.00000000000000000000
18.010000 1.00000000000000000000
18.020000 1.00000000000000000000
18.030000 0.99999999999999988898
18.040000 1.00000000000000000000
18.050000 1.00000000000000000000
18.060000 1.00000000000000000000
18.070000 0.99999999999999988898
18.080000 1.00000000000000000000
18.090000 1.00000000000000000000
18.100000 1.00000000000000000000
18.110000 1.00000000000000000000
18.120000 0.99999999999999988898
18.130000 1.00000000000000000000
18.140000 0.99999999999999988898
18.150000 0.99999999999999988898
18.160000 1.00000000000000000000
18.170000 0.99999999999999988898
18.180000 1.00000000000000000000
18.190000 1.00000000000000000000
18.200000 1.00000000000000000000
18.210000 1.00000000000000000000
18.220000 1.00000000000000000000
18.230000 1.00000000000000000000
18.240000 1.00000000000000000000
18.250000 0.99999999999999988898
18.260000 0.99999999999999988898
18.270000 1.00000000000000000000
18.280000 0.99999999999999988898
18.290000 1.00000000000000000000
18.300000 1.00000000000000000000
18.310000 1.00000000000000000000
18.320000 0.99999999999999988898
18.330000 1.00000000000000000000
18.340000 1.00000000000000000000
18.350000 1.00000000000000000000
18.360000 1.00000000000000000000
18.370000 0.99999999999999988898
18.380000 1.00000000000000000000
18.390000 1.00000000000000000000
18.400000 0.99999999999999988898
18.410000 1.00000000000000000000
18.420000 0.99999999999999988898
18.430000 1.00000000000000000000
18.440000 1.00000000000000000000
18.450000 1.00000000000000000000
18.460000 1.00000000000000000000
18.470000 1.00000000000000000000
18.480000 0.99999999999999988898
18.490000 1.00000000000000000000
18.500000 1.00000000000000000000
18.510000 1.00000000000000000000
18.520000 1.00000000000000000000
18.530000 0.99999999999999988898
18.540000 1.00000000000000000000
18.550000 1.00000000000000000000
18.560000 1.00000000000000000000
18.570000 0.99999999999999988898
18.580000 1.00000000000000000000
18.590000 1.00000000000000000000
18.600000 1.00000000000000000000
18.610000 1.00000000000000000000
18.620000 0.99999999999999988898
18.630000 1.00000000000000000000
18.640000 0.99999999999999988898
18.650000 0.99999999999999988898
18.660000 1.00000000000000000000
18.670000 0.99999999999999988898
18.680000 0.99999999999999988898
18.690000 1.00000000000000000000
18.700000 1.00000000000000000000
18.710000 1.00000000000000000000
18.720000 1.00000000000000000000
18.730000 1.00000000000000000000
18.740000 1.00000000000000000000
18.750000 1.00000000000000000000
18.760000 0.99999999999999988898
18.770000 1.00000000000000000000
18.780000 0.99999999999999988898
18.790000 1.00000000000000000000
18.800000 1.00000000000000000000
18.810000 1.00000000000000000000
18.820000 1.00000000000000000000
18.830000 1.00000000000000022204
18.840000 1.00000000000000000000
18.850000 1.00000000000000000000
18.860000 1.00000000000000000000
18.870000 0.99999999999999988898
18.880000 1.00000000000000000000
18.890000 0.99999999999999988898
18.900000 0.99999999999999988898
18.910000 1.00000000000000000000
18.920000 1.00000000000000000000
18.930000 1.00000000000000000000
18.940000 1.00000000000000000000
18.950000 1.00000000000000000000
18.960000 1.00000000000000000000
18.970000 1.00000000000000000000
18.980000 0.99999999999999988898
18.990000 1.00000000000000000000
19.000000 1.00000000000000000000
19.010000 0.99999999999999977796
19.020000 1.00000000000000000000
19.030000 0.99999999999999988898
19.040000 1.00000000000000000000
19.050000 1.00000000000000000000
19.060000 1.00000000000000000000
19.070000 1.00000000000000000000
19.080000 1.00000000000000000000
19.090000 1.00000000000000000000
19.100000 1.00000000000000000000
19.110000 1.00000000000000000000
19.120000 0.99999999999999988898
19.130000 1.00000000000000000000
19.140000 1.00000000000000000000
19.150000 0.99999999999999988898
19.160000 1.00000000000000000000
19.170000 1.00000000000000000000
19.180000 1.00000000000000000000
19.190000 1.00000000000000000000
19.200000 1.00000000000000000000
19.210000 1.00000000000000000000
19.220000 1.00000000000000000000
19.230000 0.99999999999999988898
19.240000 1.00000000000000000000
19.250000 1.00000000000000000000
19.260000 1.00000000000000000000
19.270000 1.00000000000000000000
19.280000 1.00000000000000000000
19.290000 1.00000000000000000000
19.300000 1.00000000000000000000
19.310000 1.00000000000000000000
19.320000 1.00000000000000000000
19.330000 1.00000000000000000000
19.340000 1.00000000000000000000
19.350000 1.00000000000000000000
19.360000 1.00000000000000000000
19.370000 0.99999999999999988898
19.380000 1.00000000000000000000
19.390000 1.00000000000000000000
19.400000 0.99999999999999988898
19.410000 1.00000000000000000000
19.420000 1.00000000000000000000
19.430000 1.00000000000000000000
19.440000 1.00000000000000000000
19.450000 1.00000000000000000000
19.460000 1.00000000000000000000
19.470000 1.00000000000000000000
19.480000 0.99999999999999988898
19.490000 1.00000000000000000000
19.500000 1.00000000000000000000
19.510000 0.99999999999999988898
19.520000 1.00000000000000000000
19.530000 1.00000000000000000000
19.540000 1.00000000000000000000
19.550000 1.00000000000000000000
19.560000 1.00000000000000000000
19.570000 1.00000000000000022204
19.580000 1.00000000000000000000
19.590000 1.00000000000000000000
19.600000 1.00000000000000000000
19.610000 1.00000000000000000000
19.620000 0.99999999999999988898
19.630000 1.00000000000000000000
19.640000 1.00000000000000000000
19.650000 0.99999999999999988898
19.660000 1.00000000000000000000
19.670000 1.00000000000000000000
19.680000 1.00000000000000000000
19.690000 1.00000000000000000000
19.700000 1.00000000000000000000
19.710000 1.00000000000000000000
19.720000 1.00000000000000000000
19.730000 0.99999999999999988898
19.740000 1.00000000000000000000
19.750000 1.00000000000000000000
19.760000 0.99999999999999988898
19.770000 1.00000000000000000000
19.780000 1.00000000000000000000
19.790000 1.00000000000000000000
19.800000 1.00000000000000000000
19.810000 1.00000000000000000000
19.820000 1.00000000000000000000
19.830000 1.00000000000000000000
19.840000 1.00000000000000000000
19.850000 1.00000000000000000000
19.860000 1.00000000000000000000
19.870000 0.99999999999999988898
19.880000 1.00000000000000022204
19.890000 1.00000000000000000000
19.900000 0.99999999999999988898
19.910000 0.99999999999999988898
19.920000 1.00000000000000000000
19.930000 1.00000000000000000000
19.940000 1.00000000000000000000
19.950000 1.00000000000000000000
19.960000 1.00000000000000000000
19.970000 1.00000000000000000000
19.980000 0.99999999999999988898
19.990000 1.00000000000000000000
20.000000 1.00000000000000000000
20.010000 0.99999999999999988898
20.020000 1.00000000000000000000
20.030000 1.00000000000000000000
20.040000 1.00000000000000000000
20.050000 1.00000000000000000000
20.060000 1.00000000000000000000
20.070000 1.00000000000000000000
20.080000 1.00000000000000000000
20.090000 1.00000000000000000000
20.100000 1.00000000000000000000
20.110000 1.00000000000000000000
20.120000 0.99999999999999988898
20.130000 1.00000000000000000000
20.140000 1.00000000000000000000
20.150000 0.99999999999999988898
20.160000 0.99999999999999988898
20.170000 1.00000000000000000000
20.180000 1.00000000000000000000
20.190000 1.00000000000000000000
20.200000 1.00000000000000000000
20.210000 1.00000000000000000000
20.220000 1.00000000000000000000
20.230000 0.99999999999999988898
20.240000 0.99999999999999988898
20.250000 1.00000000000000000000
20.260000 0.99999999999999988898
20.270000 1.00000000000000000000
20.280000 1.00000000000000000000
20.290000 1.00000000000000000000
20.300000 1.00000000000000000000
20.310000 1.00000000000000000000
20.320000 1.00000000000000000000
20.330000 1.00000000000000000000
20.340000 1.00000000000000000000
20.350000 0.99999999999999988898
20.360000 1.00000000000000000000
20.370000 0.99999999999999988898
20.380000 1.00000000000000000000
20.390000 1.00000000000000000000
20.400000 0.99999999999999988898
20.410000 0.99999999999999988898
20.420000 1.00000000000000000000
20.430000 1.00000000000000000000
20.440000 1.00000000000000000000
20.450000 1.00000000000000000000
20.460000 1.00000000000000000000
20.470000 1.00000000000000000000
20.480000 0.99999999999999988898
20.490000 0.99999999999999988898
20.500000 1.00000000000000000000
20.510000 0.99999999999999988898
20.520000 1.00000000000000000000
20.530000 1.00000000000000000000
20.540000 1.00000000000000000000
20.550000 1.00000000000000000000
20.560000 1.00000000000000000000
20.570000 0.99999999999999988898
20.580000 1.00000000000000000000
20.590000 1.00000000000000000000
20.600000 0.99999999999999988898
20.610000 1.00000000000000000000
20.620000 0.99999999999999988898
20.630000 1.00000000000000000000
20.640000 1.00000000000000000000
20.650000 1.00000000000000000000
20.660000 0.99999999999999988898
20.670000 1.00000000000000000000
20.680000 1.00000000000000000000
20.690000 1.00000000000000000000
20.700000 1.00000000000000000000
20.710000 0.99999999999999988898
20.720000 1.00000000000000000000
20.730000 0.99999999999999988898
20.740000 0.99999999999999988898
20.750000 1.00000000000000000000
20.760000 1.00000000000000000000
20.770000 1.00000000000000000000
20.780000 1.00000000000000000000
20.790000 1.00000000000000000000
20.800000 1.00000000000000000000
20.810000 1.00000000000000000000
20.820000 0.99999999999999988898
20.830000 1.00000000000000000000
20.840000 1.00000000000000000000
20.850000 0.99999999999999988898
20.860000 1.00000000000000022204
20.870000 1.00000000000000022204
20.880000 1.00000000000000000000
20.890000 1.00000000000000000000
20.900000 1.00000000000000000000
20.910000 0.99999999999999988898
20.920000 1.00000000000000000000
20.930000 1.00000000000000000000
20.940000 1.00000000000000000000
20.950000 1.00000000000000000000
20.960000 0.99999999999999988898
20.970000 1.00000000000000000000
20.980000 1.00000000000000000000
20.990000 0.99999999999999988898
21.000000 0.99999999999999988898
21.010000 1.00000000000000000000
21.020000 1.00000000000000000000
21.030000 1.00000000000000000000
21.040000 1.00000000000000000000
21.050000 1.00000000000000000000
21.060000 1.00000000000000000000
21.070000 0.99999999999999988898
21.080000 1.00000000000000000000
21.090000 1.00000000000000000000
21.100000 0.99999999999999988898
21.110000 1.00000000000000000000
21.120000 1.00000000000000000000
21.130000 1.00000000000000000000
21.140000 1.00000000000000000000
21.150000 1.00000000000000000000
21.160000 0.99999999999999988898
21.170000 1.00000000000000000000
21.180000 1.00000000000000000000
21.190000 1.00000000000000000000
21.200000 1.00000000000000000000
21.210000 0.99999999999999988898
21.220000 1.00000000000000000000
21.230000 1.00000000000000022204
21.240000 0.99999999999999988898
21.250000 1.00000000000000000000
21.260000 1.00000000000000000000
21.270000 1.00000000000000000000
21.280000 1.00000000000000000000
21.290000 1.00000000000000000000
21.300000 1.00000000000000000000
21.310000 1.00000000000000000000
21.320000 0.99999999999999988898
21.330000 1.00000000000000000000
21.340000 1.00000000000000000000
21.350000 0.99999999999999988898
21.360000 1.00000000000000000000
21.370000 1.00000000000000000000
21.380000 1.00000000000000000000
21.390000 1.00000000000000000000
21.400000 1.00000000000000000000
21.410000 0.99999999999999988898
21.420000 1.00000000000000000000
21.430000 1.00000000000000000000
21.440000 1.00000000000000000000
21.450000 1.00000000000000000000
21.460000 0.99999999999999988898
21.470000 1.00000000000000000000
21.480000 0.99999999999999988898
21.490000 0.99999999999999988898
21.500000 1.00000000000000000000
21.510000 1.00000000000000000000
21.520000 1.00000000000000000000
21.530000 1.00000000000000000000
21.540000 1.00000000000000000000
21.550000 1.00000000000000000000
21.560000 1.00000000000000000000
21.570000 0.99999999999999988898
21.580000 1.00000000000000000000
21.590000 1.00000000000000000000
21.600000 0.99999999999999988898
21.610000 1.00000000000000000000
21.620000 1.00000000000000000000
21.630000 1.00000000000000000000
21.640000 1.00000000000000000000
21.650000 1.00000000000000000000
21.660000 0.99999999999999988898
21.670000 1.00000000000000000000
21.680000 1.00000000000000000000
21.690000 1.00000000000000000000
21.700000 1.00000000000000000000
21.710000 0.99999999999999988898
21.720000 1.00000000000000000000
21.730000 1.00000000000000000000
21.740000 0.99999999999999988898
21.750000 1.00000000000000000000
21.760000 1.00000000000000000000
21.770000 1.00000000000000000000
21.780000 1.00000000000000000000
21.790000 1.00000000000000000000
21.800000 1.00000000000000000000
21.810000 1.00000000000000000000
21.820000 0.99999999999999988898
21.830000 1.00000000000000000000
21.840000 1.00000000000000000000
21.850000 0.99999999999999988898
21.860000 0.99999999999999988898
21.870000 1.00000000000000000000
21.880000 1.00000000000000000000
21.890000 1.00000000000000000000
21.900000 1.00000000000000000000
21.910000 0.99999999999999988898
21.920000 1.00000000000000000000
21.930000 1.00000000000000000000
21.940000 1.00000000000000000000
21.950000 1.00000000000000000000
21.960000 0.99999999999999988898
21.970000 1.00000000000000000000
21.980000 1.00000000000000000000
21.990000 0.99999999999999988898
22.000000 1.00000000000000000000
22.010000 1.00000000000000000000
22.020000 1.00000000000000000000
22.030000 1.00000000000000000000
22.040000 1.00000000000000000000
22.050000 1.00000000000000000000
22.060000 1.00000000000000000000
22.070000 0.99999999999999988898
22.080000 1.00000000000000000000
22.090000 1.00000000000000000000
22.100000 0.99999999999999988898
22.110000 1.00000000000000000000
22.120000 1.00000000000000000000
22.130000 1.00000000000000000000
22.140000 1.00000000000000000000
22.150000 0.99999999999999988898
22.160000 0.99999999999999988898
22.170000 1.00000000000000000000
22.180000 1.00000000000000000000
22.190000 0.99999999999999988898
22.200000 1.00000000000000000000
22.210000 0.99999999999999988898
22.220000 1.00000000000000000000
22.230000 1.00000000000000000000
22.240000 0.99999999999999988898
22.250000 1.00000000000000000000
22.260000 1.00000000000000000000
22.270000 1.00000000000000000000
22.280000 1.00000000000000000000
22.290000 1.00000000000000000000
22.300000 0.99999999999999988898
22.310000 1.00000000000000000000
22.320000 0.99999999999999988898
22.330000 1.00000000000000000000
22.340000 1.00000000000000000000
22.350000 0.99999999999999988898
22.360000 1.00000000000000000000
22.370000 1.00000000000000000000
22.380000 1.00000000000000000000
22.390000 1.00000000000000000000
22.400000 1.00000000000000000000
22.410000 0.99999999999999988898
22.420000 1.00000000000000000000
22.430000 1.00000000000000000000
22.440000 0.99999999999999988898
22.450000 1.00000000000000000000
22.460000 0.99999999999999988898
22.470000 1.00000000000000000000
22.480000 1.00000000000000000000
22.490000 0.99999999999999988898
22.500000 1.00000000000000000000
22.510000 1.00000000000000000000
22.520000 0.99999999999999988898
22.530000 1.00000000000000000000
22.540000 1.00000000000000000000
22.550000 0.99999999999999988898
22.560000 1.00000000000000000000
22.570000 0.99999999999999988898
22.580000 0.99999999999999988898
22.590000 1.00000000000000000000
22.600000 0.99999999999999988898
22.610000 1.00000000000000000000
22.620000 0.99999999999999988898
22.630000 1.00000000000000000000
22.640000 1.00000000000000000000
22.650000 1.00000000000000000000
22.660000 0.99999999999999988898
22.670000 1.00000000000000000000
22.680000 1.00000000000000000000
22.690000 0.99999999999999988898
22.700000 1.00000000000000000000
22.710000 0.99999999999999988898
22.720000 1.00000000000000000000
22.730000 1.00000000000000000000
22.740000 1.00000000000000000000
22.750000 1.00000000000000000000
22.760000 1.00000000000000000000
22.770000 0.99999999999999988898
22.780000 1.00000000000000000000
22.790000 1.00000000000000000000
22.800000 0.99999999999999988898
22.810000 1.00000000000000000000
22.820000 0.99999999999999988898
22.830000 0.99999999999999988898
22.840000 1.00000000000000000000
22.850000 1.00000000000000000000
22.860000 1.00000000000000000000
22.870000 1.00000000000000000000
22.880000 1.00000000000000022204
22.890000 1.00000000000000000000
22.900000 1.00000000000000000000
22.910000 0.99999999999999988898
22.920000 1.00000000000000000000
22.930000 1.00000000000000000000
22.940000 0.99999999999999988898
22.950000 1.00000000000000000000
22.960000 1.00000000000000000000
22.970000 1.00000000000000000000
22.980000 1.00000000000000000000
22.990000 1.00000000000000000000
23.000000 0.99999999999999988898
23.010000 1.00000000000000000000
23.020000 1.00000000000000000000
23.030000 1.00000000000000022204
23.040000 1.00000000000000000000
23.050000 0.99999999999999988898
23.060000 1.00000000000000000000
23.070000 1.00000000000000000000
23.080000 0.99999999999999988898
23.090000 1.00000000000000000000
23.100000 1.00000000000000000000
23.110000 1.00000000000000000000
23.120000 1.00000000000000000000
23.130000 1.00000000000000000000
23.140000 1.00000000000000000000
23.150000 1.00000000000000000000
23.160000 0.99999999999999988898
23.170000 1.00000000000000000000
23.180000 1.00000000000000000000
23.190000 0.99999999999999988898
23.200000 1.00000000000000000000
23.210000 1.00000000000000000000
23.220000 1.00000000000000000000
23.230000 1.00000000000000000000
23.240000 1.00000000000000000000
23.250000 0.99999999999999988898
23.260000 1.00000000000000000000
23.270000 1.00000000000000000000
23.280000 1.00000000000000000000
23.290000 1.00000000000000000000
23.300000 0.99999999999999988898
23.310000 1.00000000000000000000
23.320000 1.00000000000000000000
23.330000 0.99999999999999988898
23.340000 1.00000000000000000000
23.350000 1.00000000000000000000
23.360000 1.00000000000000000000
23.370000 1.00000000000000000000
23.380000 1.00000000000000000000
23.390000 1.00000000000000000000
23.400000 1.00000000000000000000
23.410000 0.99999999999999977796
23.420000 1.00000000000000000000
23.430000 1.00000000000000000000
23.440000 0.99999999999999988898
23.450000 1.00000000000000000000
23.460000 1.00000000000000000000
23.470000 1.00000000000000000000
23.480000 1.00000000000000000000
23.490000 1.00000000000000000000
23.500000 0.99999999999999988898
23.510000 1.00000000000000000000
23.520000 0.99999999999999988898
23.530000 1.00000000000000000000
23.540000 1.00000000000000000000
23.550000 0.99999999999999988898
23.560000 1.00000000000000000000
23.570000 1.00000000000000000000
23.580000 0.99999999999999988898
23.590000 1.00000000000000000000
23.600000 1.00000000000000000000
23.610000 1.00000000000000000000
23.620000 1.00000000000000000000
23.630000 1.00000000000000000000
23.640000 1.00000000000000000000
23.650000 0.99999999999999988898
23.660000 0.99999999999999988898
23.670000 1.00000000000000000000
23.680000 1.00000000000000000000
23.690000 0.99999999999999988898
23.700000 1.00000000000000000000
23.710000 1.00000000000000000000
23.720000 1.00000000000000000000
23.730000 1.00000000000000000000
23.740000 1.00000000000000000000
23.750000 1.00000000000000000000
23.760000 1.00000000000000000000
23.770000 1.00000000000000000000
23.780000 1.00000000000000000000
23.790000 1.00000000000000000000
23.800000 0.99999999999999988898
23.810000 1.00000000000000000000
23.820000 1.00000000000000000000
23.830000 0.99999999999999988898
23.840000 1.00000000000000000000
23.850000 1.00000000000000000000
23.860000 1.00000000000000000000
23.870000 1.00000000000000000000
23.880000 1.00000000000000000000
23.890000 1.00000000000000000000
23.900000 1.00000000000000000000
23.910000 0.99999999999999988898
23.920000 1.00000000000000000000
23.930000 1.00000000000000000000
23.940000 0.99999999999999988898
23.950000 0.99999999999999988898
23.960000 1.00000000000000000000
23.970000 1.00000000000000000000
23.980000 1.00000000000000000000
23.990000 1.00000000000000000000
24.000000 0.99999999999999988898
24.010000 1.00000000000000000000
24.020000 0.99999999999999988898
24.030000 1.00000000000000000000
24.040000 1.00000000000000000000
24.050000 0.99999999999999988898
24.060000 1.00000000000000000000
24.070000 1.00000000000000000000
24.080000 0.99999999999999988898
24.090000 1.00000000000000000000
24.100000 1.00000000000000000000
24.110000 1.00000000000000000000
24.120000 1.00000000000000000000
24.130000 1.00000000000000000000
24.140000 1.00000000000000000000
24.150000 1.00000000000000000000
24.160000 0.99999999999999988898
24.170000 1.00000000000000000000
24.180000 1.00000000000000000000
24.190000 0.99999999999999988898
24.200000 0.99999999999999988898
24.210000 1.00000000000000000000
24.220000 1.00000000000000000000
24.230000 1.00000000000000000000
24.240000 1.00000000000000000000
24.250000 0.99999999999999988898
24.260000 1.00000000000000000000
24.270000 0.99999999999999988898
24.280000 0.99999999999999988898
24.290000 1.00000000000000000000
24.300000 0.99999999999999988898
24.310000 1.00000000000000000000
24.320000 1.00000000000000000000
24.330000 0.99999999999999988898
24.340000 1.00000000000000000000
24.350000 1.00000000000000000000
24.360000 1.00000000000000000000
24.370000 1.00000000000000022204
24.380000 1.00000000000000000000
24.390000 0.99999999999999988898
24.400000 1.00000000000000000000
24.410000 0.99999999999999988898
24.420000 1.00000000000000000000
24.430000 1.00000000000000000000
24.440000 0.99999999999999988898
24.450000 0.99999999999999988898
24.460000 1.00000000000000000000
24.470000 1.00000000000000000000
24.480000 1.00000000000000000000
24.490000 0.99999999999999988898
24.500000 0.99999999999999988898
24.510000 1.00000000000000000000
24.520000 1.00000000000000000000
24.530000 0.99999999999999988898
24.540000 1.00000000000000000000
24.550000 0.99999999999999988898
24.560000 1.00000000000000000000
24.570000 1.00000000000000000000
24.580000 0.99999999999999977796
24.590000 1.00000000000000000000
24.600000 1.00000000000000000000
24.610000 0.99999999999999988898
24.620000 1.00000000000000000000
24.630000 1.00000000000000000000
24.640000 0.99999999999999988898
24.650000 1.00000000000000000000
24.660000 0.99999999999999988898
24.670000 1.00000000000000000000
24.680000 1.00000000000000000000
24.690000 0.99999999999999988898
24.700000 0.99999999999999988898
24.710000 1.00000000000000000000
24.720000 1.00000000000000000000
24.730000 1.00000000000000000000
24.740000 1.00000000000000000000
24.750000 0.99999999999999988898
24.760000 1.00000000000000000000
24.770000 1.00000000000000000000
24.780000 0.99999999999999977796
24.790000 1.00000000000000000000
24.800000 0.99999999999999988898
24.810000 1.00000000000000000000
24.820000 1.00000000000000000000
24.830000 1.00000000000000000000
24.840000 1.00000000000000000000
24.850000 1.00000000000000000000
24.860000 0.99999999999999988898
24.870000 1.00000000000000000000
24.880000 1.00000000000000000000
24.890000 0.99999999999999988898
24.900000 1.00000000000000000000
24.910000 0.99999999999999988898
24.920000 1.00000000000000000000
24.930000 1.00000000000000000000
24.940000 1.00000000000000000000
24.950000 1.00000000000000000000
24.960000 1.00000000000000000000
24.970000 1.00000000000000000000
24.980000 1.00000000000000000000
24.990000 1.00000000000000000000
25.000000 0.99999999999999988898
25.010000 1.00000000000000000000
25.020000 0.99999999999999988898
25.030000 0.99999999999999988898
25.040000 1.00000000000000000000
25.050000 1.00000000000000000000
25.060000 1.00000000000000000000
25.070000 1.00000000000000000000
25.080000 1.00000000000000000000
25.090000 1.00000000000000000000
25.100000 0.99999999999999988898
25.110000 1.00000000000000000000
25.120000 1.00000000000000000000
25.130000 1.00000000000000000000
25.140000 0.99999999999999988898
25.150000 1.00000000000000000000
25.160000 1.00000000000000000000
25.170000 1.00000000000000000000
25.180000 1.00000000000000000000
25.190000 1.00000000000000000000
25.200000 1.00000000000000000000
25.210000 1.00000000000000000000
25.220000 1.00000000000000000000
25.230000 1.00000000000000000000
25.240000 1.00000000000000000000
25.250000 0.99999999999999988898
25.260000 1.00000000000000000000
25.270000 1.00000000000000000000
25.280000 0.99999999999999988898
25.290000 1.00000000000000000000
25.300000 1.00000000000000000000
25.310000 1.00000000000000000000
25.320000 1.00000000000000000000
25.330000 1.00000000000000000000
25.340000 1.00000000000000000000
25.350000 1.00000000000000000000
25.360000 0.99999999999999988898
25.370000 1.00000000000000000000
25.380000 1.00000000000000000000
25.390000 1.00000000000000000000
25.400000 1.00000000000000000000
25.410000 1.00000000000000000000
25.420000 1.00000000000000000000
25.430000 1.00000000000000000000
25.440000 1.00000000000000000000
25.450000 1.00000000000000000000
25.460000 1.00000000000000000000
25.470000 1.00000000000000000000
25.480000 1.00000000000000000000
25.490000 1.00000000000000000000
25.500000 1.00000000000000000000
25.510000 1.00000000000000000000
25.520000 1.00000000000000000000
25.530000 0.99999999999999988898
25.540000 1.00000000000000000000
25.550000 1.00000000000000000000
25.560000 1.00000000000000000000
25.570000 1.00000000000000000000
25.580000 1.00000000000000000000
25.590000 1.00000000000000000000
25.600000 1.00000000000000000000
25.610000 0.99999999999999988898
25.620000 1.00000000000000000000
25.630000 1.00000000000000000000
25.640000 0.99999999999999988898
25.650000 1.00000000000000000000
25.660000 1.00000000000000000000
25.670000 1.00000000000000000000
25.680000 1.00000000000000000000
25.690000 1.00000000000000000000
25.700000 1.00000000000000000000
25.710000 1.00000000000000000000
25.720000 1.00000000000000000000
25.730000 1.00000000000000000000
25.740000 0.99999999999999988898
25.750000 1.00000000000000000000
25.760000 1.00000000000000000000
25.770000 1.00000000000000000000
25.780000 0.99999999999999988898
25.790000 1.00000000000000000000
25.800000 1.00000000000000000000
25.810000 1.00000000000000000000
25.820000 1.00000000000000000000
25.830000 1.00000000000000000000
25.840000 1.00000000000000000000
25.850000 1.00000000000000000000
25.860000 0.99999999999999988898
25.870000 1.00000000000000000000
25.880000 1.00000000000000000000
25.890000 0.99999999999999988898
25.900000 1.00000000000000000000
25.910000 1.00000000000000000000
25.920000 0.99999999999999988898
25.930000 1.00000000000000000000
25.940000 1.00000000000000000000
25.950000 1.00000000000000000000
25.960000 1.00000000000000000000
25.970000 1.00000000000000000000
25.980000 1.00000000000000000000
25.990000 1.00000000000000000000
26.000000 0.99999999999999988898
26.010000 0.99999999999999988898
26.020000 1.00000000000000000000
26.030000 0.99999999999999988898
26.040000 0.99999999999999988898
26.050000 1.00000000000000000000
26.060000 1.00000000000000000000
26.070000 1.00000000000000000000
26.080000 1.00000000000000000000
26.090000 1.00000000000000000000
26.100000 1.00000000000000000000
26.110000 1.00000000000000000000
26.120000 1.00000000000000000000
26.130000 1.00000000000000000000
26.140000 0.99999999999999988898
26.150000 1.00000000000000000000
26.160000 1.00000000000000000000
26.170000 0.99999999999999988898
26.180000 1.00000000000000000000
26.190000 1.00000000000000000000
26.200000 1.00000000000000000000
26.210000 1.00000000000000000000
26.220000 1.00000000000000000000
26.230000 1.00000000000000000000
26.240000 1.00000000000000000000
26.250000 0.99999999999999988898
26.260000 1.00000000000000000000
26.270000 1.00000000000000000000
26.280000 0.99999999999999988898
26.290000 1.00000000000000000000
26.300000 1.00000000000000000000
26.310000 1.00000000000000000000
26.320000 1.00000000000000000000
26.330000 1.00000000000000000000
26.340000 0.99999999999999988898
26.350000 1.00000000000000000000
26.360000 0.99999999999999988898
26.370000 0.99999999999999988898
26.380000 1.00000000000000000000
26.390000 0.99999999999999988898
26.400000 1.00000000000000000000
26.410000 1.00000000000000000000
26.420000 0.99999999999999988898
26.430000 1.00000000000000000000
26.440000 1.00000000000000000000
26.450000 1.00000000000000000000
26.460000 1.00000000000000000000
26.470000 1.00000000000000000000
26.480000 1.00000000000000000000
26.490000 1.00000000000000000000
26.500000 0.99999999999999988898
26.510000 1.00000000000000000000
26.520000 1.00000000000000000000
26.530000 0.99999999999999977796
26.540000 0.99999999999999988898
26.550000 1.00000000000000000000
26.560000 1.00000000000000000000
26.570000 1.00000000000000000000
26.580000 1.00000000000000000000
26.590000 0.99999999999999988898
26.600000 1.00000000000000000000
26.610000 0.99999999999999988898
26.620000 0.99999999999999988898
26.630000 1.00000000000000022204
26.640000 0.99999999999999988898
26.650000 1.00000000000000000000
26.660000 1.00000000000000000000
26.670000 0.99999999999999988898
26.680000 1.00000000000000000000
26.690000 1.00000000000000000000
26.700000 0.99999999999999988898
26.710000 1.00000000000000000000
26.720000 1.00000000000000000000
26.730000 0.99999999999999988898
26.740000 1.00000000000000000000
26.750000 0.99999999999999988898
26.760000 1.00000000000000000000
26.770000 1.00000000000000022204
26.780000 0.99999999999999988898
26.790000 0.99999999999999988898
26.800000 1.00000000000000000000
26.810000 1.00000000000000000000
26.820000 1.00000000000000000000
26.830000 1.00000000000000000000
26.840000 1.00000000000000000000
26.850000 1.00000000000000000000
26.860000 1.00000000000000000000
26.870000 0.99999999999999988898
26.880000 1.00000000000000000000
26.890000 0.99999999999999988898
26.900000 1.00000000000000000000
26.910000 1.00000000000000000000
26.920000 1.00000000000000000000
26.930000 1.00000000000000000000
26.940000 1.00000000000000000000
26.950000 1.00000000000000000000
26.960000 1.00000000000000000000
26.970000 1.00000000000000000000
26.980000 0.99999999999999988898
26.990000 1.00000000000000022204
27.000000 0.99999999999999988898
27.010000 1.00000000000000000000
27.020000 1.00000000000000000000
27.030000 1.00000000000000000000
27.040000 0.99999999999999988898
27.050000 1.00000000000000000000
27.060000 1.00000000000000000000
27.070000 1.00000000000000000000
27.080000 1.00000000000000000000
27.090000 0.99999999999999988898
27.100000 1.00000000000000000000
27.110000 1.00000000000000022204
27.120000 0.99999999999999988898
27.130000 1.00000000000000000000
27.140000 1.00000000000000000000
27.150000 1.00000000000000000000
27.160000 1.00000000000000000000
27.170000 1.00000000000000000000
27.180000 1.00000000000000000000
27.190000 1.00000000000000000000
27.200000 1.00000000000000000000
27.210000 1.00000000000000000000
27.220000 1.00000000000000000000
27.230000 0.99999999999999977796
27.240000 1.00000000000000000000
27.250000 1.00000000000000000000
27.260000 1.00000000000000000000
27.270000 1.00000000000000000000
27.280000 1.00000000000000000000
27.290000 0.99999999999999988898
27.300000 1.00000000000000000000
27.310000 1.00000000000000000000
27.320000 1.00000000000000000000
27.330000 1.00000000000000000000
27.340000 0.99999999999999988898
27.350000 1.00000000000000000000
27.360000 1.00000000000000000000
27.370000 0.99999999999999988898
27.380000 1.00000000000000000000
27.390000 1.00000000000000000000
27.400000 1.00000000000000000000
27.410000 1.00000000000000000000
27.420000 1.00000000000000000000
27.430000 1.00000000000000000000
27.440000 1.00000000000000000000
27.450000 0.99999999999999988898
27.460000 1.00000000000000000000
27.470000 1.00000000000000000000
27.480000 0.99999999999999988898
27.490000 1.00000000000000000000
27.500000 1.00000000000000000000
27.510000 1.00000000000000000000
27.520000 1.00000000000000000000
27.530000 1.00000000000000000000
27.540000 1.00000000000000000000
27.550000 1.00000000000000000000
27.560000 1.00000000000000000000
27.570000 1.00000000000000000000
27.580000 1.00000000000000000000
27.590000 0.99999999999999988898
27.600000 1.00000000000000000000
27.610000 1.00000000000000000000
27.620000 0.99999999999999988898
27.630000 1.00000000000000000000
27.640000 1.00000000000000000000
27.650000 1.00000000000000000000
27.660000 1.00000000000000000000
27.670000 1.00000000000000000000
27.680000 1.00000000000000000000
27.690000 1.00000000000000000000
27.700000 0.99999999999999988898
27.710000 1.00000000000000000000
27.720000 1.00000000000000000000
27.730000 0.99999999999999988898
27.740000 1.00000000000000000000
27.750000 1.00000000000000000000
27.760000 1.00000000000000000000
27.770000 1.00000000000000000000
27.780000 1.00000000000000000000
27.790000 1.00000000000000000000
27.800000 1.00000000000000000000
27.810000 1.00000000000000000000
27.820000 1.00000000000000000000
27.830000 1.00000000000000000000
27.840000 0.99999999999999988898
27.850000 1.00000000000000000000
27.860000 1.00000000000000000000
27.870000 0.99999999999999988898
27.880000 1.00000000000000000000
27.890000 1.00000000000000000000
27.900000 1.00000000000000000000
27.910000 1.00000000000000000000
27.920000 1.00000000000000000000
27.930000 1.00000000000000000000
27.940000 1.00000000000000000000
27.950000 0.99999999999999977796
27.960000 1.00000000000000000000
27.970000 1.00000000000000000000
27.980000 0.99999999999999988898
27.990000 1.00000000000000000000
28.000000 1.00000000000000000000
28.010000 1.00000000000000000000
28.020000 1.00000000000000000000
28.030000 1.00000000000000000000
28.040000 1.00000000000000000000
28.050000 1.00000000000000000000
28.060000 1.00000000000000000000
28.070000 1.00000000000000000000
28.080000 1.00000000000000000000
28.090000 0.99999999999999988898
28.100000 1.00000000000000000000
28.110000 1.00000000000000000000
28.120000 0.99999999999999988898
28.130000 1.00000000000000000000
28.140000 1.00000000000000000000
28.150000 1.00000000000000000000
28.160000 1.00000000000000000000
28.170000 1.00000000000000000000
28.180000 1.00000000000000000000
28.190000 1.00000000000000000000
28.200000 0.99999999999999988898
28.210000 1.00000000000000000000
28.220000 1.00000000000000000000
28.230000 0.99999999999999988898
28.240000 1.00000000000000000000
28.250000 1.00000000000000000000
28.260000 1.00000000000000000000
28.270000 1.00000000000000000000
28.280000 1.00000000000000000000
28.290000 1.00000000000000000000
28.300000 1.00000000000000000000
28.310000 1.00000000000000000000
28.320000 1.00000000000000000000
28.330000 1.00000000000000000000
28.340000 0.99999999999999988898
28.350000 1.00000000000000000000
28.360000 1.00000000000000000000
28.370000 0.99999999999999988898
28.380000 0.99999999999999988898
28.390000 1.00000000000000000000
28.400000 1.00000000000000000000
28.410000 1.00000000000000000000
28.420000 1.00000000000000000000
28.430000 1.00000000000000000000
28.440000 1.00000000000000000000
28.450000 0.99999999999999988898
28.460000 0.99999999999999988898
28.470000 1.00000000000000000000
28.480000 1.00000000000000000000
28.490000 1.00000000000000000000
28.500000 1.00000000000000000000
28.510000 1.00000000000000000000
28.520000 1.00000000000000000000
28.530000 1.00000000000000000000
28.540000 1.00000000000000022204
28.550000 1.00000000000000000000
28.560000 1.00000000000000000000
28.570000 0.99999999999999988898
28.580000 1.00000000000000000000
28.590000 0.99999999999999988898
28.600000 1.00000000000000000000
28.610000 1.00000000000000000000
28.620000 0.99999999999999988898
28.630000 0.99999999999999988898
28.640000 1.00000000000000000000
28.650000 1.00000000000000000000
28.660000 1.00000000000000000000
28.670000 1.00000000000000000000
28.680000 0.99999999999999988898
28.690000 1.00000000000000000000
28.700000 0.99999999999999988898
28.710000 0.99999999999999988898
28.720000 1.00000000000000000000
28.730000 0.99999999999999988898
28.740000 1.00000000000000000000
28.750000 1.00000000000000000000
28.760000 1.00000000000000000000
28.770000 1.00000000000000000000
28.780000 1.00000000000000000000
28.790000 0.99999999999999988898
28.800000 1.00000000000000000000
28.810000 1.00000000000000000000
28.820000 1.00000000000000000000
28.830000 1.00000000000000000000
28.840000 0.99999999999999988898
28.850000 1.00000000000000000000
28.860000 1.00000000000000000000
28.870000 0.99999999999999988898
28.880000 0.99999999999999988898
28.890000 1.00000000000000000000
28.900000 1.00000000000000000000
28.910000 1.00000000000000000000
28.920000 1.00000000000000000000
28.930000 0.99999999999999988898
28.940000 1.00000000000000000000
28.950000 0.99999999999999988898
28.960000 0.99999999999999988898
28.970000 1.00000000000000000000
28.980000 0.99999999999999988898
28.990000 1.00000000000000000000
29.000000 1.00000000000000000000
29.010000 1.00000000000000000000
29.020000 1.00000000000000000000
29.030000 1.00000000000000000000
29.040000 0.99999999999999988898
29.050000 1.00000000000000000000
29.060000 1.00000000000000000000
29.070000 0.99999999999999988898
29.080000 1.00000000000000000000
29.090000 0.99999999999999988898
29.100000 1.00000000000000000000
29.110000 1.00000000000000000000
29.120000 1.00000000000000000000
29.130000 0.99999999999999988898
29.140000 1.00000000000000000000
29.150000 1.00000000000000000000
29.160000 1.00000000000000000000
29.170000 1.00000000000000000000
29.180000 0.99999999999999988898
29.190000 1.00000000000000000000
29.200000 0.99999999999999988898
29.210000 0.99999999999999988898
29.220000 1.00000000000000000000
29.230000 1.00000000000000000000
29.240000 1.00000000000000000000
29.250000 1.00000000000000000000
29.260000 1.00000000000000000000
29.270000 1.00000000000000000000
29.280000 1.00000000000000000000
29.290000 0.99999999999999988898
29.300000 1.00000000000000000000
29.310000 1.00000000000000000000
29.320000 0.99999999999999988898
29.330000 1.00000000000000000000
29.340000 1.00000000000000000000
29.350000 1.00000000000000000000
29.360000 1.00000000000000000000
29.370000 1.00000000000000000000
29.380000 0.99999999999999988898
29.390000 1.00000000000000000000
29.400000 1.00000000000000000000
29.410000 1.00000000000000000000
29.420000 1.00000000000000000000
29.430000 0.99999999999999988898
29.440000 1.00000000000000000000
29.450000 1.00000000000000000000
29.460000 0.99999999999999988898
29.470000 1.00000000000000000000
29.480000 1.00000000000000000000
29.490000 1.00000000000000000000
29.500000 1.00000000000000000000
29.510000 1.00000000000000000000
29.520000 1.00000000000000000000
29.530000 1.00000000000000000000
29.540000 1.00000000000000000000
29.550000 1.00000000000000000000
29.560000 1.00000000000000000000
29.570000 0.99999999999999977796
29.580000 1.00000000000000000000
29.590000 1.00000000000000000000
29.600000 1.00000000000000000000
29.610000 1.00000000000000000000
29.620000 1.00000000000000000000
29.630000 1.00000000000000000000
29.640000 1.00000000000000000000
29.650000 1.00000000000000000000
29.660000 1.00000000000000000000
29.670000 1.00000000000000000000
29.680000 0.99999999999999988898
29.690000 1.00000000000000000000
29.700000 1.00000000000000000000
29.710000 0.99999999999999988898
29.720000 1.00000000000000000000
29.730000 1.00000000000000000000
29.740000 1.00000000000000000000
29.750000 1.00000000000000000000
29.760000 1.00000000000000000000
29.770000 1.00000000000000022204
29.780000 1.00000000000000000000
29.790000 0.99999999999999988898
29.800000 1.00000000000000000000
29.810000 1.00000000000000000000
29.820000 0.99999999999999988898
29.830000 1.00000000000000000000
29.840000 1.00000000000000000000
29.850000 1.00000000000000000000
29.860000 1.00000000000000000000
29.870000 1.00000000000000000000
29.880000 0.99999999999999988898
29.890000 1.00000000000000000000
29.900000 1.00000000000000000000
29.910000 1.00000000000000000000
29.920000 1.00000000000000000000
29.930000 0.99999999999999988898
29.940000 1.00000000000000000000
29.950000 1.00000000000000000000
29.960000 0.99999999999999988898
29.970000 1.00000000000000000000
29.980000 1.00000000000000000000
29.990000 1.00000000000000000000
30.000000 1.00000000000000000000
