-30.000000 0.00000000000000000000
-29.990000 0.00000000000000000000
-29.980000 0.00000000000000000000
-29.970000 0.00000000000000000000
-29.960000 0.00000000000000000000
-29.950000 0.00000000000000000000
-29.940000 0.00000000000000000000
-29.930000 0.00000000000000000000
-29.920000 0.00000000000000000000
-29.910000 0.00000000000000000000
-29.900000 0.00000000000000000000
-29.890000 0.00000000000000000000
-29.880000 0.00000000000000000000
-29.870000 0.00000000000000000000
-29.860000 0.00000000000000000000
-29.850000 0.00000000000000000000
-29.840000 0.00000000000000000000
-29.830000 0.00000000000000000000
-29.820000 0.00000000000000000000
-29.810000 0.00000000000000000000
-29.800000 0.00000000000000000000
-29.790000 0.00000000000000000000
-29.780000 0.00000000000000000000
-29.770000 0.00000000000000000000
-29.760000 0.00000000000000000000
-29.750000 0.00000000000000000000
-29.740000 0.00000000000000000000
-29.730000 0.00000000000000000000
-29.720000 0.00000000000000000000
-29.710000 0.00000000000000000000
-29.700000 0.00000000000000000000
-29.690000 0.00000000000000000000
-29.680000 0.00000000000000000000
-29.670000 0.00000000000000000000
-29.660000 0.00000000000000000000
-29.650000 0.00000000000000000000
-29.640000 0.00000000000000000000
-29.630000 0.00000000000000000000
-29.620000 0.00000000000000000000
-29.610000 0.00000000000000000000
-29.600000 0.00000000000000000000
-29.590000 0.00000000000000000000
-29.580000 0.00000000000000000000
-29.570000 0.00000000000000000000
-29.560000 0.00000000000000000000
-29.550000 0.00000000000000000000
-29.540000 0.00000000000000000000
-29.530000 0.00000000000000000000
-29.520000 0.00000000000000000000
-29.510000 0.00000000000000000000
-29.500000 0.00000000000000000000
-29.490000 0.00000000000000000000
-29.480000 0.00000000000000000000
-29.470000 0.00000000000000000000
-29.460000 0.00000000000000000000
-29.450000 0.00000000000000000000
-29.440000 0.00000000000000000000
-29.430000 0.00000000000000000000
-29.420000 0.00000000000000000000
-29.410000 0.00000000000000000000
-29.400000 0.00000000000000000000
-29.390000 0.00000000000000000000
-29.380000 0.00000000000000000000
-29.370000 0.00000000000000000000
-29.360000 0.00000000000000000000
-29.350000 0.00000000000000000000
-29.340000 0.00000000000000000000
-29.330000 0.00000000000000000000
-29.320000 0.00000000000000000000
-29.310000 0.00000000000000000000
-29.300000 0.00000000000000000000
-29.290000 0.00000000000000000000
-29.280000 0.00000000000000000000
-29.270000 0.00000000000000000000
-29.260000 0.00000000000000000000
-29.250000 0.00000000000000000000
-29.240000 0.00000000000000000000
-29.230000 0.00000000000000000000
-29.220000 0.00000000000000000000
-29.210000 0.00000000000000000000
-29.200000 0.00000000000000000000
-29.190000 0.00000000000000000000
-29.180000 0.00000000000000000000
-29.170000 0.00000000000000000000
-29.160000 0.00000000000000000000
-29.150000 0.00000000000000000000
-29.140000 0.00000000000000000000
-29.130000 0.00000000000000000000
-29.120000 0.00000000000000000000
-29.110000 0.00000000000000000000
-29.100000 0.00000000000000000000
-29.090000 0.00000000000000000000
-29.080000 0.00000000000000000000
-29.070000 0.00000000000000000000
-29.060000 0.00000000000000000000
-29.050000 0.00000000000000000000
-29.040000 0.00000000000000000000
-29.030000 0.00000000000000000000
-29.020000 0.00000000000000000000
-29.010000 0.00000000000000000000
-29.000000 0.00000000000000000000
-28.990000 0.00000000000000000000
-28.980000 0.00000000000000000000
-28.970000 0.00000000000000000000
-28.960000 0.00000000000000000000
-28.950000 0.00000000000000000000
-28.940000 0.00000000000000000000
-28.930000 0.00000000000000000000
-28.920000 0.00000000000000000000
-28.910000 0.00000000000000000000
-28.900000 0.00000000000000000000
-28.890000 0.00000000000000000000
-28.880000 0.00000000000000000000
-28.870000 0.00000000000000000000
-28.860000 0.00000000000000000000
-28.850000 0.00000000000000000000
-28.840000 0.00000000000000000000
-28.830000 0.00000000000000000000
-28.820000 0.00000000000000000000
-28.810000 0.00000000000000000000
-28.800000 0.00000000000000000000
-28.790000 0.00000000000000000000
-28.780000 0.00000000000000000000
-28.770000 0.00000000000000000000
-28.760000 0.00000000000000000000
-28.750000 0.00000000000000000000
-28.740000 0.00000000000000000000
-28.730000 0.00000000000000000000
-28.720000 0.00000000000000000000
-28.710000 0.00000000000000000000
-28.700000 0.00000000000000000000
-28.690000 0.00000000000000000000
-28.680000 0.00000000000000000000
-28.670000 0.00000000000000000000
-28.660000 0.00000000000000000000
-28.650000 0.00000000000000000000
-28.640000 0.00000000000000000000
-28.630000 0.00000000000000000000
-28.620000 0.00000000000000000000
-28.610000 0.00000000000000000000
-28.600000 0.00000000000000000000
-28.590000 0.00000000000000000000
-28.580000 0.00000000000000000000
-28.570000 0.00000000000000000000
-28.560000 0.00000000000000000000
-28.550000 0.00000000000000000000
-28.540000 0.00000000000000000000
-28.530000 0.00000000000000000000
-28.520000 0.00000000000000000000
-28.510000 0.00000000000000000000
-28.500000 0.00000000000000000000
-28.490000 0.00000000000000000000
-28.480000 0.00000000000000000000
-28.470000 0.00000000000000000000
-28.460000 0.00000000000000000000
-28.450000 0.00000000000000000000
-28.440000 0.00000000000000000000
-28.430000 0.00000000000000000000
-28.420000 0.00000000000000000000
-28.410000 0.00000000000000000000
-28.400000 0.00000000000000000000
-28.390000 0.00000000000000000000
-28.380000 0.00000000000000000000
-28.370000 0.00000000000000000000
-28.360000 0.00000000000000000000
-28.350000 0.00000000000000000000
-28.340000 0.00000000000000000000
-28.330000 0.00000000000000000000
-28.320000 0.00000000000000000000
-28.310000 0.00000000000000000000
-28.300000 0.00000000000000000000
-28.290000 0.00000000000000000000
-28.280000 0.00000000000000000000
-28.270000 0.00000000000000000000
-28.260000 0.00000000000000000000
-28.250000 0.00000000000000000000
-28.240000 0.00000000000000000000
-28.230000 0.00000000000000000000
-28.220000 0.00000000000000000000
-28.210000 0.00000000000000000000
-28.200000 0.00000000000000000000
-28.190000 0.00000000000000000000
-28.180000 0.00000000000000000000
-28.170000 0.00000000000000000000
-28.160000 0.00000000000000000000
-28.150000 0.00000000000000000000
-28.140000 0.00000000000000000000
-28.130000 0.00000000000000000000
-28.120000 0.00000000000000000000
-28.110000 0.00000000000000000000
-28.100000 0.00000000000000000000
-28.090000 0.00000000000000000000
-28.080000 0.00000000000000000000
-28.070000 0.00000000000000000000
-28.060000 0.00000000000000000000
-28.050000 0.00000000000000000000
-28.040000 0.00000000000000000000
-28.030000 0.00000000000000000000
-28.020000 0.00000000000000000000
-28.010000 0.00000000000000000000
-28.000000 0.00000000000000000000
-27.990000 0.00000000000000000000
-27.980000 0.00000000000000000000
-27.970000 0.00000000000000000000
-27.960000 0.00000000000000000000
-27.950000 0.00000000000000000000
-27.940000 0.00000000000000000000
-27.930000 0.00000000000000000000
-27.920000 0.00000000000000000000
-27.910000 0.00000000000000000000
-27.900000 0.00000000000000000000
-27.890000 0.00000000000000000000
-27.880000 0.00000000000000000000
-27.870000 0.00000000000000000000
-27.860000 0.00000000000000000000
-27.850000 0.00000000000000000000
-27.840000 0.00000000000000000000
-27.830000 0.00000000000000000000
-27.820000 0.00000000000000000000
-27.810000 0.00000000000000000000
-27.800000 0.00000000000000000000
-27.790000 0.00000000000000000000
-27.780000 0.00000000000000000000
-27.770000 0.00000000000000000000
-27.760000 0.00000000000000000000
-27.750000 0.00000000000000000000
-27.740000 0.00000000000000000000
-27.730000 0.00000000000000000000
-27.720000 0.00000000000000000000
-27.710000 0.00000000000000000000
-27.700000 0.00000000000000000000
-27.690000 0.00000000000000000000
-27.680000 0.00000000000000000000
-27.670000 0.00000000000000000000
-27.660000 0.00000000000000000000
-27.650000 0.00000000000000000000
-27.640000 0.00000000000000000000
-27.630000 0.00000000000000000000
-27.620000 0.00000000000000000000
-27.610000 0.00000000000000000000
-27.600000 0.00000000000000000000
-27.590000 0.00000000000000000000
-27.580000 0.00000000000000000000
-27.570000 0.00000000000000000000
-27.560000 0.00000000000000000000
-27.550000 0.00000000000000000000
-27.540000 0.00000000000000000000
-27.530000 0.00000000000000000000
-27.520000 0.00000000000000000000
-27.510000 0.00000000000000000000
-27.500000 0.00000000000000000000
-27.490000 0.00000000000000000000
-27.480000 0.00000000000000000000
-27.470000 0.00000000000000000000
-27.460000 0.00000000000000000000
-27.450000 0.00000000000000000000
-27.440000 0.00000000000000000000
-27.430000 0.00000000000000000000
-27.420000 0.00000000000000000000
-27.410000 0.00000000000000000000
-27.400000 0.00000000000000000000
-27.390000 0.00000000000000000000
-27.380000 0.00000000000000000000
-27.370000 0.00000000000000000000
-27.360000 0.00000000000000000000
-27.350000 0.00000000000000000000
-27.340000 0.00000000000000000000
-27.330000 0.00000000000000000000
-27.320000 0.00000000000000000000
-27.310000 0.00000000000000000000
-27.300000 0.00000000000000000000
-27.290000 0.00000000000000000000
-27.280000 0.00000000000000000000
-27.270000 0.00000000000000000000
-27.260000 0.00000000000000000000
-27.250000 0.00000000000000000000
-27.240000 0.00000000000000000000
-27.230000 0.00000000000000000000
-27.220000 0.00000000000000000000
-27.210000 0.00000000000000000000
-27.200000 0.00000000000000000000
-27.190000 0.00000000000000000000
-27.180000 0.00000000000000000000
-27.170000 0.00000000000000000000
-27.160000 0.00000000000000000000
-27.150000 0.00000000000000000000
-27.140000 0.00000000000000000000
-27.130000 0.00000000000000000000
-27.120000 0.00000000000000000000
-27.110000 0.00000000000000000000
-27.100000 0.00000000000000000000
-27.090000 0.00000000000000000000
-27.080000 0.00000000000000000000
-27.070000 0.00000000000000000000
-27.060000 0.00000000000000000000
-27.050000 0.00000000000000000000
-27.040000 0.00000000000000000000
-27.030000 0.00000000000000000000
-27.020000 0.00000000000000000000
-27.010000 0.00000000000000000000
-27.000000 0.00000000000000000000
-26.990000 0.00000000000000000000
-26.980000 0.00000000000000000000
-26.970000 0.00000000000000000000
-26.960000 0.00000000000000000000
-26.950000 0.00000000000000000000
-26.940000 0.00000000000000000000
-26.930000 0.00000000000000000000
-26.920000 0.00000000000000000000
-26.910000 0.00000000000000000000
-26.900000 0.00000000000000000000
-26.890000 0.00000000000000000000
-26.880000 0.00000000000000000000
-26.870000 0.00000000000000000000
-26.860000 0.00000000000000000000
-26.850000 0.00000000000000000000
-26.840000 0.00000000000000000000
-26.830000 0.00000000000000000000
-26.820000 0.00000000000000000000
-26.810000 0.00000000000000000000
-26.800000 0.00000000000000000000
-26.790000 0.00000000000000000000
-26.780000 0.00000000000000000000
-26.770000 0.00000000000000000000
-26.760000 0.00000000000000000000
-26.750000 0.00000000000000000000
-26.740000 0.00000000000000000000
-26.730000 0.00000000000000000000
-26.720000 0.00000000000000000000
-26.710000 0.00000000000000000000
-26.700000 0.00000000000000000000
-26.690000 0.00000000000000000000
-26.680000 0.00000000000000000000
-26.670000 0.00000000000000000000
-26.660000 0.00000000000000000000
-26.650000 0.00000000000000000000
-26.640000 0.00000000000000000000
-26.630000 0.00000000000000000000
-26.620000 0.00000000000000000000
-26.610000 0.00000000000000000000
-26.600000 0.00000000000000000000
-26.590000 0.00000000000000000000
-26.580000 0.00000000000000000000
-26.570000 0.00000000000000000000
-26.560000 0.00000000000000000000
-26.550000 0.00000000000000000000
-26.540000 0.00000000000000000000
-26.530000 0.00000000000000000000
-26.520000 0.00000000000000000000
-26.510000 0.00000000000000000000
-26.500000 0.00000000000000000000
-26.490000 0.00000000000000000000
-26.480000 0.00000000000000000000
-26.470000 0.00000000000000000000
-26.460000 0.00000000000000000000
-26.450000 0.00000000000000000000
-26.440000 0.00000000000000000000
-26.430000 0.00000000000000000000
-26.420000 0.00000000000000000000
-26.410000 0.00000000000000000000
-26.400000 0.00000000000000000000
-26.390000 0.00000000000000000000
-26.380000 0.00000000000000000000
-26.370000 0.00000000000000000000
-26.360000 0.00000000000000000000
-26.350000 0.00000000000000000000
-26.340000 0.00000000000000000000
-26.330000 0.00000000000000000000
-26.320000 0.00000000000000000000
-26.310000 0.00000000000000000000
-26.300000 0.00000000000000000000
-26.290000 0.00000000000000000000
-26.280000 0.00000000000000000000
-26.270000 0.00000000000000000000
-26.260000 0.00000000000000000000
-26.250000 0.00000000000000000000
-26.240000 0.00000000000000000000
-26.230000 0.00000000000000000000
-26.220000 0.00000000000000000000
-26.210000 0.00000000000000000000
-26.200000 0.00000000000000000000
-26.190000 0.00000000000000000000
-26.180000 0.00000000000000000000
-26.170000 0.00000000000000000000
-26.160000 0.00000000000000000000
-26.150000 0.00000000000000000000
-26.140000 0.00000000000000000000
-26.130000 0.00000000000000000000
-26.120000 0.00000000000000000000
-26.110000 0.00000000000000000000
-26.100000 0.00000000000000000000
-26.090000 0.00000000000000000000
-26.080000 0.00000000000000000000
-26.070000 0.00000000000000000000
-26.060000 0.00000000000000000000
-26.050000 0.00000000000000000000
-26.040000 0.00000000000000000000
-26.030000 0.00000000000000000000
-26.020000 0.00000000000000000000
-26.010000 0.00000000000000000000
-26.000000 0.00000000000000000000
-25.990000 0.00000000000000000000
-25.980000 0.00000000000000000000
-25.970000 0.00000000000000000000
-25.960000 0.00000000000000000000
-25.950000 0.00000000000000000000
-25.940000 0.00000000000000000000
-25.930000 0.00000000000000000000
-25.920000 0.00000000000000000000
-25.910000 0.00000000000000000000
-25.900000 0.00000000000000000000
-25.890000 0.00000000000000000000
-25.880000 0.00000000000000000000
-25.870000 0.00000000000000000000
-25.860000 0.00000000000000000000
-25.850000 0.00000000000000000000
-25.840000 0.00000000000000000000
-25.830000 0.00000000000000000000
-25.820000 0.00000000000000000000
-25.810000 0.00000000000000000000
-25.800000 0.00000000000000000000
-25.790000 0.00000000000000000000
-25.780000 0.00000000000000000000
-25.770000 0.00000000000000000000
-25.760000 0.00000000000000000000
-25.750000 0.00000000000000000000
-25.740000 0.00000000000000000000
-25.730000 0.00000000000000000000
-25.720000 0.00000000000000000000
-25.710000 0.00000000000000000000
-25.700000 0.00000000000000000000
-25.690000 0.00000000000000000000
-25.680000 0.00000000000000000000
-25.670000 0.00000000000000000000
-25.660000 0.00000000000000000000
-25.650000 0.00000000000000000000
-25.640000 0.00000000000000000000
-25.630000 0.00000000000000000000
-25.620000 0.00000000000000000000
-25.610000 0.00000000000000000000
-25.600000 0.00000000000000000000
-25.590000 0.00000000000000000000
-25.580000 0.00000000000000000000
-25.570000 0.00000000000000000000
-25.560000 0.00000000000000000000
-25.550000 0.00000000000000000000
-25.540000 0.00000000000000000000
-25.530000 0.00000000000000000000
-25.520000 0.00000000000000000000
-25.510000 0.00000000000000000000
-25.500000 0.00000000000000000000
-25.490000 0.00000000000000000000
-25.480000 0.00000000000000000000
-25.470000 0.00000000000000000000
-25.460000 0.00000000000000000000
-25.450000 0.00000000000000000000
-25.440000 0.00000000000000000000
-25.430000 0.00000000000000000000
-25.420000 0.00000000000000000000
-25.410000 0.00000000000000000000
-25.400000 0.00000000000000000000
-25.390000 0.00000000000000000000
-25.380000 0.00000000000000000000
-25.370000 0.00000000000000000000
-25.360000 0.00000000000000000000
-25.350000 0.00000000000000000000
-25.340000 0.00000000000000000000
-25.330000 0.00000000000000000000
-25.320000 0.00000000000000000000
-25.310000 0.00000000000000000000
-25.300000 0.00000000000000000000
-25.290000 0.00000000000000000000
-25.280000 0.00000000000000000000
-25.270000 0.00000000000000000000
-25.260000 0.00000000000000000000
-25.250000 0.00000000000000000000
-25.240000 0.00000000000000000000
-25.230000 0.00000000000000000000
-25.220000 0.00000000000000000000
-25.210000 0.00000000000000000000
-25.200000 0.00000000000000000000
-25.190000 0.00000000000000000000
-25.180000 0.00000000000000000000
-25.170000 0.00000000000000000000
-25.160000 0.00000000000000000000
-25.150000 0.00000000000000000000
-25.140000 0.00000000000000000000
-25.130000 0.00000000000000000000
-25.120000 0.00000000000000000000
-25.110000 0.00000000000000000000
-25.100000 0.00000000000000000000
-25.090000 0.00000000000000000000
-25.080000 0.00000000000000000000
-25.070000 0.00000000000000000000
-25.060000 0.00000000000000000000
-25.050000 0.00000000000000000000
-25.040000 0.00000000000000000000
-25.030000 0.00000000000000000000
-25.020000 0.00000000000000000000
-25.010000 0.00000000000000000000
-25.000000 0.00000000000000000000
-24.990000 0.00000000000000000000
-24.980000 0.00000000000000000000
-24.970000 0.00000000000000000000
-24.960000 0.00000000000000000000
-24.950000 0.00000000000000000000
-24.940000 0.00000000000000000000
-24.930000 0.00000000000000000000
-24.920000 0.00000000000000000000
-24.910000 0.00000000000000000000
-24.900000 0.00000000000000000000
-24.890000 0.00000000000000000000
-24.880000 0.00000000000000000000
-24.870000 0.00000000000000000000
-24.860000 0.00000000000000000000
-24.850000 0.00000000000000000000
-24.840000 0.00000000000000000000
-24.830000 0.00000000000000000000
-24.820000 0.00000000000000000000
-24.810000 0.00000000000000000000
-24.800000 0.00000000000000000000
-24.790000 0.00000000000000000000
-24.780000 0.00000000000000000000
-24.770000 0.00000000000000000000
-24.760000 0.00000000000000000000
-24.750000 0.00000000000000000000
-24.740000 0.00000000000000000000
-24.730000 0.00000000000000000000
-24.720000 0.00000000000000000000
-24.710000 0.00000000000000000000
-24.700000 0.00000000000000000000
-24.690000 0.00000000000000000000
-24.680000 0.00000000000000000000
-24.670000 0.00000000000000000000
-24.660000 0.00000000000000000000
-24.650000 0.00000000000000000000
-24.640000 0.00000000000000000000
-24.630000 0.00000000000000000000
-24.620000 0.00000000000000000000
-24.610000 0.00000000000000000000
-24.600000 0.00000000000000000000
-24.590000 0.00000000000000000000
-24.580000 0.00000000000000000000
-24.570000 0.00000000000000000000
-24.560000 0.00000000000000000000
-24.550000 0.00000000000000000000
-24.540000 0.00000000000000000000
-24.530000 0.00000000000000000000
-24.520000 0.00000000000000000000
-24.510000 0.00000000000000000000
-24.500000 0.00000000000000000000
-24.490000 0.00000000000000000000
-24.480000 0.00000000000000000000
-24.470000 0.00000000000000000000
-24.460000 0.00000000000000000000
-24.450000 0.00000000000000000000
-24.440000 0.00000000000000000000
-24.430000 0.00000000000000000000
-24.420000 0.00000000000000000000
-24.410000 0.00000000000000000000
-24.400000 0.00000000000000000000
-24.390000 0.00000000000000000000
-24.380000 0.00000000000000000000
-24.370000 0.00000000000000000000
-24.360000 0.00000000000000000000
-24.350000 0.00000000000000000000
-24.340000 0.00000000000000000000
-24.330000 0.00000000000000000000
-24.320000 0.00000000000000000000
-24.310000 0.00000000000000000000
-24.300000 0.00000000000000000000
-24.290000 0.00000000000000000000
-24.280000 0.00000000000000000000
-24.270000 0.00000000000000000000
-24.260000 0.00000000000000000000
-24.250000 0.00000000000000000000
-24.240000 0.00000000000000000000
-24.230000 0.00000000000000000000
-24.220000 0.00000000000000000000
-24.210000 0.00000000000000000000
-24.200000 0.00000000000000000000
-24.190000 0.00000000000000000000
-24.180000 0.00000000000000000000
-24.170000 0.00000000000000000000
-24.160000 0.00000000000000000000
-24.150000 0.00000000000000000000
-24.140000 0.00000000000000000000
-24.130000 0.00000000000000000000
-24.120000 0.00000000000000000000
-24.110000 0.00000000000000000000
-24.100000 0.00000000000000000000
-24.090000 0.00000000000000000000
-24.080000 0.00000000000000000000
-24.070000 0.00000000000000000000
-24.060000 0.00000000000000000000
-24.050000 0.00000000000000000000
-24.040000 0.00000000000000000000
-24.030000 0.00000000000000000000
-24.020000 0.00000000000000000000
-24.010000 0.00000000000000000000
-24.000000 0.00000000000000000000
-23.990000 0.00000000000000000000
-23.980000 0.00000000000000000000
-23.970000 0.00000000000000000000
-23.960000 0.00000000000000000000
-23.950000 0.00000000000000000000
-23.940000 0.00000000000000000000
-23.930000 0.00000000000000000000
-23.920000 0.00000000000000000000
-23.910000 0.00000000000000000000
-23.900000 0.00000000000000000000
-23.890000 0.00000000000000000000
-23.880000 0.00000000000000000000
-23.870000 0.00000000000000000000
-23.860000 0.00000000000000000000
-23.850000 0.00000000000000000000
-23.840000 0.00000000000000000000
-23.830000 0.00000000000000000000
-23.820000 0.00000000000000000000
-23.810000 0.00000000000000000000
-23.800000 0.00000000000000000000
-23.790000 0.00000000000000000000
-23.780000 0.00000000000000000000
-23.770000 0.00000000000000000000
-23.760000 0.00000000000000000000
-23.750000 0.00000000000000000000
-23.740000 0.00000000000000000000
-23.730000 0.00000000000000000000
-23.720000 0.00000000000000000000
-23.710000 0.00000000000000000000
-23.700000 0.00000000000000000000
-23.690000 0.00000000000000000000
-23.680000 0.00000000000000000000
-23.670000 0.00000000000000000000
-23.660000 0.00000000000000000000
-23.650000 0.00000000000000000000
-23.640000 0.00000000000000000000
-23.630000 0.00000000000000000000
-23.620000 0.00000000000000000000
-23.610000 0.00000000000000000000
-23.600000 0.00000000000000000000
-23.590000 0.00000000000000000000
-23.580000 0.00000000000000000000
-23.570000 0.00000000000000000000
-23.560000 0.00000000000000000000
-23.550000 0.00000000000000000000
-23.540000 0.00000000000000000000
-23.530000 0.00000000000000000000
-23.520000 0.00000000000000000000
-23.510000 0.00000000000000000000
-23.500000 0.00000000000000000000
-23.490000 0.00000000000000000000
-23.480000 0.00000000000000000000
-23.470000 0.00000000000000000000
-23.460000 0.00000000000000000000
-23.450000 0.00000000000000000000
-23.440000 0.00000000000000000000
-23.430000 0.00000000000000000000
-23.420000 0.00000000000000000000
-23.410000 0.00000000000000000000
-23.400000 0.00000000000000000000
-23.390000 0.00000000000000000000
-23.380000 0.00000000000000000000
-23.370000 0.00000000000000000000
-23.360000 0.00000000000000000000
-23.350000 0.00000000000000000000
-23.340000 0.00000000000000000000
-23.330000 0.00000000000000000000
-23.320000 0.00000000000000000000
-23.310000 0.00000000000000000000
-23.300000 0.00000000000000000000
-23.290000 0.00000000000000000000
-23.280000 0.00000000000000000000
-23.270000 0.00000000000000000000
-23.260000 0.00000000000000000000
-23.250000 0.00000000000000000000
-23.240000 0.00000000000000000000
-23.230000 0.00000000000000000000
-23.220000 0.00000000000000000000
-23.210000 0.00000000000000000000
-23.200000 0.00000000000000000000
-23.190000 0.00000000000000000000
-23.180000 0.00000000000000000000
-23.170000 0.00000000000000000000
-23.160000 0.00000000000000000000
-23.150000 0.00000000000000000000
-23.140000 0.00000000000000000000
-23.130000 0.00000000000000000000
-23.120000 0.00000000000000000000
-23.110000 0.00000000000000000000
-23.100000 0.00000000000000000000
-23.090000 0.00000000000000000000
-23.080000 0.00000000000000000000
-23.070000 0.00000000000000000000
-23.060000 0.00000000000000000000
-23.050000 0.00000000000000000000
-23.040000 0.00000000000000000000
-23.030000 0.00000000000000000000
-23.020000 0.00000000000000000000
-23.010000 0.00000000000000000000
-23.000000 0.00000000000000000000
-22.990000 0.00000000000000000000
-22.980000 0.00000000000000000000
-22.970000 0.00000000000000000000
-22.960000 0.00000000000000000000
-22.950000 0.00000000000000000000
-22.940000 0.00000000000000000000
-22.930000 0.00000000000000000000
-22.920000 0.00000000000000000000
-22.910000 0.00000000000000000000
-22.900000 0.00000000000000000000
-22.890000 0.00000000000000000000
-22.880000 0.00000000000000000000
-22.870000 0.00000000000000000000
-22.860000 0.00000000000000000000
-22.850000 0.00000000000000000000
-22.840000 0.00000000000000000000
-22.830000 0.00000000000000000000
-22.820000 0.00000000000000000000
-22.810000 0.00000000000000000000
-22.800000 0.00000000000000000000
-22.790000 0.00000000000000000000
-22.780000 0.00000000000000000000
-22.770000 0.00000000000000000000
-22.760000 0.00000000000000000000
-22.750000 0.00000000000000000000
-22.740000 0.00000000000000000000
-22.730000 0.00000000000000000000
-22.720000 0.00000000000000000000
-22.710000 0.00000000000000000000
-22.700000 0.00000000000000000000
-22.690000 0.00000000000000000000
-22.680000 0.00000000000000000000
-22.670000 0.00000000000000000000
-22.660000 0.00000000000000000000
-22.650000 0.00000000000000000000
-22.640000 0.00000000000000000000
-22.630000 0.00000000000000000000
-22.620000 0.00000000000000000000
-22.610000 0.00000000000000000000
-22.600000 0.00000000000000000000
-22.590000 0.00000000000000000000
-22.580000 0.00000000000000000000
-22.570000 0.00000000000000000000
-22.560000 0.00000000000000000000
-22.550000 0.00000000000000000000
-22.540000 0.00000000000000000000
-22.530000 0.00000000000000000000
-22.520000 0.00000000000000000000
-22.510000 0.00000000000000000000
-22.500000 0.00000000000000000000
-22.490000 0.00000000000000000000
-22.480000 0.00000000000000000000
-22.470000 0.00000000000000000000
-22.460000 0.00000000000000000000
-22.450000 0.00000000000000000000
-22.440000 0.00000000000000000000
-22.430000 0.00000000000000000000
-22.420000 0.00000000000000000000
-22.410000 0.00000000000000000000
-22.400000 0.00000000000000000000
-22.390000 0.00000000000000000000
-22.380000 0.00000000000000000000
-22.370000 0.00000000000000000000
-22.360000 0.00000000000000000000
-22.350000 0.00000000000000000000
-22.340000 0.00000000000000000000
-22.330000 0.00000000000000000000
-22.320000 0.00000000000000000000
-22.310000 0.00000000000000000000
-22.300000 0.00000000000000000000
-22.290000 0.00000000000000000000
-22.280000 0.00000000000000000000
-22.270000 0.00000000000000000000
-22.260000 0.00000000000000000000
-22.250000 0.00000000000000000000
-22.240000 0.00000000000000000000
-22.230000 0.00000000000000000000
-22.220000 0.00000000000000000000
-22.210000 0.00000000000000000000
-22.200000 0.00000000000000000000
-22.190000 0.00000000000000000000
-22.180000 0.00000000000000000000
-22.170000 0.00000000000000000000
-22.160000 0.00000000000000000000
-22.150000 0.00000000000000000000
-22.140000 0.00000000000000000000
-22.130000 0.00000000000000000000
-22.120000 0.00000000000000000000
-22.110000 0.00000000000000000000
-22.100000 0.00000000000000000000
-22.090000 0.00000000000000000000
-22.080000 0.00000000000000000000
-22.070000 0.00000000000000000000
-22.060000 0.00000000000000000000
-22.050000 0.00000000000000000000
-22.040000 0.00000000000000000000
-22.030000 0.00000000000000000000
-22.020000 0.00000000000000000000
-22.010000 0.00000000000000000000
-22.000000 0.00000000000000000000
-21.990000 0.00000000000000000000
-21.980000 0.00000000000000000000
-21.970000 0.00000000000000000000
-21.960000 0.00000000000000000000
-21.950000 0.00000000000000000000
-21.940000 0.00000000000000000000
-21.930000 0.00000000000000000000
-21.920000 0.00000000000000000000
-21.910000 0.00000000000000000000
-21.900000 0.00000000000000000000
-21.890000 0.00000000000000000000
-21.880000 0.00000000000000000000
-21.870000 0.00000000000000000000
-21.860000 0.00000000000000000000
-21.850000 0.00000000000000000000
-21.840000 0.00000000000000000000
-21.830000 0.00000000000000000000
-21.820000 0.00000000000000000000
-21.810000 0.00000000000000000000
-21.800000 0.00000000000000000000
-21.790000 0.00000000000000000000
-21.780000 0.00000000000000000000
-21.770000 0.00000000000000000000
-21.760000 0.00000000000000000000
-21.750000 0.00000000000000000000
-21.740000 0.00000000000000000000
-21.730000 0.00000000000000000000
-21.720000 0.00000000000000000000
-21.710000 0.00000000000000000000
-21.700000 0.00000000000000000000
-21.690000 0.00000000000000000000
-21.680000 0.00000000000000000000
-21.670000 0.00000000000000000000
-21.660000 0.00000000000000000000
-21.650000 0.00000000000000000000
-21.640000 0.00000000000000000000
-21.630000 0.00000000000000000000
-21.620000 0.00000000000000000000
-21.610000 0.00000000000000000000
-21.600000 0.00000000000000000000
-21.590000 0.00000000000000000000
-21.580000 0.00000000000000000000
-21.570000 0.00000000000000000000
-21.560000 0.00000000000000000000
-21.550000 0.00000000000000000000
-21.540000 0.00000000000000000000
-21.530000 0.00000000000000000000
-21.520000 0.00000000000000000000
-21.510000 0.00000000000000000000
-21.500000 0.00000000000000000000
-21.490000 0.00000000000000000000
-21.480000 0.00000000000000000000
-21.470000 0.00000000000000000000
-21.460000 0.00000000000000000000
-21.450000 0.00000000000000000000
-21.440000 0.00000000000000000000
-21.430000 0.00000000000000000000
-21.420000 0.00000000000000000000
-21.410000 0.00000000000000000000
-21.400000 0.00000000000000000000
-21.390000 0.00000000000000000000
-21.380000 0.00000000000000000000
-21.370000 0.00000000000000000000
-21.360000 0.00000000000000000000
-21.350000 0.00000000000000000000
-21.340000 0.00000000000000000000
-21.330000 0.00000000000000000000
-21.320000 0.00000000000000000000
-21.310000 0.00000000000000000000
-21.300000 0.00000000000000000000
-21.290000 0.00000000000000000000
-21.280000 0.00000000000000000000
-21.270000 0.00000000000000000000
-21.260000 0.00000000000000000000
-21.250000 0.00000000000000000000
-21.240000 0.00000000000000000000
-21.230000 0.00000000000000000000
-21.220000 0.00000000000000000000
-21.210000 0.00000000000000000000
-21.200000 0.00000000000000000000
-21.190000 0.00000000000000000000
-21.180000 0.00000000000000000000
-21.170000 0.00000000000000000000
-21.160000 0.00000000000000000000
-21.150000 0.00000000000000000000
-21.140000 0.00000000000000000000
-21.130000 0.00000000000000000000
-21.120000 0.00000000000000000000
-21.110000 0.00000000000000000000
-21.100000 0.00000000000000000000
-21.090000 0.00000000000000000000
-21.080000 0.00000000000000000000
-21.070000 0.00000000000000000000
-21.060000 0.00000000000000000000
-21.050000 0.00000000000000000000
-21.040000 0.00000000000000000000
-21.030000 0.00000000000000000000
-21.020000 0.00000000000000000000
-21.010000 0.00000000000000000000
-21.000000 0.00000000000000000000
-20.990000 0.00000000000000000000
-20.980000 0.00000000000000000000
-20.970000 0.00000000000000000000
-20.960000 0.00000000000000000000
-20.950000 0.00000000000000000000
-20.940000 0.00000000000000000000
-20.930000 0.00000000000000000000
-20.920000 0.00000000000000000000
-20.910000 0.00000000000000000000
-20.900000 0.00000000000000000000
-20.890000 0.00000000000000000000
-20.880000 0.00000000000000000000
-20.870000 0.00000000000000000000
-20.860000 0.00000000000000000000
-20.850000 0.00000000000000000000
-20.840000 0.00000000000000000000
-20.830000 0.00000000000000000000
-20.820000 0.00000000000000000000
-20.810000 0.00000000000000000000
-20.800000 0.00000000000000000000
-20.790000 0.00000000000000000000
-20.780000 0.00000000000000000000
-20.770000 0.00000000000000000000
-20.760000 0.00000000000000000000
-20.750000 0.00000000000000000000
-20.740000 0.00000000000000000000
-20.730000 0.00000000000000000000
-20.720000 0.00000000000000000000
-20.710000 0.00000000000000000000
-20.700000 0.00000000000000000000
-20.690000 0.00000000000000000000
-20.680000 0.00000000000000000000
-20.670000 0.00000000000000000000
-20.660000 0.00000000000000000000
-20.650000 0.00000000000000000000
-20.640000 0.00000000000000000000
-20.630000 0.00000000000000000000
-20.620000 0.00000000000000000000
-20.610000 0.00000000000000000000
-20.600000 0.00000000000000000000
-20.590000 0.00000000000000000000
-20.580000 0.00000000000000000000
-20.570000 0.00000000000000000000
-20.560000 0.00000000000000000000
-20.550000 0.00000000000000000000
-20.540000 0.00000000000000000000
-20.530000 0.00000000000000000000
-20.520000 0.00000000000000000000
-20.510000 0.00000000000000000000
-20.500000 0.00000000000000000000
-20.490000 0.00000000000000000000
-20.480000 0.00000000000000000000
-20.470000 0.00000000000000000000
-20.460000 0.00000000000000000000
-20.450000 0.00000000000000000000
-20.440000 0.00000000000000000000
-20.430000 0.00000000000000000000
-20.420000 0.00000000000000000000
-20.410000 0.00000000000000000000
-20.400000 0.00000000000000000000
-20.390000 0.00000000000000000000
-20.380000 0.00000000000000000000
-20.370000 0.00000000000000000000
-20.360000 0.00000000000000000000
-20.350000 0.00000000000000000000
-20.340000 0.00000000000000000000
-20.330000 0.00000000000000000000
-20.320000 0.00000000000000000000
-20.310000 0.00000000000000000000
-20.300000 0.00000000000000000000
-20.290000 0.00000000000000000000
-20.280000 0.00000000000000000000
-20.270000 0.00000000000000000000
-20.260000 0.00000000000000000000
-20.250000 0.00000000000000000000
-20.240000 0.00000000000000000000
-20.230000 0.00000000000000000000
-20.220000 0.00000000000000000000
-20.210000 0.00000000000000000000
-20.200000 0.00000000000000000000
-20.190000 0.00000000000000000000
-20.180000 0.00000000000000000000
-20.170000 0.00000000000000000000
-20.160000 0.00000000000000000000
-20.150000 0.00000000000000000000
-20.140000 0.00000000000000000000
-20.130000 0.00000000000000000000
-20.120000 0.00000000000000000000
-20.110000 0.00000000000000000000
-20.100000 0.00000000000000000000
-20.090000 0.00000000000000000000
-20.080000 0.00000000000000000000
-20.070000 0.00000000000000000000
-20.060000 0.00000000000000000000
-20.050000 0.00000000000000000000
-20.040000 0.00000000000000000000
-20.030000 0.00000000000000000000
-20.020000 0.00000000000000000000
-20.010000 0.00000000000000000000
-20.000000 0.00000000000000000000
-19.990000 0.00000000000000000000
-19.980000 0.00000000000000000000
-19.970000 0.00000000000000000000
-19.960000 0.00000000000000000000
-19.950000 0.00000000000000000000
-19.940000 0.00000000000000000000
-19.930000 0.00000000000000000000
-19.920000 0.00000000000000000000
-19.910000 0.00000000000000000000
-19.900000 0.00000000000000000000
-19.890000 0.00000000000000000000
-19.880000 0.00000000000000000000
-19.870000 0.00000000000000000000
-19.860000 0.00000000000000000000
-19.850000 0.00000000000000000000
-19.840000 0.00000000000000000000
-19.830000 0.00000000000000000000
-19.820000 0.00000000000000000000
-19.810000 0.00000000000000000000
-19.800000 0.00000000000000000000
-19.790000 0.00000000000000000000
-19.780000 0.00000000000000000000
-19.770000 0.00000000000000000000
-19.760000 0.00000000000000000000
-19.750000 0.00000000000000000000
-19.740000 0.00000000000000000000
-19.730000 0.00000000000000000000
-19.720000 0.00000000000000000000
-19.710000 0.00000000000000000000
-19.700000 0.00000000000000000000
-19.690000 0.00000000000000000000
-19.680000 0.00000000000000000000
-19.670000 0.00000000000000000000
-19.660000 0.00000000000000000000
-19.650000 0.00000000000000000000
-19.640000 0.00000000000000000000
-19.630000 0.00000000000000000000
-19.620000 0.00000000000000000000
-19.610000 0.00000000000000000000
-19.600000 0.00000000000000000000
-19.590000 0.00000000000000000000
-19.580000 0.00000000000000000000
-19.570000 0.00000000000000000000
-19.560000 0.00000000000000000000
-19.550000 0.00000000000000000000
-19.540000 0.00000000000000000000
-19.530000 0.00000000000000000000
-19.520000 0.00000000000000000000
-19.510000 0.00000000000000000000
-19.500000 0.00000000000000000000
-19.490000 0.00000000000000000000
-19.480000 0.00000000000000000000
-19.470000 0.00000000000000000000
-19.460000 0.00000000000000000000
-19.450000 0.00000000000000000000
-19.440000 0.00000000000000000000
-19.430000 0.00000000000000000000
-19.420000 0.00000000000000000000
-19.410000 0.00000000000000000000
-19.400000 0.00000000000000000000
-19.390000 0.00000000000000000000
-19.380000 0.00000000000000000000
-19.370000 0.00000000000000000000
-19.360000 0.00000000000000000000
-19.350000 0.00000000000000000000
-19.340000 0.00000000000000000000
-19.330000 0.00000000000000000000
-19.320000 0.00000000000000000000
-19.310000 0.00000000000000000000
-19.300000 0.00000000000000000000
-19.290000 0.00000000000000000000
-19.280000 0.00000000000000000000
-19.270000 0.00000000000000000000
-19.260000 0.00000000000000000000
-19.250000 0.00000000000000000000
-19.240000 0.00000000000000000000
-19.230000 0.00000000000000000000
-19.220000 0.00000000000000000000
-19.210000 0.00000000000000000000
-19.200000 0.00000000000000000000
-19.190000 0.00000000000000000000
-19.180000 0.00000000000000000000
-19.170000 0.00000000000000000000
-19.160000 0.00000000000000000000
-19.150000 0.00000000000000000000
-19.140000 0.00000000000000000000
-19.130000 0.00000000000000000000
-19.120000 0.00000000000000000000
-19.110000 0.00000000000000000000
-19.100000 0.00000000000000000000
-19.090000 0.00000000000000000000
-19.080000 0.00000000000000000000
-19.070000 0.00000000000000000000
-19.060000 0.00000000000000000000
-19.050000 0.00000000000000000000
-19.040000 0.00000000000000000000
-19.030000 0.00000000000000000000
-19.020000 0.00000000000000000000
-19.010000 0.00000000000000000000
-19.000000 0.00000000000000000000
-18.990000 0.00000000000000000000
-18.980000 0.00000000000000000000
-18.970000 0.00000000000000000000
-18.960000 0.00000000000000000000
-18.950000 0.00000000000000000000
-18.940000 0.00000000000000000000
-18.930000 0.00000000000000000000
-18.920000 0.00000000000000000000
-18.910000 0.00000000000000000000
-18.900000 0.00000000000000000000
-18.890000 0.00000000000000000000
-18.880000 0.00000000000000000000
-18.870000 0.00000000000000000000
-18.860000 0.00000000000000000000
-18.850000 0.00000000000000000000
-18.840000 0.00000000000000000000
-18.830000 0.00000000000000000000
-18.820000 0.00000000000000000000
-18.810000 0.00000000000000000000
-18.800000 0.00000000000000000000
-18.790000 0.00000000000000000000
-18.780000 0.00000000000000000000
-18.770000 0.00000000000000000000
-18.760000 0.00000000000000000000
-18.750000 0.00000000000000000000
-18.740000 0.00000000000000000000
-18.730000 0.00000000000000000000
-18.720000 0.00000000000000000000
-18.710000 0.00000000000000000000
-18.700000 0.00000000000000000000
-18.690000 0.00000000000000000000
-18.680000 0.00000000000000000000
-18.670000 0.00000000000000000000
-18.660000 0.00000000000000000000
-18.650000 0.00000000000000000000
-18.640000 0.00000000000000000000
-18.630000 0.00000000000000000000
-18.620000 0.00000000000000000000
-18.610000 0.00000000000000000000
-18.600000 0.00000000000000000000
-18.590000 0.00000000000000000000
-18.580000 0.00000000000000000000
-18.570000 0.00000000000000000000
-18.560000 0.00000000000000000000
-18.550000 0.00000000000000000000
-18.540000 0.00000000000000000000
-18.530000 0.00000000000000000000
-18.520000 0.00000000000000000000
-18.510000 0.00000000000000000000
-18.500000 0.00000000000000000000
-18.490000 0.00000000000000000000
-18.480000 0.00000000000000000000
-18.470000 0.00000000000000000000
-18.460000 0.00000000000000000000
-18.450000 0.00000000000000000000
-18.440000 0.00000000000000000000
-18.430000 0.00000000000000000000
-18.420000 0.00000000000000000000
-18.410000 0.00000000000000000000
-18.400000 0.00000000000000000000
-18.390000 0.00000000000000000000
-18.380000 0.00000000000000000000
-18.370000 0.00000000000000000000
-18.360000 0.00000000000000000000
-18.350000 0.00000000000000000000
-18.340000 0.00000000000000000000
-18.330000 0.00000000000000000000
-18.320000 0.00000000000000000000
-18.310000 0.00000000000000000000
-18.300000 0.00000000000000000000
-18.290000 0.00000000000000000000
-18.280000 0.00000000000000000000
-18.270000 0.00000000000000000000
-18.260000 0.00000000000000000000
-18.250000 0.00000000000000000000
-18.240000 0.00000000000000000000
-18.230000 0.00000000000000000000
-18.220000 0.00000000000000000000
-18.210000 0.00000000000000000000
-18.200000 0.00000000000000000000
-18.190000 0.00000000000000000000
-18.180000 0.00000000000000000000
-18.170000 0.00000000000000000000
-18.160000 0.00000000000000000000
-18.150000 0.00000000000000000000
-18.140000 0.00000000000000000000
-18.130000 0.00000000000000000000
-18.120000 0.00000000000000000000
-18.110000 0.00000000000000000000
-18.100000 0.00000000000000000000
-18.090000 0.00000000000000000000
-18.080000 0.00000000000000000000
-18.070000 0.00000000000000000000
-18.060000 0.00000000000000000000
-18.050000 0.00000000000000000000
-18.040000 0.00000000000000000000
-18.030000 0.00000000000000000000
-18.020000 0.00000000000000000000
-18.010000 0.00000000000000000000
-18.000000 0.00000000000000000000
-17.990000 0.00000000000000000000
-17.980000 0.00000000000000000000
-17.970000 0.00000000000000000000
-17.960000 0.00000000000000000000
-17.950000 0.00000000000000000000
-17.940000 0.00000000000000000000
-17.930000 0.00000000000000000000
-17.920000 0.00000000000000000000
-17.910000 0.00000000000000000000
-17.900000 0.00000000000000000000
-17.890000 0.00000000000000000000
-17.880000 0.00000000000000000000
-17.870000 0.00000000000000000000
-17.860000 0.00000000000000000000
-17.850000 0.00000000000000000000
-17.840000 0.00000000000000000000
-17.830000 0.00000000000000000000
-17.820000 0.00000000000000000000
-17.810000 0.00000000000000000000
-17.800000 0.00000000000000000000
-17.790000 0.00000000000000000000
-17.780000 0.00000000000000000000
-17.770000 0.00000000000000000000
-17.760000 0.00000000000000000000
-17.750000 0.00000000000000000000
-17.740000 0.00000000000000000000
-17.730000 0.00000000000000000000
-17.720000 0.00000000000000000000
-17.710000 0.00000000000000000000
-17.700000 0.00000000000000000000
-17.690000 0.00000000000000000000
-17.680000 0.00000000000000000000
-17.670000 0.00000000000000000000
-17.660000 0.00000000000000000000
-17.650000 0.00000000000000000000
-17.640000 0.00000000000000000000
-17.630000 0.00000000000000000000
-17.620000 0.00000000000000000000
-17.610000 0.00000000000000000000
-17.600000 0.00000000000000000000
-17.590000 0.00000000000000000000
-17.580000 0.00000000000000000000
-17.570000 0.00000000000000000000
-17.560000 0.00000000000000000000
-17.550000 0.00000000000000000000
-17.540000 0.00000000000000000000
-17.530000 0.00000000000000000000
-17.520000 0.00000000000000000000
-17.510000 0.00000000000000000000
-17.500000 0.00000000000000000000
-17.490000 0.00000000000000000000
-17.480000 0.00000000000000000000
-17.470000 0.00000000000000000000
-17.460000 0.00000000000000000000
-17.450000 0.00000000000000000000
-17.440000 0.00000000000000000000
-17.430000 0.00000000000000000000
-17.420000 0.00000000000000000000
-17.410000 0.00000000000000000000
-17.400000 0.00000000000000000000
-17.390000 0.00000000000000000000
-17.380000 0.00000000000000000000
-17.370000 0.00000000000000000000
-17.360000 0.00000000000000000000
-17.350000 0.00000000000000000000
-17.340000 0.00000000000000000000
-17.330000 0.00000000000000000000
-17.320000 0.00000000000000000000
-17.310000 0.00000000000000000000
-17.300000 0.00000000000000000000
-17.290000 0.00000000000000000000
-17.280000 0.00000000000000000000
-17.270000 0.00000000000000000000
-17.260000 0.00000000000000000000
-17.250000 0.00000000000000000000
-17.240000 0.00000000000000000000
-17.230000 0.00000000000000000000
-17.220000 0.00000000000000000000
-17.210000 0.00000000000000000000
-17.200000 0.00000000000000000000
-17.190000 0.00000000000000000000
-17.180000 0.00000000000000000000
-17.170000 0.00000000000000000000
-17.160000 0.00000000000000000000
-17.150000 0.00000000000000000000
-17.140000 0.00000000000000000000
-17.130000 0.00000000000000000000
-17.120000 0.00000000000000000000
-17.110000 0.00000000000000000000
-17.100000 0.00000000000000000000
-17.090000 0.00000000000000000000
-17.080000 0.00000000000000000000
-17.070000 0.00000000000000000000
-17.060000 0.00000000000000000000
-17.050000 0.00000000000000000000
-17.040000 0.00000000000000000000
-17.030000 0.00000000000000000000
-17.020000 0.00000000000000000000
-17.010000 0.00000000000000000000
-17.000000 0.00000000000000000000
-16.990000 0.00000000000000000000
-16.980000 0.00000000000000000000
-16.970000 0.00000000000000000000
-16.960000 0.00000000000000000000
-16.950000 0.00000000000000000000
-16.940000 0.00000000000000000000
-16.930000 0.00000000000000000000
-16.920000 0.00000000000000000000
-16.910000 0.00000000000000000000
-16.900000 0.00000000000000000000
-16.890000 0.00000000000000000000
-16.880000 0.00000000000000000000
-16.870000 0.00000000000000000000
-16.860000 0.00000000000000000000
-16.850000 0.00000000000000000000
-16.840000 0.00000000000000000000
-16.830000 0.00000000000000000000
-16.820000 0.00000000000000000000
-16.810000 0.00000000000000000000
-16.800000 0.00000000000000000000
-16.790000 0.00000000000000000000
-16.780000 0.00000000000000000000
-16.770000 0.00000000000000000000
-16.760000 0.00000000000000000000
-16.750000 0.00000000000000000000
-16.740000 0.00000000000000000000
-16.730000 0.00000000000000000000
-16.720000 0.00000000000000000000
-16.710000 0.00000000000000000000
-16.700000 0.00000000000000000000
-16.690000 0.00000000000000000000
-16.680000 0.00000000000000000000
-16.670000 0.00000000000000000000
-16.660000 0.00000000000000000000
-16.650000 0.00000000000000000000
-16.640000 0.00000000000000000000
-16.630000 0.00000000000000000000
-16.620000 0.00000000000000000000
-16.610000 0.00000000000000000000
-16.600000 0.00000000000000000000
-16.590000 0.00000000000000000000
-16.580000 0.00000000000000000000
-16.570000 0.00000000000000000000
-16.560000 0.00000000000000000000
-16.550000 0.00000000000000000000
-16.540000 0.00000000000000000000
-16.530000 0.00000000000000000000
-16.520000 0.00000000000000000000
-16.510000 0.00000000000000000000
-16.500000 0.00000000000000000000
-16.490000 0.00000000000000000000
-16.480000 0.00000000000000000000
-16.470000 0.00000000000000000000
-16.460000 0.00000000000000000000
-16.450000 0.00000000000000000000
-16.440000 0.00000000000000000000
-16.430000 0.00000000000000000000
-16.420000 0.00000000000000000000
-16.410000 0.00000000000000000000
-16.400000 0.00000000000000000000
-16.390000 0.00000000000000000000
-16.380000 0.00000000000000000000
-16.370000 0.00000000000000000000
-16.360000 0.00000000000000000000
-16.350000 0.00000000000000000000
-16.340000 0.00000000000000000000
-16.330000 0.00000000000000000000
-16.320000 0.00000000000000000000
-16.310000 0.00000000000000000000
-16.300000 0.00000000000000000000
-16.290000 0.00000000000000000000
-16.280000 0.00000000000000000000
-16.270000 0.00000000000000000000
-16.260000 0.00000000000000000000
-16.250000 0.00000000000000000000
-16.240000 0.00000000000000000000
-16.230000 0.00000000000000000000
-16.220000 0.00000000000000000000
-16.210000 0.00000000000000000000
-16.200000 0.00000000000000000000
-16.190000 0.00000000000000000000
-16.180000 0.00000000000000000000
-16.170000 0.00000000000000000000
-16.160000 0.00000000000000000000
-16.150000 0.00000000000000000000
-16.140000 0.00000000000000000000
-16.130000 0.00000000000000000000
-16.120000 0.00000000000000000000
-16.110000 0.00000000000000000000
-16.100000 0.00000000000000000000
-16.090000 0.00000000000000000000
-16.080000 0.00000000000000000000
-16.070000 0.00000000000000000000
-16.060000 0.00000000000000000000
-16.050000 0.00000000000000000000
-16.040000 0.00000000000000000000
-16.030000 0.00000000000000000000
-16.020000 0.00000000000000000000
-16.010000 0.00000000000000000000
-16.000000 0.00000000000000000000
-15.990000 0.00000000000000000000
-15.980000 0.00000000000000000000
-15.970000 0.00000000000000000000
-15.960000 0.00000000000000000000
-15.950000 0.00000000000000000000
-15.940000 0.00000000000000000000
-15.930000 0.00000000000000000000
-15.920000 0.00000000000000000000
-15.910000 0.00000000000000000000
-15.900000 0.00000000000000000000
-15.890000 0.00000000000000000000
-15.880000 0.00000000000000000000
-15.870000 0.00000000000000000000
-15.860000 0.00000000000000000000
-15.850000 0.00000000000000000000
-15.840000 0.00000000000000000000
-15.830000 0.00000000000000000000
-15.820000 0.00000000000000000000
-15.810000 0.00000000000000000000
-15.800000 0.00000000000000000000
-15.790000 0.00000000000000000000
-15.780000 0.00000000000000000000
-15.770000 0.00000000000000000000
-15.760000 0.00000000000000000000
-15.750000 0.00000000000000000000
-15.740000 0.00000000000000000000
-15.730000 0.00000000000000000000
-15.720000 0.00000000000000000000
-15.710000 0.00000000000000000000
-15.700000 0.00000000000000000000
-15.690000 0.00000000000000000000
-15.680000 0.00000000000000000000
-15.670000 0.00000000000000000000
-15.660000 0.00000000000000000000
-15.650000 0.00000000000000000000
-15.640000 0.00000000000000000000
-15.630000 0.00000000000000000000
-15.620000 0.00000000000000000000
-15.610000 0.00000000000000000000
-15.600000 0.00000000000000000000
-15.590000 0.00000000000000000000
-15.580000 0.00000000000000000000
-15.570000 0.00000000000000000000
-15.560000 0.00000000000000000000
-15.550000 0.00000000000000000000
-15.540000 0.00000000000000000000
-15.530000 0.00000000000000000000
-15.520000 0.00000000000000000000
-15.510000 0.00000000000000000000
-15.500000 0.00000000000000000000
-15.490000 0.00000000000000000000
-15.480000 0.00000000000000000000
-15.470000 0.00000000000000000000
-15.460000 0.00000000000000000000
-15.450000 0.00000000000000000000
-15.440000 0.00000000000000000000
-15.430000 0.00000000000000000000
-15.420000 0.00000000000000000000
-15.410000 0.00000000000000000000
-15.400000 0.00000000000000000000
-15.390000 0.00000000000000000000
-15.380000 0.00000000000000000000
-15.370000 0.00000000000000000000
-15.360000 0.00000000000000000000
-15.350000 0.00000000000000000000
-15.340000 0.00000000000000000000
-15.330000 0.00000000000000000000
-15.320000 0.00000000000000000000
-15.310000 0.00000000000000000000
-15.300000 0.00000000000000000000
-15.290000 0.00000000000000000000
-15.280000 0.00000000000000000000
-15.270000 0.00000000000000000000
-15.260000 0.00000000000000000000
-15.250000 0.00000000000000000000
-15.240000 0.00000000000000000000
-15.230000 0.00000000000000000000
-15.220000 0.00000000000000000000
-15.210000 0.00000000000000000000
-15.200000 0.00000000000000000000
-15.190000 0.00000000000000000000
-15.180000 0.00000000000000000000
-15.170000 0.00000000000000000000
-15.160000 0.00000000000000000000
-15.150000 0.00000000000000000000
-15.140000 0.00000000000000000000
-15.130000 0.00000000000000000000
-15.120000 0.00000000000000000000
-15.110000 0.00000000000000000000
-15.100000 0.00000000000000000000
-15.090000 0.00000000000000000000
-15.080000 0.00000000000000000000
-15.070000 0.00000000000000000000
-15.060000 0.00000000000000000000
-15.050000 0.00000000000000000000
-15.040000 0.00000000000000000000
-15.030000 0.00000000000000000000
-15.020000 0.00000000000000000000
-15.010000 0.00000000000000000000
-15.000000 0.00000000000000000000
-14.990000 0.00000000000000000000
-14.980000 0.00000000000000000000
-14.970000 0.00000000000000000000
-14.960000 0.00000000000000000000
-14.950000 0.00000000000000000000
-14.940000 0.00000000000000000000
-14.930000 0.00000000000000000000
-14.920000 0.00000000000000000000
-14.910000 0.00000000000000000000
-14.900000 0.00000000000000000000
-14.890000 0.00000000000000000000
-14.880000 0.00000000000000000000
-14.870000 0.00000000000000000000
-14.860000 0.00000000000000000000
-14.850000 0.00000000000000000000
-14.840000 0.00000000000000000000
-14.830000 0.00000000000000000000
-14.820000 0.00000000000000000000
-14.810000 0.00000000000000000000
-14.800000 0.00000000000000000000
-14.790000 0.00000000000000000000
-14.780000 0.00000000000000000000
-14.770000 0.00000000000000000000
-14.760000 0.00000000000000000000
-14.750000 0.00000000000000000000
-14.740000 0.00000000000000000000
-14.730000 0.00000000000000000000
-14.720000 0.00000000000000000000
-14.710000 0.00000000000000000000
-14.700000 0.00000000000000000000
-14.690000 0.00000000000000000000
-14.680000 0.00000000000000000000
-14.670000 0.00000000000000000000
-14.660000 0.00000000000000000000
-14.650000 0.00000000000000000000
-14.640000 0.00000000000000000000
-14.630000 0.00000000000000000000
-14.620000 0.00000000000000000000
-14.610000 0.00000000000000000000
-14.600000 0.00000000000000000000
-14.590000 0.00000000000000000000
-14.580000 0.00000000000000000000
-14.570000 0.00000000000000000000
-14.560000 0.00000000000000000000
-14.550000 0.00000000000000000000
-14.540000 0.00000000000000000000
-14.530000 0.00000000000000000000
-14.520000 0.00000000000000000000
-14.510000 0.00000000000000000000
-14.500000 0.00000000000000000000
-14.490000 0.00000000000000000000
-14.480000 0.00000000000000000000
-14.470000 0.00000000000000000000
-14.460000 0.00000000000000000000
-14.450000 0.00000000000000000000
-14.440000 0.00000000000000000000
-14.430000 0.00000000000000000000
-14.420000 0.00000000000000000000
-14.410000 0.00000000000000000000
-14.400000 0.00000000000000000000
-14.390000 0.00000000000000000000
-14.380000 0.00000000000000000000
-14.370000 0.00000000000000000000
-14.360000 0.00000000000000000000
-14.350000 0.00000000000000000000
-14.340000 0.00000000000000000000
-14.330000 0.00000000000000000000
-14.320000 0.00000000000000000000
-14.310000 0.00000000000000000000
-14.300000 0.00000000000000000000
-14.290000 0.00000000000000000000
-14.280000 0.00000000000000000000
-14.270000 0.00000000000000000000
-14.260000 0.00000000000000000000
-14.250000 0.00000000000000000000
-14.240000 0.00000000000000000000
-14.230000 0.00000000000000000000
-14.220000 0.00000000000000000000
-14.210000 0.00000000000000000000
-14.200000 0.00000000000000000000
-14.190000 0.00000000000000000000
-14.180000 0.00000000000000000000
-14.170000 0.00000000000000000000
-14.160000 0.00000000000000000000
-14.150000 0.00000000000000000000
-14.140000 0.00000000000000000000
-14.130000 0.00000000000000000000
-14.120000 0.00000000000000000000
-14.110000 0.00000000000000000000
-14.100000 0.00000000000000000000
-14.090000 0.00000000000000000000
-14.080000 0.00000000000000000000
-14.070000 0.00000000000000000000
-14.060000 0.00000000000000000000
-14.050000 0.00000000000000000000
-14.040000 0.00000000000000000000
-14.030000 0.00000000000000000000
-14.020000 0.00000000000000000000
-14.010000 0.00000000000000000000
-14.000000 0.00000000000000000000
-13.990000 0.00000000000000000000
-13.980000 0.00000000000000000000
-13.970000 0.00000000000000000000
-13.960000 0.00000000000000000000
-13.950000 0.00000000000000000000
-13.940000 0.00000000000000000000
-13.930000 0.00000000000000000000
-13.920000 0.00000000000000000000
-13.910000 0.00000000000000000000
-13.900000 0.00000000000000000000
-13.890000 0.00000000000000000000
-13.880000 0.00000000000000000000
-13.870000 0.00000000000000000000
-13.860000 0.00000000000000000000
-13.850000 0.00000000000000000000
-13.840000 0.00000000000000000000
-13.830000 0.00000000000000000000
-13.820000 0.00000000000000000000
-13.810000 0.00000000000000000000
-13.800000 0.00000000000000000000
-13.790000 0.00000000000000000000
-13.780000 0.00000000000000000000
-13.770000 0.00000000000000000000
-13.760000 0.00000000000000000000
-13.750000 0.00000000000000000000
-13.740000 0.00000000000000000000
-13.730000 0.00000000000000000000
-13.720000 0.00000000000000000000
-13.710000 0.00000000000000000000
-13.700000 0.00000000000000000000
-13.690000 0.00000000000000000000
-13.680000 0.00000000000000000000
-13.670000 0.00000000000000000000
-13.660000 0.00000000000000000000
-13.650000 0.00000000000000000000
-13.640000 0.00000000000000000000
-13.630000 0.00000000000000000000
-13.620000 0.00000000000000000000
-13.610000 0.00000000000000000000
-13.600000 0.00000000000000000000
-13.590000 0.00000000000000000000
-13.580000 0.00000000000000000000
-13.570000 0.00000000000000000000
-13.560000 0.00000000000000000000
-13.550000 0.00000000000000000000
-13.540000 0.00000000000000000000
-13.530000 0.00000000000000000000
-13.520000 0.00000000000000000000
-13.510000 0.00000000000000000000
-13.500000 0.00000000000000000000
-13.490000 0.00000000000000000000
-13.480000 0.00000000000000000000
-13.470000 0.00000000000000000000
-13.460000 0.00000000000000000000
-13.450000 0.00000000000000000000
-13.440000 0.00000000000000000000
-13.430000 0.00000000000000000000
-13.420000 0.00000000000000000000
-13.410000 0.00000000000000000000
-13.400000 0.00000000000000000000
-13.390000 0.00000000000000000000
-13.380000 0.00000000000000000000
-13.370000 0.00000000000000000000
-13.360000 0.00000000000000000000
-13.350000 0.00000000000000000000
-13.340000 0.00000000000000000000
-13.330000 0.00000000000000000000
-13.320000 0.00000000000000000000
-13.310000 0.00000000000000000000
-13.300000 0.00000000000000000000
-13.290000 0.00000000000000000000
-13.280000 0.00000000000000000000
-13.270000 0.00000000000000000000
-13.260000 0.00000000000000000000
-13.250000 0.00000000000000000000
-13.240000 0.00000000000000000000
-13.230000 0.00000000000000000000
-13.220000 0.00000000000000000000
-13.210000 0.00000000000000000000
-13.200000 0.00000000000000000000
-13.190000 0.00000000000000000000
-13.180000 0.00000000000000000000
-13.170000 0.00000000000000000000
-13.160000 0.00000000000000000000
-13.150000 0.00000000000000000000
-13.140000 0.00000000000000000000
-13.130000 0.00000000000000000000
-13.120000 0.00000000000000000000
-13.110000 0.00000000000000000000
-13.100000 0.00000000000000000000
-13.090000 0.00000000000000000000
-13.080000 0.00000000000000000000
-13.070000 0.00000000000000000000
-13.060000 0.00000000000000000000
-13.050000 0.00000000000000000000
-13.040000 0.00000000000000000000
-13.030000 0.00000000000000000000
-13.020000 0.00000000000000000000
-13.010000 0.00000000000000000000
-13.000000 0.00000000000000000000
-12.990000 0.00000000000000000000
-12.980000 0.00000000000000000000
-12.970000 0.00000000000000000000
-12.960000 0.00000000000000000000
-12.950000 0.00000000000000000000
-12.940000 0.00000000000000000000
-12.930000 0.00000000000000000000
-12.920000 0.00000000000000000000
-12.910000 0.00000000000000000000
-12.900000 0.00000000000000000000
-12.890000 0.00000000000000000000
-12.880000 0.00000000000000000000
-12.870000 0.00000000000000000000
-12.860000 0.00000000000000000000
-12.850000 0.00000000000000000000
-12.840000 0.00000000000000000000
-12.830000 0.00000000000000000000
-12.820000 0.00000000000000000000
-12.810000 0.00000000000000000000
-12.800000 0.00000000000000000000
-12.790000 0.00000000000000000000
-12.780000 0.00000000000000000000
-12.770000 0.00000000000000000000
-12.760000 0.00000000000000000000
-12.750000 0.00000000000000000000
-12.740000 0.00000000000000000000
-12.730000 0.00000000000000000000
-12.720000 0.00000000000000000000
-12.710000 0.00000000000000000000
-12.700000 0.00000000000000000000
-12.690000 0.00000000000000000000
-12.680000 0.00000000000000000000
-12.670000 0.00000000000000000000
-12.660000 0.00000000000000000000
-12.650000 0.00000000000000000000
-12.640000 0.00000000000000000000
-12.630000 0.00000000000000000000
-12.620000 0.00000000000000000000
-12.610000 0.00000000000000000000
-12.600000 0.00000000000000000000
-12.590000 0.00000000000000000000
-12.580000 0.00000000000000000000
-12.570000 0.00000000000000000000
-12.560000 0.00000000000000000000
-12.550000 0.00000000000000000000
-12.540000 0.00000000000000000000
-12.530000 0.00000000000000000000
-12.520000 0.00000000000000000000
-12.510000 0.00000000000000000000
-12.500000 0.00000000000000000000
-12.490000 0.00000000000000000000
-12.480000 0.00000000000000000000
-12.470000 0.00000000000000000000
-12.460000 0.00000000000000000000
-12.450000 0.00000000000000000000
-12.440000 0.00000000000000000000
-12.430000 0.00000000000000000000
-12.420000 0.00000000000000000000
-12.410000 0.00000000000000000000
-12.400000 0.00000000000000000000
-12.390000 0.00000000000000000000
-12.380000 0.00000000000000000000
-12.370000 0.00000000000000000000
-12.360000 0.00000000000000000000
-12.350000 0.00000000000000000000
-12.340000 0.00000000000000000000
-12.330000 0.00000000000000000000
-12.320000 0.00000000000000000000
-12.310000 0.00000000000000000000
-12.300000 0.00000000000000000000
-12.290000 0.00000000000000000000
-12.280000 0.00000000000000000000
-12.270000 0.00000000000000000000
-12.260000 0.00000000000000000000
-12.250000 0.00000000000000000000
-12.240000 0.00000000000000000000
-12.230000 0.00000000000000000000
-12.220000 0.00000000000000000000
-12.210000 0.00000000000000000000
-12.200000 0.00000000000000000000
-12.190000 0.00000000000000000000
-12.180000 0.00000000000000000000
-12.170000 0.00000000000000000000
-12.160000 0.00000000000000000000
-12.150000 0.00000000000000000000
-12.140000 0.00000000000000000000
-12.130000 0.00000000000000000000
-12.120000 0.00000000000000000000
-12.110000 0.00000000000000000000
-12.100000 0.00000000000000000000
-12.090000 0.00000000000000000000
-12.080000 0.00000000000000000000
-12.070000 0.00000000000000000000
-12.060000 0.00000000000000000000
-12.050000 0.00000000000000000000
-12.040000 0.00000000000000000000
-12.030000 0.00000000000000000000
-12.020000 0.00000000000000000000
-12.010000 0.00000000000000000000
-12.000000 0.00000000000000000000
-11.990000 0.00000000000000000000
-11.980000 0.00000000000000000000
-11.970000 0.00000000000000000000
-11.960000 0.00000000000000000000
-11.950000 0.00000000000000000000
-11.940000 0.00000000000000000000
-11.930000 0.00000000000000000000
-11.920000 0.00000000000000000000
-11.910000 0.00000000000000000000
-11.900000 0.00000000000000000000
-11.890000 0.00000000000000000000
-11.880000 0.00000000000000000000
-11.870000 0.00000000000000000000
-11.860000 0.00000000000000000000
-11.850000 0.00000000000000000000
-11.840000 0.00000000000000000000
-11.830000 0.00000000000000000000
-11.820000 0.00000000000000000000
-11.810000 0.00000000000000000000
-11.800000 0.00000000000000000000
-11.790000 0.00000000000000000000
-11.780000 0.00000000000000000000
-11.770000 0.00000000000000000000
-11.760000 0.00000000000000000000
-11.750000 0.00000000000000000000
-11.740000 0.00000000000000000000
-11.730000 0.00000000000000000000
-11.720000 0.00000000000000000000
-11.710000 0.00000000000000000000
-11.700000 0.00000000000000000000
-11.690000 0.00000000000000000000
-11.680000 0.00000000000000000000
-11.670000 0.00000000000000000000
-11.660000 0.00000000000000000000
-11.650000 0.00000000000000000000
-11.640000 0.00000000000000000000
-11.630000 0.00000000000000000000
-11.620000 0.00000000000000000000
-11.610000 0.00000000000000000000
-11.600000 0.00000000000000000000
-11.590000 0.00000000000000000000
-11.580000 0.00000000000000000000
-11.570000 0.00000000000000000000
-11.560000 0.00000000000000000000
-11.550000 0.00000000000000000000
-11.540000 0.00000000000000000000
-11.530000 0.00000000000000000000
-11.520000 0.00000000000000000000
-11.510000 0.00000000000000000000
-11.500000 0.00000000000000000000
-11.490000 0.00000000000000000000
-11.480000 0.00000000000000000000
-11.470000 0.00000000000000000000
-11.460000 0.00000000000000000000
-11.450000 0.00000000000000000000
-11.440000 0.00000000000000000000
-11.430000 0.00000000000000000000
-11.420000 0.00000000000000000000
-11.410000 0.00000000000000000000
-11.400000 0.00000000000000000000
-11.390000 0.00000000000000000000
-11.380000 0.00000000000000000000
-11.370000 0.00000000000000000000
-11.360000 0.00000000000000000000
-11.350000 0.00000000000000000000
-11.340000 0.00000000000000000000
-11.330000 0.00000000000000000000
-11.320000 0.00000000000000000000
-11.310000 0.00000000000000000000
-11.300000 0.00000000000000000000
-11.290000 0.00000000000000000000
-11.280000 0.00000000000000000000
-11.270000 0.00000000000000000000
-11.260000 0.00000000000000000000
-11.250000 0.00000000000000000000
-11.240000 0.00000000000000000000
-11.230000 0.00000000000000000000
-11.220000 0.00000000000000000000
-11.210000 0.00000000000000000000
-11.200000 0.00000000000000000000
-11.190000 0.00000000000000000000
-11.180000 0.00000000000000000000
-11.170000 0.00000000000000000000
-11.160000 0.00000000000000000000
-11.150000 0.00000000000000000000
-11.140000 0.00000000000000000000
-11.130000 0.00000000000000000000
-11.120000 0.00000000000000000000
-11.110000 0.00000000000000000000
-11.100000 0.00000000000000000000
-11.090000 0.00000000000000000000
-11.080000 0.00000000000000000000
-11.070000 0.00000000000000000000
-11.060000 0.00000000000000000000
-11.050000 0.00000000000000000000
-11.040000 0.00000000000000000000
-11.030000 0.00000000000000000000
-11.020000 0.00000000000000000000
-11.010000 0.00000000000000000000
-11.000000 0.00000000000000000000
-10.990000 0.00000000000000000000
-10.980000 0.00000000000000000000
-10.970000 0.00000000000000000000
-10.960000 0.00000000000000000000
-10.950000 0.00000000000000000000
-10.940000 0.00000000000000000000
-10.930000 0.00000000000000000000
-10.920000 0.00000000000000000000
-10.910000 0.00000000000000000000
-10.900000 0.00000000000000000000
-10.890000 0.00000000000000000000
-10.880000 0.00000000000000000000
-10.870000 0.00000000000000000000
-10.860000 0.00000000000000000000
-10.850000 0.00000000000000000000
-10.840000 0.00000000000000000000
-10.830000 0.00000000000000000000
-10.820000 0.00000000000000000000
-10.810000 0.00000000000000000000
-10.800000 0.00000000000000000000
-10.790000 0.00000000000000000000
-10.780000 0.00000000000000000000
-10.770000 0.00000000000000000000
-10.760000 0.00000000000000000000
-10.750000 0.00000000000000000000
-10.740000 0.00000000000000000000
-10.730000 0.00000000000000000000
-10.720000 0.00000000000000000000
-10.710000 0.00000000000000000000
-10.700000 0.00000000000000000000
-10.690000 0.00000000000000000000
-10.680000 0.00000000000000000000
-10.670000 0.00000000000000000000
-10.660000 0.00000000000000000000
-10.650000 0.00000000000000000000
-10.640000 0.00000000000000000000
-10.630000 0.00000000000000000000
-10.620000 0.00000000000000000000
-10.610000 0.00000000000000000000
-10.600000 0.00000000000000000000
-10.590000 0.00000000000000000000
-10.580000 0.00000000000000000000
-10.570000 0.00000000000000000000
-10.560000 0.00000000000000000000
-10.550000 0.00000000000000000000
-10.540000 0.00000000000000000000
-10.530000 0.00000000000000000000
-10.520000 0.00000000000000000000
-10.510000 0.00000000000000000000
-10.500000 0.00000000000000000000
-10.490000 0.00000000000000000000
-10.480000 0.00000000000000000000
-10.470000 0.00000000000000000000
-10.460000 0.00000000000000000000
-10.450000 0.00000000000000000000
-10.440000 0.00000000000000000000
-10.430000 0.00000000000000000000
-10.420000 0.00000000000000000000
-10.410000 0.00000000000000000000
-10.400000 0.00000000000000000000
-10.390000 0.00000000000000000000
-10.380000 0.00000000000000000000
-10.370000 0.00000000000000000000
-10.360000 0.00000000000000000000
-10.350000 0.00000000000000000000
-10.340000 0.00000000000000000000
-10.330000 0.00000000000000000000
-10.320000 0.00000000000000000000
-10.310000 0.00000000000000000000
-10.300000 0.00000000000000000000
-10.290000 0.00000000000000000000
-10.280000 0.00000000000000000000
-10.270000 0.00000000000000000000
-10.260000 0.00000000000000000000
-10.250000 0.00000000000000000000
-10.240000 0.00000000000000000000
-10.230000 0.00000000000000000000
-10.220000 0.00000000000000000000
-10.210000 0.00000000000000000000
-10.200000 0.00000000000000000000
-10.190000 0.00000000000000000000
-10.180000 0.00000000000000000000
-10.170000 0.00000000000000000000
-10.160000 0.00000000000000000000
-10.150000 0.00000000000000000000
-10.140000 0.00000000000000000000
-10.130000 0.00000000000000000000
-10.120000 0.00000000000000000000
-10.110000 0.00000000000000000000
-10.100000 0.00000000000000000000
-10.090000 0.00000000000000000000
-10.080000 0.00000000000000000000
-10.070000 0.00000000000000000000
-10.060000 0.00000000000000000000
-10.050000 0.00000000000000000000
-10.040000 0.00000000000000000000
-10.030000 0.00000000000000000000
-10.020000 0.00000000000000000000
-10.010000 0.00000000000000000000
-10.000000 0.00000000000000000000
-9.990000 0.00000000000000000000
-9.980000 0.00000000000000000000
-9.970000 0.00000000000000000000
-9.960000 0.00000000000000000000
-9.950000 0.00000000000000000000
-9.940000 0.00000000000000000000
-9.930000 0.00000000000000000000
-9.920000 0.00000000000000000000
-9.910000 0.00000000000000000000
-9.900000 0.00000000000000000000
-9.890000 0.00000000000000000000
-9.880000 0.00000000000000000000
-9.870000 0.00000000000000000000
-9.860000 0.00000000000000000000
-9.850000 0.00000000000000000000
-9.840000 0.00000000000000000000
-9.830000 0.00000000000000000000
-9.820000 0.00000000000000000000
-9.810000 0.00000000000000000000
-9.800000 0.00000000000000000000
-9.790000 0.00000000000000000000
-9.780000 0.00000000000000000000
-9.770000 0.00000000000000000000
-9.760000 0.00000000000000000000
-9.750000 0.00000000000000000000
-9.740000 0.00000000000000000000
-9.730000 0.00000000000000000000
-9.720000 0.00000000000000000000
-9.710000 0.00000000000000000000
-9.700000 0.00000000000000000000
-9.690000 0.00000000000000000000
-9.680000 0.00000000000000000000
-9.670000 0.00000000000000000000
-9.660000 0.00000000000000000000
-9.650000 0.00000000000000000000
-9.640000 0.00000000000000000000
-9.630000 0.00000000000000000000
-9.620000 0.00000000000000000000
-9.610000 0.00000000000000000000
-9.600000 0.00000000000000000000
-9.590000 0.00000000000000000000
-9.580000 0.00000000000000000000
-9.570000 0.00000000000000000000
-9.560000 0.00000000000000000000
-9.550000 0.00000000000000000000
-9.540000 0.00000000000000000000
-9.530000 0.00000000000000000000
-9.520000 0.00000000000000000000
-9.510000 0.00000000000000000000
-9.500000 0.00000000000000000000
-9.490000 0.00000000000000000000
-9.480000 0.00000000000000000000
-9.470000 0.00000000000000000000
-9.460000 0.00000000000000000000
-9.450000 0.00000000000000000000
-9.440000 0.00000000000000000000
-9.430000 0.00000000000000000000
-9.420000 0.00000000000000000000
-9.410000 0.00000000000000000000
-9.400000 0.00000000000000000000
-9.390000 0.00000000000000000000
-9.380000 0.00000000000000000000
-9.370000 0.00000000000000000000
-9.360000 0.00000000000000000000
-9.350000 0.00000000000000000000
-9.340000 0.00000000000000000000
-9.330000 0.00000000000000000000
-9.320000 0.00000000000000000000
-9.310000 0.00000000000000000000
-9.300000 0.00000000000000000000
-9.290000 0.00000000000000000000
-9.280000 0.00000000000000000000
-9.270000 0.00000000000000000000
-9.260000 0.00000000000000000000
-9.250000 0.00000000000000000000
-9.240000 0.00000000000000000000
-9.230000 0.00000000000000000000
-9.220000 0.00000000000000000000
-9.210000 0.00000000000000000000
-9.200000 0.00000000000000000000
-9.190000 0.00000000000000000000
-9.180000 0.00000000000000000000
-9.170000 0.00000000000000000000
-9.160000 0.00000000000000000000
-9.150000 0.00000000000000000000
-9.140000 0.00000000000000000000
-9.130000 0.00000000000000000000
-9.120000 0.00000000000000000000
-9.110000 0.00000000000000000000
-9.100000 0.00000000000000000000
-9.090000 0.00000000000000000000
-9.080000 0.00000000000000000000
-9.070000 0.00000000000000000000
-9.060000 0.00000000000000000000
-9.050000 0.00000000000000000000
-9.040000 0.00000000000000000000
-9.030000 0.00000000000000000000
-9.020000 0.00000000000000000000
-9.010000 0.00000000000000000000
-9.000000 0.00000000000000000000
-8.990000 0.00000000000000000000
-8.980000 0.00000000000000000000
-8.970000 0.00000000000000000000
-8.960000 0.00000000000000000000
-8.950000 0.00000000000000000000
-8.940000 0.00000000000000000000
-8.930000 0.00000000000000000000
-8.920000 0.00000000000000000000
-8.910000 0.00000000000000000000
-8.900000 0.00000000000000000000
-8.890000 0.00000000000000000000
-8.880000 0.00000000000000000000
-8.870000 0.00000000000000000000
-8.860000 0.00000000000000000000
-8.850000 0.00000000000000000000
-8.840000 0.00000000000000000000
-8.830000 0.00000000000000000000
-8.820000 0.00000000000000000000
-8.810000 0.00000000000000000000
-8.800000 0.00000000000000000000
-8.790000 0.00000000000000000000
-8.780000 0.00000000000000000000
-8.770000 0.00000000000000000000
-8.760000 0.00000000000000000000
-8.750000 0.00000000000000000000
-8.740000 0.00000000000000000000
-8.730000 0.00000000000000000000
-8.720000 0.00000000000000000000
-8.710000 0.00000000000000000000
-8.700000 0.00000000000000000000
-8.690000 0.00000000000000000000
-8.680000 0.00000000000000000000
-8.670000 0.00000000000000000000
-8.660000 0.00000000000000000000
-8.650000 0.00000000000000000000
-8.640000 0.00000000000000000000
-8.630000 0.00000000000000000000
-8.620000 0.00000000000000000000
-8.610000 0.00000000000000000000
-8.600000 0.00000000000000000000
-8.590000 0.00000000000000000000
-8.580000 0.00000000000000000000
-8.570000 0.00000000000000000000
-8.560000 0.00000000000000000000
-8.550000 0.00000000000000000000
-8.540000 0.00000000000000000000
-8.530000 0.00000000000000000000
-8.520000 0.00000000000000000000
-8.510000 0.00000000000000000000
-8.500000 0.00000000000000000000
-8.490000 0.00000000000000000000
-8.480000 0.00000000000000000000
-8.470000 0.00000000000000000000
-8.460000 0.00000000000000000000
-8.450000 0.00000000000000000000
-8.440000 0.00000000000000000000
-8.430000 0.00000000000000000000
-8.420000 0.00000000000000000000
-8.410000 0.00000000000000000000
-8.400000 0.00000000000000000000
-8.390000 0.00000000000000000000
-8.380000 0.00000000000000000000
-8.370000 0.00000000000000000000
-8.360000 0.00000000000000000000
-8.350000 0.00000000000000000000
-8.340000 0.00000000000000000000
-8.330000 0.00000000000000000000
-8.320000 0.00000000000000000000
-8.310000 0.00000000000000000000
-8.300000 0.00000000000000000000
-8.290000 0.00000000000000000000
-8.280000 0.00000000000000000000
-8.270000 0.00000000000000000000
-8.260000 0.00000000000000000000
-8.250000 0.00000000000000000000
-8.240000 0.00000000000000000000
-8.230000 0.00000000000000000000
-8.220000 0.00000000000000000000
-8.210000 0.00000000000000000000
-8.200000 0.00000000000000000000
-8.190000 0.00000000000000000000
-8.180000 0.00000000000000000000
-8.170000 0.00000000000000000000
-8.160000 0.00000000000000000000
-8.150000 0.00000000000000000000
-8.140000 0.00000000000000000000
-8.130000 0.00000000000000000000
-8.120000 0.00000000000000000000
-8.110000 0.00000000000000000000
-8.100000 0.00000000000000000000
-8.090000 0.00000000000000000000
-8.080000 0.00000000000000000000
-8.070000 0.00000000000000000000
-8.060000 0.00000000000000000000
-8.050000 0.00000000000000000000
-8.040000 0.00000000000000000000
-8.030000 0.00000000000000000000
-8.020000 0.00000000000000000000
-8.010000 0.00000000000000000000
-8.000000 0.00000000000000000000
-7.990000 0.00000000000000000000
-7.980000 0.00000000000000000000
-7.970000 0.00000000000000000000
-7.960000 0.00000000000000000000
-7.950000 0.00000000000000000000
-7.940000 0.00000000000000000000
-7.930000 0.00000000000000000000
-7.920000 0.00000000000000000000
-7.910000 0.00000000000000000000
-7.900000 0.00000000000000000000
-7.890000 0.00000000000000000000
-7.880000 0.00000000000000000000
-7.870000 0.00000000000000000000
-7.860000 0.00000000000000000000
-7.850000 0.00000000000000000000
-7.840000 0.00000000000000000000
-7.830000 0.00000000000000000000
-7.820000 0.00000000000000000000
-7.810000 0.00000000000000000000
-7.800000 0.00000000000000000000
-7.790000 0.00000000000000000000
-7.780000 0.00000000000000000000
-7.770000 0.00000000000000000000
-7.760000 0.00000000000000000000
-7.750000 0.00000000000000000000
-7.740000 0.00000000000000000000
-7.730000 0.00000000000000000000
-7.720000 0.00000000000000000000
-7.710000 0.00000000000000000000
-7.700000 0.00000000000000000000
-7.690000 0.00000000000000000000
-7.680000 0.00000000000000000000
-7.670000 0.00000000000000000000
-7.660000 0.00000000000000000000
-7.650000 0.00000000000000000000
-7.640000 0.00000000000000000000
-7.630000 0.00000000000000000000
-7.620000 0.00000000000000000000
-7.610000 0.00000000000000000000
-7.600000 0.00000000000000000000
-7.590000 0.00000000000000000000
-7.580000 0.00000000000000000000
-7.570000 0.00000000000000000000
-7.560000 0.00000000000000000000
-7.550000 0.00000000000000000000
-7.540000 0.00000000000000000000
-7.530000 0.00000000000000000000
-7.520000 0.00000000000000000000
-7.510000 0.00000000000000000000
-7.500000 0.00000000000000000000
-7.490000 0.00000000000000000000
-7.480000 0.00000000000000000000
-7.470000 0.00000000000000000000
-7.460000 0.00000000000000000000
-7.450000 0.00000000000000000000
-7.440000 0.00000000000000000000
-7.430000 0.00000000000000000000
-7.420000 0.00000000000000000000
-7.410000 0.00000000000000000000
-7.400000 0.00000000000000000000
-7.390000 0.00000000000000000000
-7.380000 0.00000000000000000000
-7.370000 0.00000000000000000000
-7.360000 0.00000000000000000000
-7.350000 0.00000000000000000000
-7.340000 0.00000000000000000000
-7.330000 0.00000000000000000000
-7.320000 0.00000000000000000000
-7.310000 0.00000000000000000000
-7.300000 0.00000000000000000000
-7.290000 0.00000000000000000000
-7.280000 0.00000000000000000000
-7.270000 0.00000000000000000000
-7.260000 0.00000000000000000000
-7.250000 0.00000000000000000000
-7.240000 0.00000000000000000000
-7.230000 0.00000000000000000000
-7.220000 0.00000000000000000000
-7.210000 0.00000000000000000000
-7.200000 0.00000000000000000000
-7.190000 0.00000000000000000000
-7.180000 0.00000000000000000000
-7.170000 0.00000000000000000000
-7.160000 0.00000000000000000000
-7.150000 0.00000000000000000000
-7.140000 0.00000000000000000000
-7.130000 0.00000000000000000000
-7.120000 0.00000000000000000000
-7.110000 0.00000000000000000000
-7.100000 0.00000000000000000000
-7.090000 0.00000000000000000000
-7.080000 0.00000000000000000000
-7.070000 0.00000000000000000000
-7.060000 0.00000000000000000000
-7.050000 0.00000000000000000000
-7.040000 0.00000000000000000000
-7.030000 0.00000000000000000000
-7.020000 0.00000000000000000000
-7.010000 0.00000000000000000000
-7.000000 0.00000000000000000000
-6.990000 0.00000000000000000000
-6.980000 0.00000000000000000000
-6.970000 0.00000000000000000000
-6.960000 0.00000000000000000000
-6.950000 0.00000000000000000000
-6.940000 0.00000000000000000000
-6.930000 0.00000000000000000000
-6.920000 0.00000000000000000000
-6.910000 0.00000000000000000000
-6.900000 0.00000000000000000000
-6.890000 0.00000000000000000000
-6.880000 0.00000000000000000000
-6.870000 0.00000000000000000000
-6.860000 0.00000000000000000000
-6.850000 0.00000000000000000000
-6.840000 0.00000000000000000000
-6.830000 0.00000000000000000000
-6.820000 0.00000000000000000000
-6.810000 0.00000000000000000000
-6.800000 0.00000000000000000000
-6.790000 0.00000000000000000000
-6.780000 0.00000000000000000000
-6.770000 0.00000000000000000000
-6.760000 0.00000000000000000000
-6.750000 0.00000000000000000000
-6.740000 0.00000000000000000000
-6.730000 0.00000000000000000000
-6.720000 0.00000000000000000000
-6.710000 0.00000000000000000000
-6.700000 0.00000000000000000000
-6.690000 0.00000000000000000000
-6.680000 0.00000000000000000000
-6.670000 0.00000000000000000000
-6.660000 0.00000000000000000000
-6.650000 0.00000000000000000000
-6.640000 0.00000000000000000000
-6.630000 0.00000000000000000000
-6.620000 0.00000000000000000000
-6.610000 0.00000000000000000000
-6.600000 0.00000000000000000000
-6.590000 0.00000000000000000000
-6.580000 0.00000000000000000000
-6.570000 0.00000000000000000000
-6.560000 0.00000000000000000000
-6.550000 0.00000000000000000000
-6.540000 0.00000000000000000000
-6.530000 0.00000000000000000000
-6.520000 0.00000000000000000000
-6.510000 0.00000000000000000000
-6.500000 0.00000000000000000000
-6.490000 0.00000000000000000000
-6.480000 0.00000000000000000000
-6.470000 0.00000000000000000001
-6.460000 0.00000000000000000001
-6.450000 0.00000000000000000001
-6.440000 0.00000000000000000001
-6.430000 0.00000000000000000001
-6.420000 0.00000000000000000001
-6.410000 0.00000000000000000001
-6.400000 0.00000000000000000001
-6.390000 0.00000000000000000001
-6.380000 0.00000000000000000001
-6.370000 0.00000000000000000001
-6.360000 0.00000000000000000001
-6.350000 0.00000000000000000001
-6.340000 0.00000000000000000001
-6.330000 0.00000000000000000001
-6.320000 0.00000000000000000001
-6.310000 0.00000000000000000002
-6.300000 0.00000000000000000002
-6.290000 0.00000000000000000002
-6.280000 0.00000000000000000002
-6.270000 0.00000000000000000002
-6.260000 0.00000000000000000002
-6.250000 0.00000000000000000002
-6.240000 0.00000000000000000002
-6.230000 0.00000000000000000003
-6.220000 0.00000000000000000003
-6.210000 0.00000000000000000003
-6.200000 0.00000000000000000003
-6.190000 0.00000000000000000003
-6.180000 0.00000000000000000004
-6.170000 0.00000000000000000004
-6.160000 0.00000000000000000004
-6.150000 0.00000000000000000005
-6.140000 0.00000000000000000005
-6.130000 0.00000000000000000005
-6.120000 0.00000000000000000006
-6.110000 0.00000000000000000006
-6.100000 0.00000000000000000006
-6.090000 0.00000000000000000007
-6.080000 0.00000000000000000007
-6.070000 0.00000000000000000008
-6.060000 0.00000000000000000008
-6.050000 0.00000000000000000009
-6.040000 0.00000000000000000010
-6.030000 0.00000000000000000010
-6.020000 0.00000000000000000011
-6.010000 0.00000000000000000012
-6.000000 0.00000000000000000013
-5.990000 0.00000000000000000013
-5.980000 0.00000000000000000014
-5.970000 0.00000000000000000015
-5.960000 0.00000000000000000016
-5.950000 0.00000000000000000018
-5.940000 0.00000000000000000019
-5.930000 0.00000000000000000020
-5.920000 0.00000000000000000022
-5.910000 0.00000000000000000023
-5.900000 0.00000000000000000025
-5.890000 0.00000000000000000026
-5.880000 0.00000000000000000028
-5.870000 0.00000000000000000030
-5.860000 0.00000000000000000032
-5.850000 0.00000000000000000035
-5.840000 0.00000000000000000037
-5.830000 0.00000000000000000040
-5.820000 0.00000000000000000042
-5.810000 0.00000000000000000045
-5.800000 0.00000000000000000049
-5.790000 0.00000000000000000052
-5.780000 0.00000000000000000056
-5.770000 0.00000000000000000060
-5.760000 0.00000000000000000064
-5.750000 0.00000000000000000068
-5.740000 0.00000000000000000073
-5.730000 0.00000000000000000078
-5.720000 0.00000000000000000084
-5.710000 0.00000000000000000089
-5.700000 0.00000000000000000096
-5.690000 0.00000000000000000102
-5.680000 0.00000000000000000110
-5.670000 0.00000000000000000117
-5.660000 0.00000000000000000125
-5.650000 0.00000000000000000134
-5.640000 0.00000000000000000144
-5.630000 0.00000000000000000154
-5.620000 0.00000000000000000165
-5.610000 0.00000000000000000176
-5.600000 0.00000000000000000188
-5.590000 0.00000000000000000202
-5.580000 0.00000000000000000216
-5.570000 0.00000000000000000231
-5.560000 0.00000000000000000247
-5.550000 0.00000000000000000264
-5.540000 0.00000000000000000283
-5.530000 0.00000000000000000303
-5.520000 0.00000000000000000324
-5.510000 0.00000000000000000347
-5.500000 0.00000000000000000371
-5.490000 0.00000000000000000397
-5.480000 0.00000000000000000425
-5.470000 0.00000000000000000455
-5.460000 0.00000000000000000487
-5.450000 0.00000000000000000521
-5.440000 0.00000000000000000557
-5.430000 0.00000000000000000596
-5.420000 0.00000000000000000638
-5.410000 0.00000000000000000683
-5.400000 0.00000000000000000731
-5.390000 0.00000000000000000782
-5.380000 0.00000000000000000837
-5.370000 0.00000000000000000895
-5.360000 0.00000000000000000958
-5.350000 0.00000000000000001025
-5.340000 0.00000000000000001097
-5.330000 0.00000000000000001174
-5.320000 0.00000000000000001256
-5.310000 0.00000000000000001344
-5.300000 0.00000000000000001438
-5.290000 0.00000000000000001539
-5.280000 0.00000000000000001647
-5.270000 0.00000000000000001763
-5.260000 0.00000000000000001886
-5.250000 0.00000000000000002018
-5.240000 0.00000000000000002160
-5.230000 0.00000000000000002311
-5.220000 0.00000000000000002473
-5.210000 0.00000000000000002647
-5.200000 0.00000000000000002832
-5.190000 0.00000000000000003031
-5.180000 0.00000000000000003243
-5.170000 0.00000000000000003470
-5.160000 0.00000000000000003714
-5.150000 0.00000000000000003974
-5.140000 0.00000000000000004253
-5.130000 0.00000000000000004551
-5.120000 0.00000000000000004870
-5.110000 0.00000000000000005211
-5.100000 0.00000000000000005576
-5.090000 0.00000000000000005967
-5.080000 0.00000000000000006385
-5.070000 0.00000000000000006833
-5.060000 0.00000000000000007312
-5.050000 0.00000000000000007825
-5.040000 0.00000000000000008373
-5.030000 0.00000000000000008960
-5.020000 0.00000000000000009588
-5.010000 0.00000000000000010260
-5.000000 0.00000000000000010980
-4.990000 0.00000000000000011749
-4.980000 0.00000000000000012573
-4.970000 0.00000000000000013454
-4.960000 0.00000000000000014398
-4.950000 0.00000000000000015407
-4.940000 0.00000000000000016487
-4.930000 0.00000000000000017642
-4.920000 0.00000000000000018879
-4.910000 0.00000000000000020203
-4.900000 0.00000000000000021619
-4.890000 0.00000000000000023134
-4.880000 0.00000000000000024756
-4.870000 0.00000000000000026491
-4.860000 0.00000000000000028348
-4.850000 0.00000000000000030336
-4.840000 0.00000000000000032462
-4.830000 0.00000000000000034738
-4.820000 0.00000000000000037172
-4.810000 0.00000000000000039778
-4.800000 0.00000000000000042567
-4.790000 0.00000000000000045550
-4.780000 0.00000000000000048744
-4.770000 0.00000000000000052161
-4.760000 0.00000000000000055816
-4.750000 0.00000000000000059730
-4.740000 0.00000000000000063916
-4.730000 0.00000000000000068397
-4.720000 0.00000000000000073192
-4.710000 0.00000000000000078322
-4.700000 0.00000000000000083813
-4.690000 0.00000000000000089688
-4.680000 0.00000000000000095974
-4.670000 0.00000000000000102703
-4.660000 0.00000000000000109902
-4.650000 0.00000000000000117605
-4.640000 0.00000000000000125851
-4.630000 0.00000000000000134671
-4.620000 0.00000000000000144112
-4.610000 0.00000000000000154215
-4.600000 0.00000000000000165023
-4.590000 0.00000000000000176594
-4.580000 0.00000000000000188972
-4.570000 0.00000000000000202217
-4.560000 0.00000000000000216396
-4.550000 0.00000000000000231561
-4.540000 0.00000000000000247795
-4.530000 0.00000000000000265167
-4.520000 0.00000000000000283750
-4.510000 0.00000000000000303646
-4.500000 0.00000000000000324929
-4.490000 0.00000000000000347703
-4.480000 0.00000000000000372084
-4.470000 0.00000000000000398160
-4.460000 0.00000000000000426072
-4.450000 0.00000000000000455944
-4.440000 0.00000000000000487897
-4.430000 0.00000000000000522107
-4.420000 0.00000000000000558703
-4.410000 0.00000000000000597860
-4.400000 0.00000000000000639782
-4.390000 0.00000000000000684621
-4.380000 0.00000000000000732612
-4.370000 0.00000000000000783977
-4.360000 0.00000000000000838919
-4.350000 0.00000000000000897740
-4.340000 0.00000000000000960667
-4.330000 0.00000000000001027996
-4.320000 0.00000000000001100079
-4.310000 0.00000000000001177177
-4.300000 0.00000000000001259695
-4.290000 0.00000000000001348016
-4.280000 0.00000000000001442486
-4.270000 0.00000000000001543625
-4.260000 0.00000000000001651828
-4.250000 0.00000000000001767595
-4.240000 0.00000000000001891540
-4.230000 0.00000000000002024109
-4.220000 0.00000000000002165990
-4.210000 0.00000000000002317858
-4.200000 0.00000000000002480296
-4.190000 0.00000000000002654196
-4.180000 0.00000000000002840251
-4.170000 0.00000000000003039306
-4.160000 0.00000000000003252423
-4.150000 0.00000000000003480374
-4.140000 0.00000000000003724327
-4.130000 0.00000000000003985463
-4.120000 0.00000000000004264768
-4.110000 0.00000000000004563773
-4.100000 0.00000000000004883697
-4.090000 0.00000000000005225961
-4.080000 0.00000000000005592405
-4.070000 0.00000000000005984364
-4.060000 0.00000000000006403820
-4.050000 0.00000000000006852839
-4.040000 0.00000000000007333096
-4.030000 0.00000000000007847208
-4.020000 0.00000000000008397320
-4.010000 0.00000000000008985823
-4.000000 0.00000000000009615903
-3.990000 0.00000000000010289873
-3.980000 0.00000000000011011094
-3.970000 0.00000000000011783175
-3.960000 0.00000000000012608962
-3.950000 0.00000000000013492927
-3.940000 0.00000000000014438852
-3.930000 0.00000000000015450752
-3.920000 0.00000000000016534137
-3.910000 0.00000000000017693022
-3.900000 0.00000000000018933108
-3.890000 0.00000000000020260682
-3.880000 0.00000000000021680600
-3.870000 0.00000000000023200491
-3.860000 0.00000000000024827021
-3.850000 0.00000000000026566933
-3.840000 0.00000000000028429743
-3.830000 0.00000000000030422441
-3.820000 0.00000000000032554676
-3.810000 0.00000000000034837404
-3.800000 0.00000000000037278916
-3.790000 0.00000000000039892219
-3.780000 0.00000000000042689055
-3.770000 0.00000000000045680751
-3.760000 0.00000000000048883724
-3.750000 0.00000000000052310163
-3.740000 0.00000000000055976393
-3.730000 0.00000000000059901468
-3.720000 0.00000000000064099594
-3.710000 0.00000000000068592921
-3.700000 0.00000000000073402094
-3.690000 0.00000000000078546184
-3.680000 0.00000000000084053459
-3.670000 0.00000000000089945221
-3.660000 0.00000000000096249057
-3.650000 0.00000000000102998078
-3.640000 0.00000000000110216671
-3.630000 0.00000000000117942536
-3.620000 0.00000000000126211911
-3.610000 0.00000000000135056960
-3.600000 0.00000000000144526287
-3.590000 0.00000000000154657188
-3.580000 0.00000000000165496229
-3.570000 0.00000000000177100888
-3.560000 0.00000000000189513134
-3.550000 0.00000000000202797079
-3.540000 0.00000000000217016229
-3.530000 0.00000000000232224951
-3.520000 0.00000000000248506673
-3.510000 0.00000000000265926809
-3.500000 0.00000000000284563880
-3.490000 0.00000000000304517548
-3.480000 0.00000000000325860223
-3.470000 0.00000000000348700839
-3.460000 0.00000000000373150534
-3.450000 0.00000000000399301390
-3.440000 0.00000000000427296383
-3.430000 0.00000000000457250442
-3.420000 0.00000000000489295805
-3.410000 0.00000000000523605111
-3.400000 0.00000000000560303589
-3.390000 0.00000000000599576162
-3.380000 0.00000000000641617064
-3.370000 0.00000000000686582605
-3.360000 0.00000000000734717415
-3.350000 0.00000000000786223727
-3.340000 0.00000000000841323971
-3.330000 0.00000000000900316898
-3.320000 0.00000000000963419596
-3.310000 0.00000000001030945707
-3.300000 0.00000000001103234239
-3.290000 0.00000000001180551146
-3.280000 0.00000000001263314300
-3.270000 0.00000000001351880064
-3.260000 0.00000000001446622080
-3.250000 0.00000000001548056841
-3.240000 0.00000000001656561528
-3.230000 0.00000000001772667605
-3.220000 0.00000000001896966023
-3.210000 0.00000000002029910369
-3.200000 0.00000000002172213390
-3.190000 0.00000000002324503448
-3.180000 0.00000000002487407735
-3.170000 0.00000000002661818202
-3.160000 0.00000000002848391622
-3.150000 0.00000000003048027690
-3.140000 0.00000000003261755309
-3.130000 0.00000000003490349938
-3.120000 0.00000000003735026292
-3.110000 0.00000000003996890509
-3.100000 0.00000000004276997029
-3.090000 0.00000000004576883710
-3.080000 0.00000000004897696573
-3.070000 0.00000000005240957153
-3.060000 0.00000000005608454811
-3.050000 0.00000000006001518528
-3.040000 0.00000000006422216875
-3.030000 0.00000000006872493733
-3.020000 0.00000000007354125101
-3.010000 0.00000000007869758156
-3.000000 0.00000000008421396619
-2.990000 0.00000000009011610964
-2.980000 0.00000000009643509618
-2.970000 0.00000000010319375800
-2.960000 0.00000000011042729288
-2.950000 0.00000000011816980714
-2.940000 0.00000000012645127271
-2.930000 0.00000000013531718282
-2.920000 0.00000000014480263683
-2.910000 0.00000000015495101282
-2.900000 0.00000000016581625179
-2.890000 0.00000000017743767625
-2.880000 0.00000000018987512744
-2.870000 0.00000000020318835632
-2.860000 0.00000000021742804843
-2.850000 0.00000000023267226057
-2.840000 0.00000000024898258515
-2.830000 0.00000000026643214120
-2.820000 0.00000000028511443645
-2.810000 0.00000000030509735837
-2.800000 0.00000000032648255916
-2.790000 0.00000000034937456738
-2.780000 0.00000000037385928331
-2.770000 0.00000000040007041998
-2.760000 0.00000000042811623748
-2.750000 0.00000000045811983880
-2.740000 0.00000000049024315845
-2.730000 0.00000000052460367949
-2.720000 0.00000000056137392719
-2.710000 0.00000000060073651692
-2.700000 0.00000000064283735827
-2.690000 0.00000000068790513325
-2.680000 0.00000000073613041823
-2.670000 0.00000000078772020700
-2.660000 0.00000000084295465963
-2.650000 0.00000000090203756183
-2.640000 0.00000000096526146114
-2.630000 0.00000000103294498308
-2.620000 0.00000000110533654647
-2.610000 0.00000000118282661291
-2.600000 0.00000000126575113315
-2.590000 0.00000000135445769608
-2.580000 0.00000000144943053932
-2.570000 0.00000000155102394924
-2.560000 0.00000000165973352993
-2.550000 0.00000000177611453388
-2.540000 0.00000000190059091935
-2.530000 0.00000000203382853211
-2.520000 0.00000000217641955719
-2.510000 0.00000000232894763781
-2.500000 0.00000000249224870292
-2.490000 0.00000000266694003127
-2.480000 0.00000000285386041394
-2.470000 0.00000000305397632652
-2.460000 0.00000000326801307199
-2.450000 0.00000000349710523057
-2.440000 0.00000000374229480919
-2.430000 0.00000000400456354043
-2.420000 0.00000000428535211585
-2.410000 0.00000000458573827507
-2.400000 0.00000000490714022001
-2.390000 0.00000000525123831512
-2.380000 0.00000000561927646386
-2.370000 0.00000000601318645161
-2.360000 0.00000000643479875094
-2.350000 0.00000000688576783902
-2.340000 0.00000000736857269961
-2.330000 0.00000000788509875358
-2.320000 0.00000000843774136428
-2.310000 0.00000000902941896016
-2.300000 0.00000000966227014832
-2.290000 0.00000001033958147324
-2.280000 0.00000001106456350648
-2.270000 0.00000001184001009753
-2.260000 0.00000001267018003443
-2.250000 0.00000001355837791816
-2.240000 0.00000001450864519636
-2.230000 0.00000001552604533153
-2.220000 0.00000001661426429896
-2.210000 0.00000001777888902037
-2.200000 0.00000001902554254195
-2.190000 0.00000002035895279239
-2.180000 0.00000002178642468658
-2.170000 0.00000002331376051940
-2.160000 0.00000002494777139292
-2.150000 0.00000002669723377052
-2.140000 0.00000002856851627205
-2.130000 0.00000003057110864368
-2.120000 0.00000003271484585266
-2.110000 0.00000003500774678065
-2.100000 0.00000003746232171395
-2.090000 0.00000004008877548198
-2.080000 0.00000004289857365598
-2.070000 0.00000004590691423980
-2.060000 0.00000004912482785360
-2.050000 0.00000005256842036865
-2.040000 0.00000005625487196058
-2.030000 0.00000006019781525148
-2.020000 0.00000006441864211876
-2.010000 0.00000006893532865499
-2.000000 0.00000007376715259713
-1.990000 0.00000007894040894910
-1.980000 0.00000008447424927159
-1.970000 0.00000009039598619654
-1.960000 0.00000009673559609128
-1.950000 0.00000010351631246852
-1.940000 0.00000011077465915510
-1.930000 0.00000011854234689789
-1.920000 0.00000012685175081084
-1.910000 0.00000013574832813179
-1.900000 0.00000014526540972201
-1.890000 0.00000015544927632453
-1.880000 0.00000016635217656871
-1.870000 0.00000017801380845716
-1.860000 0.00000019049647723051
-1.850000 0.00000020385608652772
-1.840000 0.00000021814705606893
-1.830000 0.00000023344787430916
-1.820000 0.00000024981668726472
-1.810000 0.00000026733185791325
-1.800000 0.00000028608437158632
-1.790000 0.00000030614224152910
-1.780000 0.00000032761169874302
-1.770000 0.00000035059115268165
-1.760000 0.00000037517226926610
-1.750000 0.00000040149039048201
-1.740000 0.00000042964719439871
-1.730000 0.00000045977527536412
-1.720000 0.00000049203295421633
-1.710000 0.00000052653708706699
-1.700000 0.00000056346872585296
-1.690000 0.00000060300089321095
-1.680000 0.00000064528835596021
-1.670000 0.00000069056422037891
-1.660000 0.00000073900671976420
-1.650000 0.00000079084008331496
-1.640000 0.00000084633964866280
-1.630000 0.00000090570679808760
-1.620000 0.00000096925002877415
-1.610000 0.00000103727326533603
-1.600000 0.00000111003850883123
-1.590000 0.00000118794687174254
-1.580000 0.00000127131157655728
-1.570000 0.00000136051166894082
-1.560000 0.00000145602586285585
-1.550000 0.00000155820234293549
-1.540000 0.00000166756676498116
-1.530000 0.00000178465269393114
-1.520000 0.00000190990502458363
-1.510000 0.00000204401352572339
-1.500000 0.00000218753016128320
-1.490000 0.00000234109561832443
-1.480000 0.00000250554230887735
-1.470000 0.00000268147441383787
-1.460000 0.00000286978794024011
-1.450000 0.00000307141954477875
-1.440000 0.00000328712740084965
-1.430000 0.00000351809743334490
-1.420000 0.00000376530534248780
-1.410000 0.00000402983441068462
-1.400000 0.00000431313303883784
-1.390000 0.00000461625394125375
-1.380000 0.00000494072578286663
-1.370000 0.00000528819382534624
-1.360000 0.00000565995567527273
-1.350000 0.00000605805119246905
-1.340000 0.00000648421145113021
-1.330000 0.00000694026984841220
-1.320000 0.00000742875021684652
-1.310000 0.00000795149568409114
-1.300000 0.00000851111865562858
-1.290000 0.00000911051347495664
-1.280000 0.00000975191268391729
-1.270000 0.00001043882999378695
-1.260000 0.00001117434956551903
-1.250000 0.00001196158127497421
-1.240000 0.00001280493360038513
-1.230000 0.00001370765260729786
-1.220000 0.00001467421522197932
-1.210000 0.00001570972742066424
-1.200000 0.00001681805567746162
-1.190000 0.00001800527306916495
-1.180000 0.00001927689219398427
-1.170000 0.00002063821981022248
-1.160000 0.00002209698262615872
-1.150000 0.00002365893990077932
-1.140000 0.00002533179739462507
-1.130000 0.00002712460376306106
-1.120000 0.00002904411178283661
-1.110000 0.00003110087434281580
-1.100000 0.00003330479224180133
-1.090000 0.00003566499875244762
-1.080000 0.00003819510964037807
-1.070000 0.00004090544049527546
-1.060000 0.00004380934186192604
-1.050000 0.00004692296119399266
-1.040000 0.00005025822128311236
-1.030000 0.00005383360341069502
-1.020000 0.00005766702496644661
-1.010000 0.00006177438496337393
-1.000000 0.00006617987452532098
-0.990000 0.00007090219960825639
-0.980000 0.00007596471186030149
-0.970000 0.00008139651974987041
-0.960000 0.00008721897484800698
-0.950000 0.00009346480570829788
-0.940000 0.00010016680143565504
-0.930000 0.00010735305993733931
-0.920000 0.00011506707584080551
-0.910000 0.00012334332001501396
-0.900000 0.00013222318778110913
-0.890000 0.00014175990258046917
-0.880000 0.00015199241069987192
-0.870000 0.00016297956863954767
-0.860000 0.00017478232941785607
-0.850000 0.00018745134123898305
-0.840000 0.00020106610689394778
-0.830000 0.00021569148182733213
-0.820000 0.00023140219534955139
-0.810000 0.00024829745070663361
-0.800000 0.00026644997772285877
-0.790000 0.00028596781267230525
-0.780000 0.00030696667641148329
-0.770000 0.00032954020687001723
-0.760000 0.00035383695021565980
-0.750000 0.00037998217756759025
-0.740000 0.00040811404853138405
-0.730000 0.00043842213775319015
-0.720000 0.00047104630753962585
-0.710000 0.00050619016122667069
-0.700000 0.00054407942149560181
-0.690000 0.00058489273598943806
-0.680000 0.00062891550249988412
-0.670000 0.00067639759709042227
-0.660000 0.00072760218517034536
-0.650000 0.00078290290773151336
-0.640000 0.00084257837890762031
-0.630000 0.00090702487038715025
-0.620000 0.00097669736822207729
-0.610000 0.00105194964444430081
-0.600000 0.00113334874858829916
-0.590000 0.00122141156267294246
-0.580000 0.00131665757753593330
-0.570000 0.00141984962562484137
-0.560000 0.00153156490616019833
-0.550000 0.00165260284808767992
-0.540000 0.00178391360765016980
-0.530000 0.00192622571387125198
-0.520000 0.00208070593589891216
-0.510000 0.00224845902502850874
-0.500000 0.00243054751788883460
-0.490000 0.00262857528634049143
-0.480000 0.00284377429200860553
-0.470000 0.00307779764613237651
-0.460000 0.00333266349744742486
-0.450000 0.00360989448174159778
-0.440000 0.00391190212474280125
-0.430000 0.00424101322599282089
-0.420000 0.00459935839244804499
-0.410000 0.00499015072525841024
-0.400000 0.00541580647986235689
-0.390000 0.00587939849482468305
-0.380000 0.00638446805357815832
-0.370000 0.00693343638858968415
-0.360000 0.00752975870497426310
-0.350000 0.00817581346724490302
-0.340000 0.00887321530316940305
-0.330000 0.00962257114312499093
-0.320000 0.01042193858857867576
-0.310000 0.01126764241864998232
-0.300000 0.01214883687503749872
-0.290000 0.01305552917998804331
-0.280000 0.01396992442390679670
-0.270000 0.01487998923275282714
-0.260000 0.01577801382195661434
-0.250000 0.01666072960846130824
-0.240000 0.01752643954823008762
-0.230000 0.01837340410263535104
-0.220000 0.01919960221523822619
-0.210000 0.02000353628367664352
-0.200000 0.02078293106454033937
-0.190000 0.02153536903922883411
-0.180000 0.02225884833852298517
-0.170000 0.02295019434290498581
-0.160000 0.02360680050315245096
-0.150000 0.02422570722122741049
-0.140000 0.02480303528894052881
-0.130000 0.02533604534185651680
-0.120000 0.02582080162973280496
-0.110000 0.02625358336294956671
-0.100000 0.02663170817621212869
-0.090000 0.02695178369052349601
-0.080000 0.02721252301785430372
-0.070000 0.02741325072061517182
-0.060000 0.02755680861727316175
-0.050000 0.02764820526111358076
-0.040000 0.02769711908063934858
-0.030000 0.02771923800611511210
-0.020000 0.02772517735604890926
-0.010000 0.02772711209908017282
0.000000 0.02772759537477405625
0.010000 0.02772728259039852414
0.020000 0.02772634113466547826
0.030000 0.02772474296515977515
0.040000 0.02772254310627753765
0.050000 0.02771992555531407887
0.060000 0.02771865929943571200
0.070000 0.02772246731187141822
0.080000 0.02774250908250765202
0.090000 0.02780345025824328131
0.100000 0.02793445617560781635
0.110000 0.02819826255944624105
0.120000 0.02865120097197231333
0.130000 0.02937565399126624080
0.140000 0.03047429191050435998
0.150000 0.03202226542770042483
0.160000 0.03413329072911051171
0.170000 0.03689760348312621369
0.180000 0.04039475452945416600
0.190000 0.04471973885377323460
0.200000 0.04992876596310095311
0.210000 0.05608715423823223273
0.220000 0.06324684125418957026
0.230000 0.07143816557602385153
0.240000 0.08069494557077347419
0.250000 0.09103279349055660996
0.260000 0.10246192875860495042
0.270000 0.11498478746434716291
0.280000 0.12859634830657348803
0.290000 0.14328703653222882308
0.300000 0.15903745940624039457
0.310000 0.17583112552118010385
0.320000 0.19363939579302771876
0.330000 0.21242536225559266461
0.340000 0.23215289506283892651
0.350000 0.25275130418366753560
0.360000 0.27415267619051914005
0.370000 0.29626875842383076920
0.380000 0.31897299207290685796
0.390000 0.34217172850643740034
0.400000 0.36572145574524744793
0.410000 0.38948710162077837538
0.420000 0.41336056970976164937
0.430000 0.43719282429164407766
0.440000 0.46088468406027155444
0.450000 0.48432806178637449745
0.460000 0.50741488872613949024
0.470000 0.53007983328355667840
0.480000 0.55223996053170854026
0.490000 0.57383541073505472951
0.500000 0.59482411780061761331
0.510000 0.61515911549926738378
0.520000 0.63481585835379283900
0.530000 0.65377146339812719500
0.540000 0.67201089533544555721
0.550000 0.68952856895801628578
0.560000 0.70632133829043108886
0.570000 0.72239398155865686135
0.580000 0.73775198243353923289
0.590000 0.75240814796761745775
0.600000 0.76637575292408266492
0.610000 0.77966959992830586756
0.620000 0.79231138583778570883
0.630000 0.80431693609904797437
0.640000 0.81570875942439702300
0.650000 0.82651053741419133747
0.660000 0.83674003016831566271
0.670000 0.84642379641305842686
0.680000 0.85558295637965797731
0.690000 0.86423832313463089250
0.700000 0.87241631823770049436
0.710000 0.88013465570151450112
0.720000 0.88741667366854393162
0.730000 0.89428538798380396990
0.740000 0.90075715559064706284
0.750000 0.90685535915515913530
0.760000 0.91259820778062805680
0.770000 0.91800254951631554690
0.780000 0.92308955183549767920
0.790000 0.92787312282086964466
0.800000 0.93237084823109783738
0.810000 0.93660003757195064988
0.820000 0.94057260035739986836
0.830000 0.94430528853387996069
0.840000 0.94781125870257632027
0.850000 0.95110207498884291599
0.860000 0.95419242306679097343
0.870000 0.95709191966375628535
0.880000 0.95981229750255336874
0.890000 0.96236527517327052905
0.900000 0.96475872420051511646
0.910000 0.96700360663165396691
0.920000 0.96910868724261978180
0.930000 0.97108132679265257714
0.940000 0.97293102454841451365
0.950000 0.97466403444493943109
0.960000 0.97628771694581795160
0.970000 0.97780958433798703666
0.980000 0.97923458984892186585
0.990000 0.98056956677970819047
1.000000 0.98182010047699086464
1.010000 0.98299069136095262866
1.020000 0.98408724518676182758
1.030000 0.98511369502662071707
1.040000 0.98607449730352203510
1.050000 0.98697431747176334049
1.060000 0.98781618836991536003
1.070000 0.98860424854113893023
1.080000 0.98934196363915272165
1.090000 0.99003202252952382523
1.100000 0.99067800831449293053
1.110000 0.99128234689385508194
1.120000 0.99184767722738409468
1.130000 0.99237684021094418885
1.140000 0.99287166374354673959
1.150000 0.99333460898331094047
1.160000 0.99376779021955874427
1.170000 0.99417279231369193315
1.180000 0.99455175483142244097
1.190000 0.99490615684740302260
1.200000 0.99523753831579253593
1.210000 0.99554760711391021566
1.220000 0.99583745489562902620
1.230000 0.99610852769875746215
1.240000 0.99636210101415367824
1.250000 0.99659910161256870520
1.260000 0.99682079326857764290
1.270000 0.99702807157172623764
1.280000 0.99722182604810594153
1.290000 0.99740307464662314452
1.300000 0.99757246600367888156
1.310000 0.99773084268050926671
1.320000 0.99787896827960653745
1.330000 0.99801738236859893760
1.340000 0.99814682574613655675
1.350000 0.99826783827805209981
1.360000 0.99838093021666884930
1.370000 0.99848670462577648888
1.380000 0.99858554591984327597
1.390000 0.99867794211519500536
1.400000 0.99876434791025614501
1.410000 0.99884507678038636502
1.420000 0.99892056076924440333
1.430000 0.99899112373150167343
1.440000 0.99905705756065821266
1.450000 0.99911871774609406494
1.460000 0.99917633189133769900
1.470000 0.99923018140534014542
1.480000 0.99928053599637323146
1.490000 0.99932757767649227354
1.500000 0.99937155749236328273
1.510000 0.99941266896868075076
1.520000 0.99945107890997408884
1.530000 0.99948699604048929501
1.540000 0.99952055512757298494
1.550000 0.99955191788128316954
1.560000 0.99958124382052593315
1.570000 0.99960863866969229541
1.580000 0.99963424789209398558
1.590000 0.99965818678963236366
1.600000 0.99968055067314443018
1.610000 0.99970146170418472398
1.620000 0.99972099973689909636
1.630000 0.99973925743365077423
1.640000 0.99975632893330956819
1.650000 0.99977227571454074795
1.660000 0.99978718187221704561
1.670000 0.99980111594243092910
1.680000 0.99981413241533556580
1.690000 0.99982630259814331275
1.700000 0.99983767385924560145
1.710000 0.99984829916574768927
1.720000 0.99985823397557649361
1.730000 0.99986751409397234269
1.740000 0.99987618804555866703
1.750000 0.99988429649076759897
1.760000 0.99989187061468765005
1.770000 0.99989895194302080839
1.780000 0.99990556861134605171
1.790000 0.99991175082926975204
1.800000 0.99991753122046922453
1.810000 0.99992293067659776540
1.820000 0.99992797715097347933
1.830000 0.99993269472746038051
1.840000 0.99993710127864632309
1.850000 0.99994122093586346178
1.860000 0.99994507043493385812
1.870000 0.99994866696960293950
1.880000 0.99995202970763863437
1.890000 0.99995517086383900462
1.900000 0.99995810651670125058
1.910000 0.99996085091167064007
1.920000 0.99996341430904378544
1.930000 0.99996581070427725813
1.940000 0.99996805006693711970
1.950000 0.99997014216259871855
1.960000 0.99997209824108523879
1.970000 0.99997392545946783837
1.980000 0.99997563305267000988
1.990000 0.99997722943638289728
2.000000 0.99997872051204284016
2.010000 0.99998011438315348443
2.020000 0.99998141699143572314
2.030000 0.99998263387764951826
2.040000 0.99998377163619101005
2.050000 0.99998483446989527845
2.060000 0.99998582767554411443
2.070000 0.99998675621926502721
2.080000 0.99998762350242476060
2.090000 0.99998843421175254154
2.100000 0.99998919188329982166
2.110000 0.99998989966438622812
2.120000 0.99999056141367614892
2.130000 0.99999117960465744304
2.140000 0.99999175727110223288
2.150000 0.99999229734051764407
2.160000 0.99999280177763472111
2.170000 0.99999327329012965837
2.180000 0.99999371397946656970
2.190000 0.99999412563589251679
2.200000 0.99999451051339360852
2.210000 0.99999487007087073387
2.220000 0.99999520604346792130
2.230000 0.99999552015527159998
2.240000 0.99999581354377642395
2.250000 0.99999608777161652640
2.260000 0.99999634408607596114
2.270000 0.99999658350704478949
2.280000 0.99999680734894824674
2.290000 0.99999701647410177419
2.300000 0.99999721187345336215
2.310000 0.99999739456143754701
2.320000 0.99999756519817384337
2.330000 0.99999772468450487395
2.340000 0.99999787375983972826
2.350000 0.99999801300618129662
2.360000 0.99999814318877544572
2.370000 0.99999826481835951686
2.380000 0.99999837846000561026
2.390000 0.99999848471007490858
2.400000 0.99999858395257867905
2.410000 0.99999867670627451410
2.420000 0.99999876340899629401
2.430000 0.99999884439347008769
2.440000 0.99999892010448221402
2.450000 0.99999899084512877678
2.460000 0.99999905693711643728
2.470000 0.99999911873073821234
2.480000 0.99999917644992775134
2.490000 0.99999923039308258321
2.500000 0.99999928081918121325
2.510000 0.99999932791881041005
2.520000 0.99999937195006927126
2.530000 0.99999941309316298099
2.540000 0.99999945153093605654
2.550000 0.99999948746897737717
2.560000 0.99999952103819167437
2.570000 0.99999955241002291828
2.580000 0.99999958173749936563
2.590000 0.99999960913001495477
2.600000 0.99999963473708985973
2.610000 0.99999965866605111664
2.620000 0.99999968102063307995
2.630000 0.99999970192140197334
2.640000 0.99999972144506554805
2.650000 0.99999973969000877094
2.660000 0.99999975674656638169
2.670000 0.99999977267766404498
2.680000 0.99999978756981122707
2.690000 0.99999980148692557691
2.700000 0.99999981448785457694
2.710000 0.99999982664321285242
2.720000 0.99999983799805625129
2.730000 0.99999984860877422221
2.740000 0.99999985852864237135
2.750000 0.99999986779393823522
2.760000 0.99999987645466570374
2.770000 0.99999988454883947941
2.780000 0.99999989210988937671
2.790000 0.99999989917910547810
2.800000 0.99999990578301356514
2.810000 0.99999991195389226206
2.820000 0.99999991772313134852
2.830000 0.99999992311169416670
2.840000 0.99999992814845661826
2.850000 0.99999993285599730886
2.860000 0.99999993725333646832
2.870000 0.99999994136457814875
2.880000 0.99999994520537383025
2.890000 0.99999994879417508642
2.900000 0.99999995214946091338
2.910000 0.99999995528337415340
2.920000 0.99999995821257214867
2.930000 0.99999996095045029509
2.940000 0.99999996350784714494
2.950000 0.99999996589881157139
2.960000 0.99999996813259939277
2.970000 0.99999997021974185163
2.980000 0.99999997217110903058
2.990000 0.99999997399375117890
3.000000 0.99999997569726772895
3.010000 0.99999997728959633125
3.020000 0.99999997877692436976
3.030000 0.99999998016742697171
3.040000 0.99999998146658830578
3.050000 0.99999998268041112581
3.060000 0.99999998381528343305
3.070000 0.99999998487530927793
3.080000 0.99999998586601412942
3.090000 0.99999998679209722852
3.100000 0.99999998765709685600
3.110000 0.99999998846576243494
3.120000 0.99999998922135024948
3.130000 0.99999998992727567870
3.140000 0.99999999058729049928
3.150000 0.99999999120378912920
3.160000 0.99999999177994869370
3.170000 0.99999999231854808102
3.180000 0.99999999282161500247
3.190000 0.99999999329190403241
3.200000 0.99999999373135195491
3.210000 0.99999999414189932878
3.220000 0.99999999452574706016
3.230000 0.99999999488429591743
3.240000 0.99999999521937088520
3.250000 0.99999999553261320617
3.260000 0.99999999582518772634
3.270000 0.99999999609868894801
3.280000 0.99999999635427128108
3.290000 0.99999999659303495658
3.300000 0.99999999681627038672
3.310000 0.99999999702479891450
3.320000 0.99999999721966759125
3.330000 0.99999999740184486452
3.340000 0.99999999757200064288
3.350000 0.99999999773105852086
3.360000 0.99999999787970461629
3.370000 0.99999999801856354065
3.380000 0.99999999814839068968
3.390000 0.99999999826966901040
3.400000 0.99999999838299824528
3.410000 0.99999999848894949306
3.420000 0.99999999858790933338
3.430000 0.99999999868041111739
3.440000 0.99999999876686307410
3.450000 0.99999999884761991975
3.460000 0.99999999892312363414
3.470000 0.99999999899365832334
3.480000 0.99999999905956682422
3.490000 0.99999999912118631151
3.500000 0.99999999917874005106
3.510000 0.99999999923253535261
3.520000 0.99999999928281535500
3.530000 0.99999999932978178574
3.540000 0.99999999937369221659
3.550000 0.99999999941471462428
3.560000 0.99999999945304496318
3.570000 0.99999999948888140811
3.580000 0.99999999952235385514
3.590000 0.99999999955363927384
3.600000 0.99999999958288166013
3.610000 0.99999999961019636618
3.620000 0.99999999963573327211
3.630000 0.99999999965959152082
3.640000 0.99999999968188335586
3.650000 0.99999999970272546168
3.660000 0.99999999972219233424
3.670000 0.99999999974038666917
3.680000 0.99999999975739373159
3.690000 0.99999999977327957978
3.700000 0.99999999978813092216
3.710000 0.99999999980200682259
3.720000 0.99999999981497134094
3.730000 0.99999999982709253388
3.740000 0.99999999983841425522
3.750000 0.99999999984899545780
3.760000 0.99999999985888687881
3.770000 0.99999999986812571073
3.780000 0.99999999987676280178
3.790000 0.99999999988483312396
3.800000 0.99999999989237253750
3.810000 0.99999999989942212064
3.820000 0.99999999990600663136
3.830000 0.99999999991216059758
3.840000 0.99999999991791310716
3.850000 0.99999999992328625353
3.860000 0.99999999992830923556
3.870000 0.99999999993300292545
3.880000 0.99999999993738797333
3.890000 0.99999999994148769389
3.900000 0.99999999994531729719
3.910000 0.99999999994889599009
3.920000 0.99999999995224153615
3.930000 0.99999999995536670294
3.940000 0.99999999995828781074
3.950000 0.99999999996101773814
3.960000 0.99999999996356780940
3.970000 0.99999999996595190233
3.980000 0.99999999996817923176
3.990000 0.99999999997026034482
4.000000 0.99999999997220623271
4.010000 0.99999999997402366780
4.020000 0.99999999997572242005
4.030000 0.99999999997731003898
4.040000 0.99999999997879318592
4.050000 0.99999999998017985448
4.060000 0.99999999998147515168
4.070000 0.99999999998268562784
4.080000 0.99999999998381705613
4.090000 0.99999999998487387742
4.100000 0.99999999998586197592
4.110000 0.99999999998678512636
4.120000 0.99999999998764765863
4.130000 0.99999999998845423566
4.140000 0.99999999998920763300
4.150000 0.99999999998991140338
4.160000 0.99999999999056954358
4.170000 0.99999999999118405203
4.180000 0.99999999999175859244
4.190000 0.99999999999229582937
4.200000 0.99999999999279720608
4.210000 0.99999999999326616429
4.220000 0.99999999999370459136
4.230000 0.99999999999411370855
4.240000 0.99999999999449651344
4.250000 0.99999999999485411628
4.260000 0.99999999999518807137
4.270000 0.99999999999550048813
4.280000 0.99999999999579192167
4.290000 0.99999999999606470347
4.300000 0.99999999999631961067
4.310000 0.99999999999655764249
4.320000 0.99999999999678013118
4.330000 0.99999999999698807596
4.340000 0.99999999999718225396
4.350000 0.99999999999736377543
4.360000 0.99999999999753352853
4.370000 0.99999999999769217940
4.380000 0.99999999999784028315
4.390000 0.99999999999797883898
4.400000 0.99999999999810806894
4.410000 0.99999999999822897223
4.420000 0.99999999999834188191
4.430000 0.99999999999844757514
4.440000 0.99999999999854605193
4.450000 0.99999999999863853350
4.460000 0.99999999999872446477
4.470000 0.99999999999880495594
4.480000 0.99999999999888022906
4.490000 0.99999999999895061720
4.500000 0.99999999999901634240
4.510000 0.99999999999907773773
4.520000 0.99999999999913524729
4.530000 0.99999999999918887106
4.540000 0.99999999999923905314
4.550000 0.99999999999928568251
4.560000 0.99999999999932975836
4.570000 0.99999999999937039252
4.580000 0.99999999999940869522
4.590000 0.99999999999944455542
4.600000 0.99999999999947786211
4.610000 0.99999999999950894836
4.620000 0.99999999999953825824
4.630000 0.99999999999956534769
4.640000 0.99999999999959088282
4.650000 0.99999999999961475261
4.660000 0.99999999999963695707
4.670000 0.99999999999965771824
4.680000 0.99999999999967714714
4.690000 0.99999999999969524378
4.700000 0.99999999999971211917
4.710000 0.99999999999972821740
4.720000 0.99999999999974287235
4.730000 0.99999999999975708320
4.740000 0.99999999999976962872
4.750000 0.99999999999978184118
4.760000 0.99999999999979316545
4.770000 0.99999999999980371257
4.780000 0.99999999999981359355
4.790000 0.99999999999982280841
4.800000 0.99999999999983135712
4.810000 0.99999999999983923971
4.820000 0.99999999999984656718
4.830000 0.99999999999985367261
4.840000 0.99999999999986022292
4.850000 0.99999999999986655119
4.860000 0.99999999999987221333
4.870000 0.99999999999987765342
4.880000 0.99999999999988264943
4.890000 0.99999999999988720134
4.900000 0.99999999999989164223
4.910000 0.99999999999989586108
4.920000 0.99999999999989941379
4.930000 0.99999999999990318855
4.940000 0.99999999999990629718
4.950000 0.99999999999990951682
4.960000 0.99999999999991251443
4.970000 0.99999999999991540101
4.980000 0.99999999999991773247
4.990000 0.99999999999992006394
5.000000 0.99999999999992217337
5.010000 0.99999999999992450483
5.020000 0.99999999999992650324
5.030000 0.99999999999992805755
5.040000 0.99999999999992983390
5.050000 0.99999999999993172128
5.060000 0.99999999999993316457
5.070000 0.99999999999993449684
5.080000 0.99999999999993582911
5.090000 0.99999999999993693933
5.100000 0.99999999999993793853
5.110000 0.99999999999993882671
5.120000 0.99999999999993993693
5.130000 0.99999999999994104716
5.140000 0.99999999999994193534
5.150000 0.99999999999994260147
5.160000 0.99999999999994360067
5.170000 0.99999999999994415578
5.180000 0.99999999999994504396
5.190000 0.99999999999994571009
5.200000 0.99999999999994582112
5.210000 0.99999999999994637623
5.220000 0.99999999999994726441
5.230000 0.99999999999994759747
5.240000 0.99999999999994804156
5.250000 0.99999999999994848565
5.260000 0.99999999999994892974
5.270000 0.99999999999994926281
5.280000 0.99999999999994937383
5.290000 0.99999999999994970690
5.300000 0.99999999999995015099
5.310000 0.99999999999995059508
5.320000 0.99999999999995070610
5.330000 0.99999999999995103916
5.340000 0.99999999999995126121
5.350000 0.99999999999995148325
5.360000 0.99999999999995181632
5.370000 0.99999999999995192734
5.380000 0.99999999999995214939
5.390000 0.99999999999995237143
5.400000 0.99999999999995248245
5.410000 0.99999999999995270450
5.420000 0.99999999999995292654
5.430000 0.99999999999995314859
5.440000 0.99999999999995314859
5.450000 0.99999999999995325961
5.460000 0.99999999999995325961
5.470000 0.99999999999995325961
5.480000 0.99999999999995348166
5.490000 0.99999999999995348166
5.500000 0.99999999999995337063
5.510000 0.99999999999995325961
5.520000 0.99999999999995348166
5.530000 0.99999999999995348166
5.540000 0.99999999999995359268
5.550000 0.99999999999995370370
5.560000 0.99999999999995359268
5.570000 0.99999999999995359268
5.580000 0.99999999999995348166
5.590000 0.99999999999995359268
5.600000 0.99999999999995359268
5.610000 0.99999999999995370370
5.620000 0.99999999999995381472
5.630000 0.99999999999995381472
5.640000 0.99999999999995370370
5.650000 0.99999999999995392574
5.660000 0.99999999999995403677
5.670000 0.99999999999995381472
5.680000 0.99999999999995403677
5.690000 0.99999999999995381472
5.700000 0.99999999999995381472
5.710000 0.99999999999995392574
5.720000 0.99999999999995381472
5.730000 0.99999999999995403677
5.740000 0.99999999999995403677
5.750000 0.99999999999995414779
5.760000 0.99999999999995403677
5.770000 0.99999999999995425881
5.780000 0.99999999999995403677
5.790000 0.99999999999995392574
5.800000 0.99999999999995414779
5.810000 0.99999999999995414779
5.820000 0.99999999999995414779
5.830000 0.99999999999995414779
5.840000 0.99999999999995403677
5.850000 0.99999999999995425881
5.860000 0.99999999999995414779
5.870000 0.99999999999995414779
5.880000 0.99999999999995425881
5.890000 0.99999999999995425881
5.900000 0.99999999999995425881
5.910000 0.99999999999995436983
5.920000 0.99999999999995425881
5.930000 0.99999999999995425881
5.940000 0.99999999999995414779
5.950000 0.99999999999995425881
5.960000 0.99999999999995425881
5.970000 0.99999999999995425881
5.980000 0.99999999999995403677
5.990000 0.99999999999995403677
6.000000 0.99999999999995392574
6.010000 0.99999999999995392574
6.020000 0.99999999999995403677
6.030000 0.99999999999995392574
6.040000 0.99999999999995403677
6.050000 0.99999999999995414779
6.060000 0.99999999999995392574
6.070000 0.99999999999995414779
6.080000 0.99999999999995414779
6.090000 0.99999999999995414779
6.100000 0.99999999999995414779
6.110000 0.99999999999995403677
6.120000 0.99999999999995381472
6.130000 0.99999999999995403677
6.140000 0.99999999999995403677
6.150000 0.99999999999995403677
6.160000 0.99999999999995403677
6.170000 0.99999999999995392574
6.180000 0.99999999999995392574
6.190000 0.99999999999995403677
6.200000 0.99999999999995392574
6.210000 0.99999999999995381472
6.220000 0.99999999999995381472
6.230000 0.99999999999995370370
6.240000 0.99999999999995370370
6.250000 0.99999999999995392574
6.260000 0.99999999999995403677
6.270000 0.99999999999995392574
6.280000 0.99999999999995392574
6.290000 0.99999999999995392574
6.300000 0.99999999999995392574
6.310000 0.99999999999995403677
6.320000 0.99999999999995381472
6.330000 0.99999999999995392574
6.340000 0.99999999999995392574
6.350000 0.99999999999995381472
6.360000 0.99999999999995392574
6.370000 0.99999999999995414779
6.380000 0.99999999999995403677
6.390000 0.99999999999995414779
6.400000 0.99999999999995403677
6.410000 0.99999999999995392574
6.420000 0.99999999999995414779
6.430000 0.99999999999995414779
6.440000 0.99999999999995425881
6.450000 0.99999999999995425881
6.460000 0.99999999999995448086
6.470000 0.99999999999995414779
6.480000 0.99999999999995448086
6.490000 0.99999999999995448086
6.500000 0.99999999999995436983
6.510000 0.99999999999995448086
6.520000 0.99999999999995425881
6.530000 0.99999999999995414779
6.540000 0.99999999999995414779
6.550000 0.99999999999995403677
6.560000 0.99999999999995425881
6.570000 0.99999999999995425881
6.580000 0.99999999999995425881
6.590000 0.99999999999995414779
6.600000 0.99999999999995436983
6.610000 0.99999999999995425881
6.620000 0.99999999999995436983
6.630000 0.99999999999995436983
6.640000 0.99999999999995425881
6.650000 0.99999999999995436983
6.660000 0.99999999999995414779
6.670000 0.99999999999995436983
6.680000 0.99999999999995436983
6.690000 0.99999999999995403677
6.700000 0.99999999999995414779
6.710000 0.99999999999995425881
6.720000 0.99999999999995403677
6.730000 0.99999999999995414779
6.740000 0.99999999999995414779
6.750000 0.99999999999995414779
6.760000 0.99999999999995403677
6.770000 0.99999999999995381472
6.780000 0.99999999999995403677
6.790000 0.99999999999995425881
6.800000 0.99999999999995414779
6.810000 0.99999999999995403677
6.820000 0.99999999999995425881
6.830000 0.99999999999995403677
6.840000 0.99999999999995403677
6.850000 0.99999999999995425881
6.860000 0.99999999999995403677
6.870000 0.99999999999995403677
6.880000 0.99999999999995414779
6.890000 0.99999999999995392574
6.900000 0.99999999999995403677
6.910000 0.99999999999995414779
6.920000 0.99999999999995414779
6.930000 0.99999999999995403677
6.940000 0.99999999999995403677
6.950000 0.99999999999995403677
6.960000 0.99999999999995414779
6.970000 0.99999999999995403677
6.980000 0.99999999999995392574
6.990000 0.99999999999995403677
7.000000 0.99999999999995403677
7.010000 0.99999999999995392574
7.020000 0.99999999999995392574
7.030000 0.99999999999995403677
7.040000 0.99999999999995381472
7.050000 0.99999999999995392574
7.060000 0.99999999999995392574
7.070000 0.99999999999995403677
7.080000 0.99999999999995392574
7.090000 0.99999999999995414779
7.100000 0.99999999999995392574
7.110000 0.99999999999995403677
7.120000 0.99999999999995381472
7.130000 0.99999999999995381472
7.140000 0.99999999999995403677
7.150000 0.99999999999995392574
7.160000 0.99999999999995381472
7.170000 0.99999999999995392574
7.180000 0.99999999999995392574
7.190000 0.99999999999995381472
7.200000 0.99999999999995381472
7.210000 0.99999999999995381472
7.220000 0.99999999999995381472
7.230000 0.99999999999995381472
7.240000 0.99999999999995381472
7.250000 0.99999999999995392574
7.260000 0.99999999999995403677
7.270000 0.99999999999995392574
7.280000 0.99999999999995403677
7.290000 0.99999999999995381472
7.300000 0.99999999999995392574
7.310000 0.99999999999995392574
7.320000 0.99999999999995392574
7.330000 0.99999999999995392574
7.340000 0.99999999999995403677
7.350000 0.99999999999995392574
7.360000 0.99999999999995392574
7.370000 0.99999999999995403677
7.380000 0.99999999999995403677
7.390000 0.99999999999995403677
7.400000 0.99999999999995414779
7.410000 0.99999999999995403677
7.420000 0.99999999999995414779
7.430000 0.99999999999995403677
7.440000 0.99999999999995403677
7.450000 0.99999999999995425881
7.460000 0.99999999999995425881
7.470000 0.99999999999995403677
7.480000 0.99999999999995403677
7.490000 0.99999999999995381472
7.500000 0.99999999999995403677
7.510000 0.99999999999995403677
7.520000 0.99999999999995392574
7.530000 0.99999999999995414779
7.540000 0.99999999999995403677
7.550000 0.99999999999995392574
7.560000 0.99999999999995414779
7.570000 0.99999999999995425881
7.580000 0.99999999999995403677
7.590000 0.99999999999995414779
7.600000 0.99999999999995403677
7.610000 0.99999999999995403677
7.620000 0.99999999999995403677
7.630000 0.99999999999995414779
7.640000 0.99999999999995381472
7.650000 0.99999999999995392574
7.660000 0.99999999999995392574
7.670000 0.99999999999995392574
7.680000 0.99999999999995392574
7.690000 0.99999999999995381472
7.700000 0.99999999999995381472
7.710000 0.99999999999995403677
7.720000 0.99999999999995392574
7.730000 0.99999999999995381472
7.740000 0.99999999999995381472
7.750000 0.99999999999995392574
7.760000 0.99999999999995381472
7.770000 0.99999999999995381472
7.780000 0.99999999999995370370
7.790000 0.99999999999995381472
7.800000 0.99999999999995403677
7.810000 0.99999999999995381472
7.820000 0.99999999999995392574
7.830000 0.99999999999995392574
7.840000 0.99999999999995381472
7.850000 0.99999999999995392574
7.860000 0.99999999999995403677
7.870000 0.99999999999995403677
7.880000 0.99999999999995414779
7.890000 0.99999999999995403677
7.900000 0.99999999999995403677
7.910000 0.99999999999995392574
7.920000 0.99999999999995403677
7.930000 0.99999999999995414779
7.940000 0.99999999999995414779
7.950000 0.99999999999995403677
7.960000 0.99999999999995414779
7.970000 0.99999999999995425881
7.980000 0.99999999999995403677
7.990000 0.99999999999995414779
8.000000 0.99999999999995392574
8.010000 0.99999999999995414779
8.020000 0.99999999999995403677
8.030000 0.99999999999995414779
8.040000 0.99999999999995392574
8.050000 0.99999999999995392574
8.060000 0.99999999999995392574
8.070000 0.99999999999995381472
8.080000 0.99999999999995414779
8.090000 0.99999999999995403677
8.100000 0.99999999999995392574
8.110000 0.99999999999995392574
8.120000 0.99999999999995392574
8.130000 0.99999999999995392574
8.140000 0.99999999999995392574
8.150000 0.99999999999995403677
8.160000 0.99999999999995381472
8.170000 0.99999999999995392574
8.180000 0.99999999999995381472
8.190000 0.99999999999995370370
8.200000 0.99999999999995381472
8.210000 0.99999999999995381472
8.220000 0.99999999999995381472
8.230000 0.99999999999995381472
8.240000 0.99999999999995381472
8.250000 0.99999999999995392574
8.260000 0.99999999999995392574
8.270000 0.99999999999995392574
8.280000 0.99999999999995414779
8.290000 0.99999999999995392574
8.300000 0.99999999999995414779
8.310000 0.99999999999995414779
8.320000 0.99999999999995414779
8.330000 0.99999999999995403677
8.340000 0.99999999999995425881
8.350000 0.99999999999995425881
8.360000 0.99999999999995414779
8.370000 0.99999999999995448086
8.380000 0.99999999999995403677
8.390000 0.99999999999995414779
8.400000 0.99999999999995436983
8.410000 0.99999999999995403677
8.420000 0.99999999999995403677
8.430000 0.99999999999995414779
8.440000 0.99999999999995414779
8.450000 0.99999999999995414779
8.460000 0.99999999999995425881
8.470000 0.99999999999995425881
8.480000 0.99999999999995448086
8.490000 0.99999999999995425881
8.500000 0.99999999999995414779
8.510000 0.99999999999995448086
8.520000 0.99999999999995425881
8.530000 0.99999999999995470290
8.540000 0.99999999999995448086
8.550000 0.99999999999995414779
8.560000 0.99999999999995436983
8.570000 0.99999999999995436983
8.580000 0.99999999999995436983
8.590000 0.99999999999995425881
8.600000 0.99999999999995425881
8.610000 0.99999999999995436983
8.620000 0.99999999999995436983
8.630000 0.99999999999995414779
8.640000 0.99999999999995425881
8.650000 0.99999999999995436983
8.660000 0.99999999999995425881
8.670000 0.99999999999995403677
8.680000 0.99999999999995403677
8.690000 0.99999999999995425881
8.700000 0.99999999999995414779
8.710000 0.99999999999995403677
8.720000 0.99999999999995392574
8.730000 0.99999999999995403677
8.740000 0.99999999999995403677
8.750000 0.99999999999995414779
8.760000 0.99999999999995392574
8.770000 0.99999999999995414779
8.780000 0.99999999999995414779
8.790000 0.99999999999995414779
8.800000 0.99999999999995414779
8.810000 0.99999999999995392574
8.820000 0.99999999999995414779
8.830000 0.99999999999995425881
8.840000 0.99999999999995403677
8.850000 0.99999999999995403677
8.860000 0.99999999999995403677
8.870000 0.99999999999995403677
8.880000 0.99999999999995403677
8.890000 0.99999999999995381472
8.900000 0.99999999999995392574
8.910000 0.99999999999995392574
8.920000 0.99999999999995403677
8.930000 0.99999999999995403677
8.940000 0.99999999999995392574
8.950000 0.99999999999995392574
8.960000 0.99999999999995392574
8.970000 0.99999999999995403677
8.980000 0.99999999999995403677
8.990000 0.99999999999995403677
9.000000 0.99999999999995403677
9.010000 0.99999999999995392574
9.020000 0.99999999999995392574
9.030000 0.99999999999995392574
9.040000 0.99999999999995392574
9.050000 0.99999999999995403677
9.060000 0.99999999999995403677
9.070000 0.99999999999995403677
9.080000 0.99999999999995403677
9.090000 0.99999999999995425881
9.100000 0.99999999999995403677
9.110000 0.99999999999995414779
9.120000 0.99999999999995403677
9.130000 0.99999999999995403677
9.140000 0.99999999999995425881
9.150000 0.99999999999995414779
9.160000 0.99999999999995392574
9.170000 0.99999999999995425881
9.180000 0.99999999999995414779
9.190000 0.99999999999995403677
9.200000 0.99999999999995403677
9.210000 0.99999999999995403677
9.220000 0.99999999999995403677
9.230000 0.99999999999995403677
9.240000 0.99999999999995392574
9.250000 0.99999999999995392574
9.260000 0.99999999999995403677
9.270000 0.99999999999995381472
9.280000 0.99999999999995403677
9.290000 0.99999999999995392574
9.300000 0.99999999999995425881
9.310000 0.99999999999995414779
9.320000 0.99999999999995403677
9.330000 0.99999999999995403677
9.340000 0.99999999999995414779
9.350000 0.99999999999995425881
9.360000 0.99999999999995436983
9.370000 0.99999999999995436983
9.380000 0.99999999999995436983
9.390000 0.99999999999995436983
9.400000 0.99999999999995436983
9.410000 0.99999999999995436983
9.420000 0.99999999999995448086
9.430000 0.99999999999995470290
9.440000 0.99999999999995459188
9.450000 0.99999999999995448086
9.460000 0.99999999999995436983
9.470000 0.99999999999995448086
9.480000 0.99999999999995448086
9.490000 0.99999999999995448086
9.500000 0.99999999999995436983
9.510000 0.99999999999995425881
9.520000 0.99999999999995425881
9.530000 0.99999999999995425881
9.540000 0.99999999999995403677
9.550000 0.99999999999995392574
9.560000 0.99999999999995403677
9.570000 0.99999999999995414779
9.580000 0.99999999999995425881
9.590000 0.99999999999995414779
9.600000 0.99999999999995414779
9.610000 0.99999999999995425881
9.620000 0.99999999999995448086
9.630000 0.99999999999995448086
9.640000 0.99999999999995425881
9.650000 0.99999999999995425881
9.660000 0.99999999999995425881
9.670000 0.99999999999995414779
9.680000 0.99999999999995414779
9.690000 0.99999999999995425881
9.700000 0.99999999999995414779
9.710000 0.99999999999995436983
9.720000 0.99999999999995414779
9.730000 0.99999999999995403677
9.740000 0.99999999999995425881
9.750000 0.99999999999995425881
9.760000 0.99999999999995414779
9.770000 0.99999999999995414779
9.780000 0.99999999999995436983
9.790000 0.99999999999995403677
9.800000 0.99999999999995425881
9.810000 0.99999999999995403677
9.820000 0.99999999999995403677
9.830000 0.99999999999995414779
9.840000 0.99999999999995425881
9.850000 0.99999999999995425881
9.860000 0.99999999999995425881
9.870000 0.99999999999995414779
9.880000 0.99999999999995425881
9.890000 0.99999999999995414779
9.900000 0.99999999999995414779
9.910000 0.99999999999995425881
9.920000 0.99999999999995425881
9.930000 0.99999999999995448086
9.940000 0.99999999999995414779
9.950000 0.99999999999995414779
9.960000 0.99999999999995414779
9.970000 0.99999999999995425881
9.980000 0.99999999999995414779
9.990000 0.99999999999995414779
10.000000 0.99999999999995403677
10.010000 0.99999999999995403677
10.020000 0.99999999999995403677
10.030000 0.99999999999995403677
10.040000 0.99999999999995392574
10.050000 0.99999999999995414779
10.060000 0.99999999999995436983
10.070000 0.99999999999995403677
10.080000 0.99999999999995425881
10.090000 0.99999999999995414779
10.100000 0.99999999999995414779
10.110000 0.99999999999995414779
10.120000 0.99999999999995403677
10.130000 0.99999999999995425881
10.140000 0.99999999999995425881
10.150000 0.99999999999995448086
10.160000 0.99999999999995436983
10.170000 0.99999999999995414779
10.180000 0.99999999999995436983
10.190000 0.99999999999995425881
10.200000 0.99999999999995436983
10.210000 0.99999999999995414779
10.220000 0.99999999999995414779
10.230000 0.99999999999995414779
10.240000 0.99999999999995414779
10.250000 0.99999999999995403677
10.260000 0.99999999999995403677
10.270000 0.99999999999995403677
10.280000 0.99999999999995392574
10.290000 0.99999999999995392574
10.300000 0.99999999999995392574
10.310000 0.99999999999995381472
10.320000 0.99999999999995392574
10.330000 0.99999999999995381472
10.340000 0.99999999999995392574
10.350000 0.99999999999995381472
10.360000 0.99999999999995392574
10.370000 0.99999999999995403677
10.380000 0.99999999999995403677
10.390000 0.99999999999995392574
10.400000 0.99999999999995403677
10.410000 0.99999999999995403677
10.420000 0.99999999999995381472
10.430000 0.99999999999995381472
10.440000 0.99999999999995392574
10.450000 0.99999999999995403677
10.460000 0.99999999999995392574
10.470000 0.99999999999995381472
10.480000 0.99999999999995381472
10.490000 0.99999999999995392574
10.500000 0.99999999999995381472
10.510000 0.99999999999995370370
10.520000 0.99999999999995381472
10.530000 0.99999999999995392574
10.540000 0.99999999999995381472
10.550000 0.99999999999995370370
10.560000 0.99999999999995381472
10.570000 0.99999999999995392574
10.580000 0.99999999999995392574
10.590000 0.99999999999995414779
10.600000 0.99999999999995392574
10.610000 0.99999999999995403677
10.620000 0.99999999999995392574
10.630000 0.99999999999995414779
10.640000 0.99999999999995381472
10.650000 0.99999999999995392574
10.660000 0.99999999999995392574
10.670000 0.99999999999995392574
10.680000 0.99999999999995381472
10.690000 0.99999999999995403677
10.700000 0.99999999999995381472
10.710000 0.99999999999995392574
10.720000 0.99999999999995370370
10.730000 0.99999999999995381472
10.740000 0.99999999999995381472
10.750000 0.99999999999995381472
10.760000 0.99999999999995403677
10.770000 0.99999999999995381472
10.780000 0.99999999999995403677
10.790000 0.99999999999995392574
10.800000 0.99999999999995403677
10.810000 0.99999999999995425881
10.820000 0.99999999999995403677
10.830000 0.99999999999995403677
10.840000 0.99999999999995414779
10.850000 0.99999999999995414779
10.860000 0.99999999999995392574
10.870000 0.99999999999995403677
10.880000 0.99999999999995403677
10.890000 0.99999999999995392574
10.900000 0.99999999999995381472
10.910000 0.99999999999995392574
10.920000 0.99999999999995392574
10.930000 0.99999999999995381472
10.940000 0.99999999999995381472
10.950000 0.99999999999995370370
10.960000 0.99999999999995381472
10.970000 0.99999999999995392574
10.980000 0.99999999999995392574
10.990000 0.99999999999995392574
11.000000 0.99999999999995403677
11.010000 0.99999999999995392574
11.020000 0.99999999999995392574
11.030000 0.99999999999995392574
11.040000 0.99999999999995392574
11.050000 0.99999999999995392574
11.060000 0.99999999999995403677
11.070000 0.99999999999995370370
11.080000 0.99999999999995370370
11.090000 0.99999999999995381472
11.100000 0.99999999999995392574
11.110000 0.99999999999995370370
11.120000 0.99999999999995381472
11.130000 0.99999999999995370370
11.140000 0.99999999999995392574
11.150000 0.99999999999995370370
11.160000 0.99999999999995370370
11.170000 0.99999999999995381472
11.180000 0.99999999999995381472
11.190000 0.99999999999995381472
11.200000 0.99999999999995392574
11.210000 0.99999999999995403677
11.220000 0.99999999999995381472
11.230000 0.99999999999995403677
11.240000 0.99999999999995381472
11.250000 0.99999999999995381472
11.260000 0.99999999999995381472
11.270000 0.99999999999995392574
11.280000 0.99999999999995370370
11.290000 0.99999999999995392574
11.300000 0.99999999999995370370
11.310000 0.99999999999995403677
11.320000 0.99999999999995392574
11.330000 0.99999999999995381472
11.340000 0.99999999999995381472
11.350000 0.99999999999995392574
11.360000 0.99999999999995403677
11.370000 0.99999999999995381472
11.380000 0.99999999999995392574
11.390000 0.99999999999995381472
11.400000 0.99999999999995381472
11.410000 0.99999999999995392574
11.420000 0.99999999999995403677
11.430000 0.99999999999995381472
11.440000 0.99999999999995392574
11.450000 0.99999999999995381472
11.460000 0.99999999999995392574
11.470000 0.99999999999995370370
11.480000 0.99999999999995370370
11.490000 0.99999999999995392574
11.500000 0.99999999999995381472
11.510000 0.99999999999995370370
11.520000 0.99999999999995381472
11.530000 0.99999999999995381472
11.540000 0.99999999999995381472
11.550000 0.99999999999995381472
11.560000 0.99999999999995370370
11.570000 0.99999999999995381472
11.580000 0.99999999999995370370
11.590000 0.99999999999995381472
11.600000 0.99999999999995370370
11.610000 0.99999999999995381472
11.620000 0.99999999999995381472
11.630000 0.99999999999995381472
11.640000 0.99999999999995381472
11.650000 0.99999999999995370370
11.660000 0.99999999999995359268
11.670000 0.99999999999995381472
11.680000 0.99999999999995359268
11.690000 0.99999999999995348166
11.700000 0.99999999999995359268
11.710000 0.99999999999995370370
11.720000 0.99999999999995370370
11.730000 0.99999999999995359268
11.740000 0.99999999999995381472
11.750000 0.99999999999995370370
11.760000 0.99999999999995381472
11.770000 0.99999999999995370370
11.780000 0.99999999999995381472
11.790000 0.99999999999995370370
11.800000 0.99999999999995392574
11.810000 0.99999999999995392574
11.820000 0.99999999999995381472
11.830000 0.99999999999995381472
11.840000 0.99999999999995392574
11.850000 0.99999999999995403677
11.860000 0.99999999999995392574
11.870000 0.99999999999995392574
11.880000 0.99999999999995381472
11.890000 0.99999999999995392574
11.900000 0.99999999999995381472
11.910000 0.99999999999995381472
11.920000 0.99999999999995403677
11.930000 0.99999999999995414779
11.940000 0.99999999999995403677
11.950000 0.99999999999995403677
11.960000 0.99999999999995392574
11.970000 0.99999999999995403677
11.980000 0.99999999999995403677
11.990000 0.99999999999995414779
12.000000 0.99999999999995403677
12.010000 0.99999999999995403677
12.020000 0.99999999999995403677
12.030000 0.99999999999995414779
12.040000 0.99999999999995414779
12.050000 0.99999999999995403677
12.060000 0.99999999999995403677
12.070000 0.99999999999995414779
12.080000 0.99999999999995392574
12.090000 0.99999999999995392574
12.100000 0.99999999999995403677
12.110000 0.99999999999995392574
12.120000 0.99999999999995403677
12.130000 0.99999999999995381472
12.140000 0.99999999999995392574
12.150000 0.99999999999995403677
12.160000 0.99999999999995381472
12.170000 0.99999999999995381472
12.180000 0.99999999999995392574
12.190000 0.99999999999995403677
12.200000 0.99999999999995381472
12.210000 0.99999999999995403677
12.220000 0.99999999999995392574
12.230000 0.99999999999995381472
12.240000 0.99999999999995403677
12.250000 0.99999999999995414779
12.260000 0.99999999999995392574
12.270000 0.99999999999995403677
12.280000 0.99999999999995392574
12.290000 0.99999999999995403677
12.300000 0.99999999999995381472
12.310000 0.99999999999995403677
12.320000 0.99999999999995403677
12.330000 0.99999999999995392574
12.340000 0.99999999999995392574
12.350000 0.99999999999995392574
12.360000 0.99999999999995403677
12.370000 0.99999999999995392574
12.380000 0.99999999999995381472
12.390000 0.99999999999995381472
12.400000 0.99999999999995392574
12.410000 0.99999999999995392574
12.420000 0.99999999999995392574
12.430000 0.99999999999995381472
12.440000 0.99999999999995370370
12.450000 0.99999999999995381472
12.460000 0.99999999999995392574
12.470000 0.99999999999995403677
12.480000 0.99999999999995392574
12.490000 0.99999999999995392574
12.500000 0.99999999999995403677
12.510000 0.99999999999995392574
12.520000 0.99999999999995403677
12.530000 0.99999999999995392574
12.540000 0.99999999999995403677
12.550000 0.99999999999995392574
12.560000 0.99999999999995381472
12.570000 0.99999999999995392574
12.580000 0.99999999999995392574
12.590000 0.99999999999995414779
12.600000 0.99999999999995414779
12.610000 0.99999999999995403677
12.620000 0.99999999999995392574
12.630000 0.99999999999995392574
12.640000 0.99999999999995392574
12.650000 0.99999999999995381472
12.660000 0.99999999999995381472
12.670000 0.99999999999995392574
12.680000 0.99999999999995381472
12.690000 0.99999999999995370370
12.700000 0.99999999999995381472
12.710000 0.99999999999995370370
12.720000 0.99999999999995392574
12.730000 0.99999999999995381472
12.740000 0.99999999999995370370
12.750000 0.99999999999995381472
12.760000 0.99999999999995392574
12.770000 0.99999999999995370370
12.780000 0.99999999999995381472
12.790000 0.99999999999995381472
12.800000 0.99999999999995392574
12.810000 0.99999999999995392574
12.820000 0.99999999999995392574
12.830000 0.99999999999995381472
12.840000 0.99999999999995392574
12.850000 0.99999999999995414779
12.860000 0.99999999999995392574
12.870000 0.99999999999995403677
12.880000 0.99999999999995392574
12.890000 0.99999999999995392574
12.900000 0.99999999999995403677
12.910000 0.99999999999995392574
12.920000 0.99999999999995392574
12.930000 0.99999999999995392574
12.940000 0.99999999999995370370
12.950000 0.99999999999995381472
12.960000 0.99999999999995370370
12.970000 0.99999999999995392574
12.980000 0.99999999999995381472
12.990000 0.99999999999995381472
13.000000 0.99999999999995381472
13.010000 0.99999999999995392574
13.020000 0.99999999999995403677
13.030000 0.99999999999995392574
13.040000 0.99999999999995403677
13.050000 0.99999999999995392574
13.060000 0.99999999999995392574
13.070000 0.99999999999995392574
13.080000 0.99999999999995370370
13.090000 0.99999999999995381472
13.100000 0.99999999999995392574
13.110000 0.99999999999995392574
13.120000 0.99999999999995392574
13.130000 0.99999999999995381472
13.140000 0.99999999999995381472
13.150000 0.99999999999995381472
13.160000 0.99999999999995370370
13.170000 0.99999999999995381472
13.180000 0.99999999999995392574
13.190000 0.99999999999995381472
13.200000 0.99999999999995392574
13.210000 0.99999999999995381472
13.220000 0.99999999999995381472
13.230000 0.99999999999995381472
13.240000 0.99999999999995403677
13.250000 0.99999999999995403677
13.260000 0.99999999999995381472
13.270000 0.99999999999995370370
13.280000 0.99999999999995370370
13.290000 0.99999999999995381472
13.300000 0.99999999999995381472
13.310000 0.99999999999995370370
13.320000 0.99999999999995381472
13.330000 0.99999999999995381472
13.340000 0.99999999999995359268
13.350000 0.99999999999995370370
13.360000 0.99999999999995381472
13.370000 0.99999999999995381472
13.380000 0.99999999999995392574
13.390000 0.99999999999995392574
13.400000 0.99999999999995392574
13.410000 0.99999999999995392574
13.420000 0.99999999999995392574
13.430000 0.99999999999995403677
13.440000 0.99999999999995370370
13.450000 0.99999999999995381472
13.460000 0.99999999999995381472
13.470000 0.99999999999995392574
13.480000 0.99999999999995381472
13.490000 0.99999999999995381472
13.500000 0.99999999999995392574
13.510000 0.99999999999995403677
13.520000 0.99999999999995381472
13.530000 0.99999999999995392574
13.540000 0.99999999999995392574
13.550000 0.99999999999995392574
13.560000 0.99999999999995392574
13.570000 0.99999999999995392574
13.580000 0.99999999999995403677
13.590000 0.99999999999995403677
13.600000 0.99999999999995403677
13.610000 0.99999999999995403677
13.620000 0.99999999999995381472
13.630000 0.99999999999995392574
13.640000 0.99999999999995392574
13.650000 0.99999999999995392574
13.660000 0.99999999999995392574
13.670000 0.99999999999995392574
13.680000 0.99999999999995392574
13.690000 0.99999999999995381472
13.700000 0.99999999999995403677
13.710000 0.99999999999995392574
13.720000 0.99999999999995392574
13.730000 0.99999999999995403677
13.740000 0.99999999999995392574
13.750000 0.99999999999995392574
13.760000 0.99999999999995392574
13.770000 0.99999999999995381472
13.780000 0.99999999999995403677
13.790000 0.99999999999995381472
13.800000 0.99999999999995392574
13.810000 0.99999999999995392574
13.820000 0.99999999999995414779
13.830000 0.99999999999995392574
13.840000 0.99999999999995392574
13.850000 0.99999999999995392574
13.860000 0.99999999999995403677
13.870000 0.99999999999995392574
13.880000 0.99999999999995392574
13.890000 0.99999999999995403677
13.900000 0.99999999999995403677
13.910000 0.99999999999995381472
13.920000 0.99999999999995392574
13.930000 0.99999999999995392574
13.940000 0.99999999999995381472
13.950000 0.99999999999995403677
13.960000 0.99999999999995381472
13.970000 0.99999999999995381472
13.980000 0.99999999999995392574
13.990000 0.99999999999995381472
14.000000 0.99999999999995381472
14.010000 0.99999999999995381472
14.020000 0.99999999999995392574
14.030000 0.99999999999995392574
14.040000 0.99999999999995392574
14.050000 0.99999999999995403677
14.060000 0.99999999999995381472
14.070000 0.99999999999995381472
14.080000 0.99999999999995381472
14.090000 0.99999999999995381472
14.100000 0.99999999999995359268
14.110000 0.99999999999995381472
14.120000 0.99999999999995381472
14.130000 0.99999999999995381472
14.140000 0.99999999999995370370
14.150000 0.99999999999995381472
14.160000 0.99999999999995381472
14.170000 0.99999999999995370370
14.180000 0.99999999999995370370
14.190000 0.99999999999995381472
14.200000 0.99999999999995392574
14.210000 0.99999999999995381472
14.220000 0.99999999999995370370
14.230000 0.99999999999995381472
14.240000 0.99999999999995381472
14.250000 0.99999999999995392574
14.260000 0.99999999999995392574
14.270000 0.99999999999995359268
14.280000 0.99999999999995370370
14.290000 0.99999999999995370370
14.300000 0.99999999999995359268
14.310000 0.99999999999995348166
14.320000 0.99999999999995359268
14.330000 0.99999999999995359268
14.340000 0.99999999999995348166
14.350000 0.99999999999995381472
14.360000 0.99999999999995370370
14.370000 0.99999999999995370370
14.380000 0.99999999999995392574
14.390000 0.99999999999995370370
14.400000 0.99999999999995359268
14.410000 0.99999999999995370370
14.420000 0.99999999999995403677
14.430000 0.99999999999995414779
14.440000 0.99999999999995392574
14.450000 0.99999999999995381472
14.460000 0.99999999999995403677
14.470000 0.99999999999995403677
14.480000 0.99999999999995414779
14.490000 0.99999999999995403677
14.500000 0.99999999999995425881
14.510000 0.99999999999995425881
14.520000 0.99999999999995403677
14.530000 0.99999999999995414779
14.540000 0.99999999999995414779
14.550000 0.99999999999995436983
14.560000 0.99999999999995436983
14.570000 0.99999999999995425881
14.580000 0.99999999999995448086
14.590000 0.99999999999995448086
14.600000 0.99999999999995425881
14.610000 0.99999999999995425881
14.620000 0.99999999999995425881
14.630000 0.99999999999995436983
14.640000 0.99999999999995436983
14.650000 0.99999999999995448086
14.660000 0.99999999999995425881
14.670000 0.99999999999995425881
14.680000 0.99999999999995448086
14.690000 0.99999999999995425881
14.700000 0.99999999999995448086
14.710000 0.99999999999995425881
14.720000 0.99999999999995425881
14.730000 0.99999999999995448086
14.740000 0.99999999999995425881
14.750000 0.99999999999995425881
14.760000 0.99999999999995425881
14.770000 0.99999999999995425881
14.780000 0.99999999999995436983
14.790000 0.99999999999995414779
14.800000 0.99999999999995414779
14.810000 0.99999999999995425881
14.820000 0.99999999999995414779
14.830000 0.99999999999995403677
14.840000 0.99999999999995414779
14.850000 0.99999999999995414779
14.860000 0.99999999999995425881
14.870000 0.99999999999995425881
14.880000 0.99999999999995414779
14.890000 0.99999999999995403677
14.900000 0.99999999999995425881
14.910000 0.99999999999995414779
14.920000 0.99999999999995403677
14.930000 0.99999999999995414779
14.940000 0.99999999999995425881
14.950000 0.99999999999995414779
14.960000 0.99999999999995425881
14.970000 0.99999999999995403677
14.980000 0.99999999999995414779
14.990000 0.99999999999995414779
15.000000 0.99999999999995403677
15.010000 0.99999999999995425881
15.020000 0.99999999999995425881
15.030000 0.99999999999995414779
15.040000 0.99999999999995414779
15.050000 0.99999999999995414779
15.060000 0.99999999999995425881
15.070000 0.99999999999995425881
15.080000 0.99999999999995425881
15.090000 0.99999999999995425881
15.100000 0.99999999999995414779
15.110000 0.99999999999995414779
15.120000 0.99999999999995414779
15.130000 0.99999999999995436983
15.140000 0.99999999999995403677
15.150000 0.99999999999995425881
15.160000 0.99999999999995425881
15.170000 0.99999999999995414779
15.180000 0.99999999999995414779
15.190000 0.99999999999995436983
15.200000 0.99999999999995436983
15.210000 0.99999999999995436983
15.220000 0.99999999999995425881
15.230000 0.99999999999995425881
15.240000 0.99999999999995436983
15.250000 0.99999999999995448086
15.260000 0.99999999999995436983
15.270000 0.99999999999995436983
15.280000 0.99999999999995425881
15.290000 0.99999999999995425881
15.300000 0.99999999999995425881
15.310000 0.99999999999995425881
15.320000 0.99999999999995414779
15.330000 0.99999999999995425881
15.340000 0.99999999999995425881
15.350000 0.99999999999995414779
15.360000 0.99999999999995414779
15.370000 0.99999999999995414779
15.380000 0.99999999999995403677
15.390000 0.99999999999995403677
15.400000 0.99999999999995392574
15.410000 0.99999999999995392574
15.420000 0.99999999999995392574
15.430000 0.99999999999995403677
15.440000 0.99999999999995403677
15.450000 0.99999999999995392574
15.460000 0.99999999999995392574
15.470000 0.99999999999995370370
15.480000 0.99999999999995381472
15.490000 0.99999999999995392574
15.500000 0.99999999999995381472
15.510000 0.99999999999995392574
15.520000 0.99999999999995381472
15.530000 0.99999999999995403677
15.540000 0.99999999999995381472
15.550000 0.99999999999995392574
15.560000 0.99999999999995403677
15.570000 0.99999999999995392574
15.580000 0.99999999999995392574
15.590000 0.99999999999995381472
15.600000 0.99999999999995381472
15.610000 0.99999999999995403677
15.620000 0.99999999999995381472
15.630000 0.99999999999995403677
15.640000 0.99999999999995392574
15.650000 0.99999999999995414779
15.660000 0.99999999999995414779
15.670000 0.99999999999995403677
15.680000 0.99999999999995425881
15.690000 0.99999999999995425881
15.700000 0.99999999999995414779
15.710000 0.99999999999995436983
15.720000 0.99999999999995403677
15.730000 0.99999999999995425881
15.740000 0.99999999999995414779
15.750000 0.99999999999995392574
15.760000 0.99999999999995414779
15.770000 0.99999999999995414779
15.780000 0.99999999999995425881
15.790000 0.99999999999995425881
15.800000 0.99999999999995425881
15.810000 0.99999999999995425881
15.820000 0.99999999999995414779
15.830000 0.99999999999995414779
15.840000 0.99999999999995425881
15.850000 0.99999999999995425881
15.860000 0.99999999999995425881
15.870000 0.99999999999995414779
15.880000 0.99999999999995425881
15.890000 0.99999999999995425881
15.900000 0.99999999999995414779
15.910000 0.99999999999995414779
15.920000 0.99999999999995403677
15.930000 0.99999999999995425881
15.940000 0.99999999999995425881
15.950000 0.99999999999995448086
15.960000 0.99999999999995470290
15.970000 0.99999999999995481392
15.980000 0.99999999999995514699
15.990000 0.99999999999995525801
16.000000 0.99999999999995559108
16.010000 0.99999999999995570210
16.020000 0.99999999999995603517
16.030000 0.99999999999995614619
16.040000 0.99999999999995625721
16.050000 0.99999999999995647926
16.060000 0.99999999999995670130
16.070000 0.99999999999995703437
16.080000 0.99999999999995725641
16.090000 0.99999999999995747846
16.100000 0.99999999999995781153
16.110000 0.99999999999995836664
16.120000 0.99999999999995881073
16.130000 0.99999999999995892175
16.140000 0.99999999999995925481
16.150000 0.99999999999995980993
16.160000 0.99999999999996025402
16.170000 0.99999999999996069810
16.180000 0.99999999999996103117
16.190000 0.99999999999996125322
16.200000 0.99999999999996158628
16.210000 0.99999999999996191935
16.220000 0.99999999999996214139
16.230000 0.99999999999996236344
16.240000 0.99999999999996269651
16.250000 0.99999999999996258548
16.260000 0.99999999999996291855
16.270000 0.99999999999996314060
16.280000 0.99999999999996325162
16.290000 0.99999999999996369571
16.300000 0.99999999999996369571
16.310000 0.99999999999996391775
16.320000 0.99999999999996425082
16.330000 0.99999999999996425082
16.340000 0.99999999999996425082
16.350000 0.99999999999996413980
16.360000 0.99999999999996413980
16.370000 0.99999999999996436184
16.380000 0.99999999999996402877
16.390000 0.99999999999996380673
16.400000 0.99999999999996369571
16.410000 0.99999999999996325162
16.420000 0.99999999999996325162
16.430000 0.99999999999996291855
16.440000 0.99999999999996269651
16.450000 0.99999999999996247446
16.460000 0.99999999999996225242
16.470000 0.99999999999996203037
16.480000 0.99999999999996180833
16.490000 0.99999999999996136424
16.500000 0.99999999999996114219
16.510000 0.99999999999996058708
16.520000 0.99999999999996058708
16.530000 0.99999999999996047606
16.540000 0.99999999999995992095
16.550000 0.99999999999995980993
16.560000 0.99999999999995958788
16.570000 0.99999999999995925481
16.580000 0.99999999999995903277
16.590000 0.99999999999995869970
16.600000 0.99999999999995847766
16.610000 0.99999999999995836664
16.620000 0.99999999999995814459
16.630000 0.99999999999995781153
16.640000 0.99999999999995758948
16.650000 0.99999999999995725641
16.660000 0.99999999999995714539
16.670000 0.99999999999995692335
16.680000 0.99999999999995670130
16.690000 0.99999999999995681232
16.700000 0.99999999999995636824
16.710000 0.99999999999995647926
16.720000 0.99999999999995636824
16.730000 0.99999999999995603517
16.740000 0.99999999999995614619
16.750000 0.99999999999995592415
16.760000 0.99999999999995592415
16.770000 0.99999999999995581312
16.780000 0.99999999999995559108
16.790000 0.99999999999995559108
16.800000 0.99999999999995536903
16.810000 0.99999999999995525801
16.820000 0.99999999999995525801
16.830000 0.99999999999995503597
16.840000 0.99999999999995492495
16.850000 0.99999999999995470290
16.860000 0.99999999999995470290
16.870000 0.99999999999995492495
16.880000 0.99999999999995459188
16.890000 0.99999999999995448086
16.900000 0.99999999999995448086
16.910000 0.99999999999995414779
16.920000 0.99999999999995425881
16.930000 0.99999999999995425881
16.940000 0.99999999999995414779
16.950000 0.99999999999995392574
16.960000 0.99999999999995392574
16.970000 0.99999999999995392574
16.980000 0.99999999999995392574
16.990000 0.99999999999995392574
17.000000 0.99999999999995392574
17.010000 0.99999999999995359268
17.020000 0.99999999999995359268
17.030000 0.99999999999995381472
17.040000 0.99999999999995348166
17.050000 0.99999999999995370370
17.060000 0.99999999999995370370
17.070000 0.99999999999995359268
17.080000 0.99999999999995359268
17.090000 0.99999999999995337063
17.100000 0.99999999999995359268
17.110000 0.99999999999995359268
17.120000 0.99999999999995348166
17.130000 0.99999999999995348166
17.140000 0.99999999999995337063
17.150000 0.99999999999995348166
17.160000 0.99999999999995359268
17.170000 0.99999999999995348166
17.180000 0.99999999999995359268
17.190000 0.99999999999995337063
17.200000 0.99999999999995359268
17.210000 0.99999999999995381472
17.220000 0.99999999999995381472
17.230000 0.99999999999995370370
17.240000 0.99999999999995370370
17.250000 0.99999999999995381472
17.260000 0.99999999999995381472
17.270000 0.99999999999995403677
17.280000 0.99999999999995392574
17.290000 0.99999999999995392574
17.300000 0.99999999999995392574
17.310000 0.99999999999995392574
17.320000 0.99999999999995425881
17.330000 0.99999999999995414779
17.340000 0.99999999999995414779
17.350000 0.99999999999995414779
17.360000 0.99999999999995425881
17.370000 0.99999999999995448086
17.380000 0.99999999999995425881
17.390000 0.99999999999995414779
17.400000 0.99999999999995414779
17.410000 0.99999999999995403677
17.420000 0.99999999999995436983
17.430000 0.99999999999995403677
17.440000 0.99999999999995425881
17.450000 0.99999999999995436983
17.460000 0.99999999999995425881
17.470000 0.99999999999995448086
17.480000 0.99999999999995425881
17.490000 0.99999999999995425881
17.500000 0.99999999999995414779
17.510000 0.99999999999995414779
17.520000 0.99999999999995414779
17.530000 0.99999999999995425881
17.540000 0.99999999999995414779
17.550000 0.99999999999995414779
17.560000 0.99999999999995436983
17.570000 0.99999999999995414779
17.580000 0.99999999999995414779
17.590000 0.99999999999995392574
17.600000 0.99999999999995392574
17.610000 0.99999999999995403677
17.620000 0.99999999999995392574
17.630000 0.99999999999995392574
17.640000 0.99999999999995381472
17.650000 0.99999999999995381472
17.660000 0.99999999999995392574
17.670000 0.99999999999995381472
17.680000 0.99999999999995381472
17.690000 0.99999999999995392574
17.700000 0.99999999999995381472
17.710000 0.99999999999995381472
17.720000 0.99999999999995403677
17.730000 0.99999999999995370370
17.740000 0.99999999999995392574
17.750000 0.99999999999995370370
17.760000 0.99999999999995381472
17.770000 0.99999999999995392574
17.780000 0.99999999999995381472
17.790000 0.99999999999995392574
17.800000 0.99999999999995370370
17.810000 0.99999999999995370370
17.820000 0.99999999999995381472
17.830000 0.99999999999995381472
17.840000 0.99999999999995381472
17.850000 0.99999999999995381472
17.860000 0.99999999999995370370
17.870000 0.99999999999995370370
17.880000 0.99999999999995370370
17.890000 0.99999999999995370370
17.900000 0.99999999999995392574
17.910000 0.99999999999995381472
17.920000 0.99999999999995381472
17.930000 0.99999999999995392574
17.940000 0.99999999999995392574
17.950000 0.99999999999995381472
17.960000 0.99999999999995381472
17.970000 0.99999999999995370370
17.980000 0.99999999999995392574
17.990000 0.99999999999995381472
18.000000 0.99999999999995392574
18.010000 0.99999999999995370370
18.020000 0.99999999999995381472
18.030000 0.99999999999995381472
18.040000 0.99999999999995370370
18.050000 0.99999999999995381472
18.060000 0.99999999999995381472
18.070000 0.99999999999995381472
18.080000 0.99999999999995381472
18.090000 0.99999999999995392574
18.100000 0.99999999999995381472
18.110000 0.99999999999995381472
18.120000 0.99999999999995370370
18.130000 0.99999999999995381472
18.140000 0.99999999999995381472
18.150000 0.99999999999995381472
18.160000 0.99999999999995381472
18.170000 0.99999999999995359268
18.180000 0.99999999999995370370
18.190000 0.99999999999995381472
18.200000 0.99999999999995348166
18.210000 0.99999999999995359268
18.220000 0.99999999999995359268
18.230000 0.99999999999995359268
18.240000 0.99999999999995359268
18.250000 0.99999999999995370370
18.260000 0.99999999999995359268
18.270000 0.99999999999995370370
18.280000 0.99999999999995348166
18.290000 0.99999999999995359268
18.300000 0.99999999999995381472
18.310000 0.99999999999995348166
18.320000 0.99999999999995370370
18.330000 0.99999999999995359268
18.340000 0.99999999999995359268
18.350000 0.99999999999995370370
18.360000 0.99999999999995359268
18.370000 0.99999999999995359268
18.380000 0.99999999999995370370
18.390000 0.99999999999995337063
18.400000 0.99999999999995370370
18.410000 0.99999999999995337063
18.420000 0.99999999999995370370
18.430000 0.99999999999995370370
18.440000 0.99999999999995348166
18.450000 0.99999999999995370370
18.460000 0.99999999999995359268
18.470000 0.99999999999995359268
18.480000 0.99999999999995370370
18.490000 0.99999999999995359268
18.500000 0.99999999999995370370
18.510000 0.99999999999995359268
18.520000 0.99999999999995370370
18.530000 0.99999999999995381472
18.540000 0.99999999999995381472
18.550000 0.99999999999995370370
18.560000 0.99999999999995381472
18.570000 0.99999999999995359268
18.580000 0.99999999999995381472
18.590000 0.99999999999995381472
18.600000 0.99999999999995381472
18.610000 0.99999999999995381472
18.620000 0.99999999999995370370
18.630000 0.99999999999995392574
18.640000 0.99999999999995392574
18.650000 0.99999999999995381472
18.660000 0.99999999999995392574
18.670000 0.99999999999995381472
18.680000 0.99999999999995381472
18.690000 0.99999999999995392574
18.700000 0.99999999999995370370
18.710000 0.99999999999995392574
18.720000 0.99999999999995381472
18.730000 0.99999999999995370370
18.740000 0.99999999999995381472
18.750000 0.99999999999995370370
18.760000 0.99999999999995381472
18.770000 0.99999999999995392574
18.780000 0.99999999999995370370
18.790000 0.99999999999995381472
18.800000 0.99999999999995370370
18.810000 0.99999999999995359268
18.820000 0.99999999999995392574
18.830000 0.99999999999995381472
18.840000 0.99999999999995381472
18.850000 0.99999999999995359268
18.860000 0.99999999999995370370
18.870000 0.99999999999995392574
18.880000 0.99999999999995403677
18.890000 0.99999999999995392574
18.900000 0.99999999999995403677
18.910000 0.99999999999995392574
18.920000 0.99999999999995392574
18.930000 0.99999999999995403677
18.940000 0.99999999999995392574
18.950000 0.99999999999995392574
18.960000 0.99999999999995381472
18.970000 0.99999999999995381472
18.980000 0.99999999999995392574
18.990000 0.99999999999995381472
19.000000 0.99999999999995392574
19.010000 0.99999999999995403677
19.020000 0.99999999999995392574
19.030000 0.99999999999995392574
19.040000 0.99999999999995414779
19.050000 0.99999999999995392574
19.060000 0.99999999999995403677
19.070000 0.99999999999995392574
19.080000 0.99999999999995403677
19.090000 0.99999999999995403677
19.100000 0.99999999999995392574
19.110000 0.99999999999995403677
19.120000 0.99999999999995392574
19.130000 0.99999999999995392574
19.140000 0.99999999999995403677
19.150000 0.99999999999995392574
19.160000 0.99999999999995381472
19.170000 0.99999999999995370370
19.180000 0.99999999999995370370
19.190000 0.99999999999995381472
19.200000 0.99999999999995370370
19.210000 0.99999999999995359268
19.220000 0.99999999999995370370
19.230000 0.99999999999995359268
19.240000 0.99999999999995381472
19.250000 0.99999999999995348166
19.260000 0.99999999999995370370
19.270000 0.99999999999995359268
19.280000 0.99999999999995359268
19.290000 0.99999999999995348166
19.300000 0.99999999999995348166
19.310000 0.99999999999995348166
19.320000 0.99999999999995337063
19.330000 0.99999999999995337063
19.340000 0.99999999999995359268
19.350000 0.99999999999995359268
19.360000 0.99999999999995348166
19.370000 0.99999999999995348166
19.380000 0.99999999999995370370
19.390000 0.99999999999995348166
19.400000 0.99999999999995370370
19.410000 0.99999999999995337063
19.420000 0.99999999999995337063
19.430000 0.99999999999995359268
19.440000 0.99999999999995337063
19.450000 0.99999999999995348166
19.460000 0.99999999999995348166
19.470000 0.99999999999995337063
19.480000 0.99999999999995348166
19.490000 0.99999999999995325961
19.500000 0.99999999999995325961
19.510000 0.99999999999995348166
19.520000 0.99999999999995314859
19.530000 0.99999999999995325961
19.540000 0.99999999999995348166
19.550000 0.99999999999995337063
19.560000 0.99999999999995348166
19.570000 0.99999999999995337063
19.580000 0.99999999999995348166
19.590000 0.99999999999995348166
19.600000 0.99999999999995348166
19.610000 0.99999999999995325961
19.620000 0.99999999999995337063
19.630000 0.99999999999995325961
19.640000 0.99999999999995348166
19.650000 0.99999999999995337063
19.660000 0.99999999999995325961
19.670000 0.99999999999995325961
19.680000 0.99999999999995325961
19.690000 0.99999999999995314859
19.700000 0.99999999999995348166
19.710000 0.99999999999995337063
19.720000 0.99999999999995337063
19.730000 0.99999999999995325961
19.740000 0.99999999999995337063
19.750000 0.99999999999995337063
19.760000 0.99999999999995325961
19.770000 0.99999999999995325961
19.780000 0.99999999999995325961
19.790000 0.99999999999995325961
19.800000 0.99999999999995337063
19.810000 0.99999999999995314859
19.820000 0.99999999999995337063
19.830000 0.99999999999995337063
19.840000 0.99999999999995359268
19.850000 0.99999999999995348166
19.860000 0.99999999999995348166
19.870000 0.99999999999995348166
19.880000 0.99999999999995337063
19.890000 0.99999999999995337063
19.900000 0.99999999999995348166
19.910000 0.99999999999995348166
19.920000 0.99999999999995337063
19.930000 0.99999999999995348166
19.940000 0.99999999999995337063
19.950000 0.99999999999995348166
19.960000 0.99999999999995359268
19.970000 0.99999999999995348166
19.980000 0.99999999999995348166
19.990000 0.99999999999995348166
20.000000 0.99999999999995359268
20.010000 0.99999999999995381472
20.020000 0.99999999999995348166
20.030000 0.99999999999995359268
20.040000 0.99999999999995381472
20.050000 0.99999999999995381472
20.060000 0.99999999999995381472
20.070000 0.99999999999995359268
20.080000 0.99999999999995381472
20.090000 0.99999999999995392574
20.100000 0.99999999999995381472
20.110000 0.99999999999995403677
20.120000 0.99999999999995381472
20.130000 0.99999999999995381472
20.140000 0.99999999999995392574
20.150000 0.99999999999995381472
20.160000 0.99999999999995392574
20.170000 0.99999999999995381472
20.180000 0.99999999999995370370
20.190000 0.99999999999995392574
20.200000 0.99999999999995392574
20.210000 0.99999999999995392574
20.220000 0.99999999999995381472
20.230000 0.99999999999995359268
20.240000 0.99999999999995381472
20.250000 0.99999999999995381472
20.260000 0.99999999999995370370
20.270000 0.99999999999995381472
20.280000 0.99999999999995370370
20.290000 0.99999999999995359268
20.300000 0.99999999999995370370
20.310000 0.99999999999995348166
20.320000 0.99999999999995359268
20.330000 0.99999999999995359268
20.340000 0.99999999999995370370
20.350000 0.99999999999995370370
20.360000 0.99999999999995359268
20.370000 0.99999999999995370370
20.380000 0.99999999999995381472
20.390000 0.99999999999995370370
20.400000 0.99999999999995381472
20.410000 0.99999999999995381472
20.420000 0.99999999999995370370
20.430000 0.99999999999995392574
20.440000 0.99999999999995370370
20.450000 0.99999999999995370370
20.460000 0.99999999999995381472
20.470000 0.99999999999995359268
20.480000 0.99999999999995370370
20.490000 0.99999999999995359268
20.500000 0.99999999999995348166
20.510000 0.99999999999995381472
20.520000 0.99999999999995359268
20.530000 0.99999999999995359268
20.540000 0.99999999999995381472
20.550000 0.99999999999995370370
20.560000 0.99999999999995381472
20.570000 0.99999999999995381472
20.580000 0.99999999999995392574
20.590000 0.99999999999995381472
20.600000 0.99999999999995392574
20.610000 0.99999999999995381472
20.620000 0.99999999999995381472
20.630000 0.99999999999995370370
20.640000 0.99999999999995392574
20.650000 0.99999999999995370370
20.660000 0.99999999999995370370
20.670000 0.99999999999995359268
20.680000 0.99999999999995359268
20.690000 0.99999999999995381472
20.700000 0.99999999999995381472
20.710000 0.99999999999995370370
20.720000 0.99999999999995359268
20.730000 0.99999999999995348166
20.740000 0.99999999999995348166
20.750000 0.99999999999995337063
20.760000 0.99999999999995325961
20.770000 0.99999999999995325961
20.780000 0.99999999999995325961
20.790000 0.99999999999995348166
20.800000 0.99999999999995337063
20.810000 0.99999999999995337063
20.820000 0.99999999999995359268
20.830000 0.99999999999995337063
20.840000 0.99999999999995348166
20.850000 0.99999999999995370370
20.860000 0.99999999999995348166
20.870000 0.99999999999995348166
20.880000 0.99999999999995359268
20.890000 0.99999999999995348166
20.900000 0.99999999999995359268
20.910000 0.99999999999995337063
20.920000 0.99999999999995348166
20.930000 0.99999999999995348166
20.940000 0.99999999999995337063
20.950000 0.99999999999995337063
20.960000 0.99999999999995359268
20.970000 0.99999999999995325961
20.980000 0.99999999999995337063
20.990000 0.99999999999995337063
21.000000 0.99999999999995314859
21.010000 0.99999999999995348166
21.020000 0.99999999999995314859
21.030000 0.99999999999995337063
21.040000 0.99999999999995325961
21.050000 0.99999999999995325961
21.060000 0.99999999999995325961
21.070000 0.99999999999995314859
21.080000 0.99999999999995337063
21.090000 0.99999999999995337063
21.100000 0.99999999999995325961
21.110000 0.99999999999995325961
21.120000 0.99999999999995348166
21.130000 0.99999999999995314859
21.140000 0.99999999999995337063
21.150000 0.99999999999995337063
21.160000 0.99999999999995325961
21.170000 0.99999999999995337063
21.180000 0.99999999999995325961
21.190000 0.99999999999995348166
21.200000 0.99999999999995348166
21.210000 0.99999999999995337063
21.220000 0.99999999999995348166
21.230000 0.99999999999995359268
21.240000 0.99999999999995370370
21.250000 0.99999999999995370370
21.260000 0.99999999999995370370
21.270000 0.99999999999995370370
21.280000 0.99999999999995370370
21.290000 0.99999999999995359268
21.300000 0.99999999999995381472
21.310000 0.99999999999995359268
21.320000 0.99999999999995370370
21.330000 0.99999999999995381472
21.340000 0.99999999999995359268
21.350000 0.99999999999995370370
21.360000 0.99999999999995381472
21.370000 0.99999999999995381472
21.380000 0.99999999999995381472
21.390000 0.99999999999995370370
21.400000 0.99999999999995381472
21.410000 0.99999999999995370370
21.420000 0.99999999999995370370
21.430000 0.99999999999995381472
21.440000 0.99999999999995359268
21.450000 0.99999999999995370370
21.460000 0.99999999999995370370
21.470000 0.99999999999995392574
21.480000 0.99999999999995381472
21.490000 0.99999999999995381472
21.500000 0.99999999999995381472
21.510000 0.99999999999995392574
21.520000 0.99999999999995392574
21.530000 0.99999999999995392574
21.540000 0.99999999999995392574
21.550000 0.99999999999995370370
21.560000 0.99999999999995381472
21.570000 0.99999999999995392574
21.580000 0.99999999999995381472
21.590000 0.99999999999995381472
21.600000 0.99999999999995359268
21.610000 0.99999999999995359268
21.620000 0.99999999999995370370
21.630000 0.99999999999995348166
21.640000 0.99999999999995348166
21.650000 0.99999999999995325961
21.660000 0.99999999999995348166
21.670000 0.99999999999995337063
21.680000 0.99999999999995314859
21.690000 0.99999999999995337063
21.700000 0.99999999999995359268
21.710000 0.99999999999995359268
21.720000 0.99999999999995337063
21.730000 0.99999999999995337063
21.740000 0.99999999999995359268
21.750000 0.99999999999995348166
21.760000 0.99999999999995337063
21.770000 0.99999999999995325961
21.780000 0.99999999999995325961
21.790000 0.99999999999995325961
21.800000 0.99999999999995337063
21.810000 0.99999999999995337063
21.820000 0.99999999999995325961
21.830000 0.99999999999995337063
21.840000 0.99999999999995314859
21.850000 0.99999999999995337063
21.860000 0.99999999999995325961
21.870000 0.99999999999995325961
21.880000 0.99999999999995337063
21.890000 0.99999999999995337063
21.900000 0.99999999999995348166
21.910000 0.99999999999995337063
21.920000 0.99999999999995337063
21.930000 0.99999999999995337063
21.940000 0.99999999999995325961
21.950000 0.99999999999995348166
21.960000 0.99999999999995348166
21.970000 0.99999999999995348166
21.980000 0.99999999999995359268
21.990000 0.99999999999995348166
22.000000 0.99999999999995348166
22.010000 0.99999999999995370370
22.020000 0.99999999999995370370
22.030000 0.99999999999995370370
22.040000 0.99999999999995381472
22.050000 0.99999999999995359268
22.060000 0.99999999999995370370
22.070000 0.99999999999995392574
22.080000 0.99999999999995370370
22.090000 0.99999999999995370370
22.100000 0.99999999999995359268
22.110000 0.99999999999995370370
22.120000 0.99999999999995370370
22.130000 0.99999999999995348166
22.140000 0.99999999999995359268
22.150000 0.99999999999995359268
22.160000 0.99999999999995359268
22.170000 0.99999999999995370370
22.180000 0.99999999999995348166
22.190000 0.99999999999995359268
22.200000 0.99999999999995381472
22.210000 0.99999999999995359268
22.220000 0.99999999999995359268
22.230000 0.99999999999995359268
22.240000 0.99999999999995359268
22.250000 0.99999999999995381472
22.260000 0.99999999999995348166
22.270000 0.99999999999995348166
22.280000 0.99999999999995348166
22.290000 0.99999999999995348166
22.300000 0.99999999999995359268
22.310000 0.99999999999995370370
22.320000 0.99999999999995359268
22.330000 0.99999999999995359268
22.340000 0.99999999999995348166
22.350000 0.99999999999995370370
22.360000 0.99999999999995359268
22.370000 0.99999999999995348166
22.380000 0.99999999999995359268
22.390000 0.99999999999995359268
22.400000 0.99999999999995370370
22.410000 0.99999999999995381472
22.420000 0.99999999999995359268
22.430000 0.99999999999995359268
22.440000 0.99999999999995359268
22.450000 0.99999999999995359268
22.460000 0.99999999999995381472
22.470000 0.99999999999995370370
22.480000 0.99999999999995381472
22.490000 0.99999999999995359268
22.500000 0.99999999999995359268
22.510000 0.99999999999995370370
22.520000 0.99999999999995359268
22.530000 0.99999999999995370370
22.540000 0.99999999999995381472
22.550000 0.99999999999995370370
22.560000 0.99999999999995370370
22.570000 0.99999999999995359268
22.580000 0.99999999999995370370
22.590000 0.99999999999995370370
22.600000 0.99999999999995348166
22.610000 0.99999999999995348166
22.620000 0.99999999999995370370
22.630000 0.99999999999995359268
22.640000 0.99999999999995359268
22.650000 0.99999999999995359268
22.660000 0.99999999999995359268
22.670000 0.99999999999995370370
22.680000 0.99999999999995359268
22.690000 0.99999999999995381472
22.700000 0.99999999999995359268
22.710000 0.99999999999995359268
22.720000 0.99999999999995381472
22.730000 0.99999999999995381472
22.740000 0.99999999999995381472
22.750000 0.99999999999995381472
22.760000 0.99999999999995370370
22.770000 0.99999999999995370370
22.780000 0.99999999999995392574
22.790000 0.99999999999995381472
22.800000 0.99999999999995381472
22.810000 0.99999999999995370370
22.820000 0.99999999999995370370
22.830000 0.99999999999995381472
22.840000 0.99999999999995359268
22.850000 0.99999999999995381472
22.860000 0.99999999999995392574
22.870000 0.99999999999995381472
22.880000 0.99999999999995381472
22.890000 0.99999999999995381472
22.900000 0.99999999999995381472
22.910000 0.99999999999995392574
22.920000 0.99999999999995370370
22.930000 0.99999999999995381472
22.940000 0.99999999999995403677
22.950000 0.99999999999995381472
22.960000 0.99999999999995381472
22.970000 0.99999999999995392574
22.980000 0.99999999999995370370
22.990000 0.99999999999995381472
23.000000 0.99999999999995359268
23.010000 0.99999999999995381472
23.020000 0.99999999999995381472
23.030000 0.99999999999995381472
23.040000 0.99999999999995381472
23.050000 0.99999999999995370370
23.060000 0.99999999999995370370
23.070000 0.99999999999995370370
23.080000 0.99999999999995370370
23.090000 0.99999999999995370370
23.100000 0.99999999999995359268
23.110000 0.99999999999995370370
23.120000 0.99999999999995381472
23.130000 0.99999999999995392574
23.140000 0.99999999999995370370
23.150000 0.99999999999995359268
23.160000 0.99999999999995381472
23.170000 0.99999999999995392574
23.180000 0.99999999999995392574
23.190000 0.99999999999995392574
23.200000 0.99999999999995381472
23.210000 0.99999999999995359268
23.220000 0.99999999999995381472
23.230000 0.99999999999995392574
23.240000 0.99999999999995381472
23.250000 0.99999999999995381472
23.260000 0.99999999999995370370
23.270000 0.99999999999995381472
23.280000 0.99999999999995392574
23.290000 0.99999999999995370370
23.300000 0.99999999999995381472
23.310000 0.99999999999995392574
23.320000 0.99999999999995381472
23.330000 0.99999999999995392574
23.340000 0.99999999999995370370
23.350000 0.99999999999995392574
23.360000 0.99999999999995381472
23.370000 0.99999999999995359268
23.380000 0.99999999999995381472
23.390000 0.99999999999995403677
23.400000 0.99999999999995392574
23.410000 0.99999999999995392574
23.420000 0.99999999999995392574
23.430000 0.99999999999995403677
23.440000 0.99999999999995414779
23.450000 0.99999999999995392574
23.460000 0.99999999999995403677
23.470000 0.99999999999995414779
23.480000 0.99999999999995381472
23.490000 0.99999999999995414779
23.500000 0.99999999999995381472
23.510000 0.99999999999995403677
23.520000 0.99999999999995403677
23.530000 0.99999999999995392574
23.540000 0.99999999999995381472
23.550000 0.99999999999995370370
23.560000 0.99999999999995370370
23.570000 0.99999999999995392574
23.580000 0.99999999999995381472
23.590000 0.99999999999995392574
23.600000 0.99999999999995392574
23.610000 0.99999999999995403677
23.620000 0.99999999999995403677
23.630000 0.99999999999995414779
23.640000 0.99999999999995403677
23.650000 0.99999999999995392574
23.660000 0.99999999999995392574
23.670000 0.99999999999995392574
23.680000 0.99999999999995392574
23.690000 0.99999999999995381472
23.700000 0.99999999999995392574
23.710000 0.99999999999995370370
23.720000 0.99999999999995381472
23.730000 0.99999999999995392574
23.740000 0.99999999999995381472
23.750000 0.99999999999995381472
23.760000 0.99999999999995370370
23.770000 0.99999999999995381472
23.780000 0.99999999999995381472
23.790000 0.99999999999995370370
23.800000 0.99999999999995370370
23.810000 0.99999999999995381472
23.820000 0.99999999999995370370
23.830000 0.99999999999995381472
23.840000 0.99999999999995359268
23.850000 0.99999999999995370370
23.860000 0.99999999999995370370
23.870000 0.99999999999995359268
23.880000 0.99999999999995370370
23.890000 0.99999999999995359268
23.900000 0.99999999999995370370
23.910000 0.99999999999995359268
23.920000 0.99999999999995359268
23.930000 0.99999999999995359268
23.940000 0.99999999999995325961
23.950000 0.99999999999995337063
23.960000 0.99999999999995348166
23.970000 0.99999999999995348166
23.980000 0.99999999999995348166
23.990000 0.99999999999995337063
24.000000 0.99999999999995325961
24.010000 0.99999999999995348166
24.020000 0.99999999999995348166
24.030000 0.99999999999995337063
24.040000 0.99999999999995348166
24.050000 0.99999999999995337063
24.060000 0.99999999999995348166
24.070000 0.99999999999995348166
24.080000 0.99999999999995348166
24.090000 0.99999999999995348166
24.100000 0.99999999999995337063
24.110000 0.99999999999995337063
24.120000 0.99999999999995359268
24.130000 0.99999999999995348166
24.140000 0.99999999999995359268
24.150000 0.99999999999995370370
24.160000 0.99999999999995359268
24.170000 0.99999999999995370370
24.180000 0.99999999999995370370
24.190000 0.99999999999995370370
24.200000 0.99999999999995370370
24.210000 0.99999999999995359268
24.220000 0.99999999999995370370
24.230000 0.99999999999995370370
24.240000 0.99999999999995348166
24.250000 0.99999999999995359268
24.260000 0.99999999999995325961
24.270000 0.99999999999995337063
24.280000 0.99999999999995359268
24.290000 0.99999999999995337063
24.300000 0.99999999999995359268
24.310000 0.99999999999995359268
24.320000 0.99999999999995337063
24.330000 0.99999999999995359268
24.340000 0.99999999999995325961
24.350000 0.99999999999995359268
24.360000 0.99999999999995348166
24.370000 0.99999999999995348166
24.380000 0.99999999999995359268
24.390000 0.99999999999995348166
24.400000 0.99999999999995314859
24.410000 0.99999999999995325961
24.420000 0.99999999999995292654
24.430000 0.99999999999995303757
24.440000 0.99999999999995303757
24.450000 0.99999999999995303757
24.460000 0.99999999999995281552
24.470000 0.99999999999995292654
24.480000 0.99999999999995292654
24.490000 0.99999999999995292654
24.500000 0.99999999999995281552
24.510000 0.99999999999995303757
24.520000 0.99999999999995303757
24.530000 0.99999999999995292654
24.540000 0.99999999999995314859
24.550000 0.99999999999995325961
24.560000 0.99999999999995314859
24.570000 0.99999999999995314859
24.580000 0.99999999999995303757
24.590000 0.99999999999995325961
24.600000 0.99999999999995337063
24.610000 0.99999999999995314859
24.620000 0.99999999999995337063
24.630000 0.99999999999995337063
24.640000 0.99999999999995325961
24.650000 0.99999999999995314859
24.660000 0.99999999999995314859
24.670000 0.99999999999995303757
24.680000 0.99999999999995314859
24.690000 0.99999999999995303757
24.700000 0.99999999999995303757
24.710000 0.99999999999995292654
24.720000 0.99999999999995292654
24.730000 0.99999999999995303757
24.740000 0.99999999999995292654
24.750000 0.99999999999995292654
24.760000 0.99999999999995303757
24.770000 0.99999999999995303757
24.780000 0.99999999999995325961
24.790000 0.99999999999995325961
24.800000 0.99999999999995314859
24.810000 0.99999999999995314859
24.820000 0.99999999999995314859
24.830000 0.99999999999995337063
24.840000 0.99999999999995337063
24.850000 0.99999999999995337063
24.860000 0.99999999999995325961
24.870000 0.99999999999995325961
24.880000 0.99999999999995337063
24.890000 0.99999999999995337063
24.900000 0.99999999999995337063
24.910000 0.99999999999995325961
24.920000 0.99999999999995325961
24.930000 0.99999999999995325961
24.940000 0.99999999999995348166
24.950000 0.99999999999995348166
24.960000 0.99999999999995359268
24.970000 0.99999999999995348166
24.980000 0.99999999999995359268
24.990000 0.99999999999995370370
25.000000 0.99999999999995370370
25.010000 0.99999999999995359268
25.020000 0.99999999999995370370
25.030000 0.99999999999995359268
25.040000 0.99999999999995381472
25.050000 0.99999999999995381472
25.060000 0.99999999999995370370
25.070000 0.99999999999995381472
25.080000 0.99999999999995370370
25.090000 0.99999999999995381472
25.100000 0.99999999999995392574
25.110000 0.99999999999995359268
25.120000 0.99999999999995370370
25.130000 0.99999999999995381472
25.140000 0.99999999999995359268
25.150000 0.99999999999995381472
25.160000 0.99999999999995359268
25.170000 0.99999999999995370370
25.180000 0.99999999999995381472
25.190000 0.99999999999995370370
25.200000 0.99999999999995381472
25.210000 0.99999999999995359268
25.220000 0.99999999999995381472
25.230000 0.99999999999995381472
25.240000 0.99999999999995370370
25.250000 0.99999999999995370370
25.260000 0.99999999999995370370
25.270000 0.99999999999995359268
25.280000 0.99999999999995359268
25.290000 0.99999999999995370370
25.300000 0.99999999999995348166
25.310000 0.99999999999995348166
25.320000 0.99999999999995348166
25.330000 0.99999999999995370370
25.340000 0.99999999999995359268
25.350000 0.99999999999995337063
25.360000 0.99999999999995359268
25.370000 0.99999999999995325961
25.380000 0.99999999999995348166
25.390000 0.99999999999995337063
25.400000 0.99999999999995337063
25.410000 0.99999999999995337063
25.420000 0.99999999999995337063
25.430000 0.99999999999995348166
25.440000 0.99999999999995359268
25.450000 0.99999999999995337063
25.460000 0.99999999999995348166
25.470000 0.99999999999995370370
25.480000 0.99999999999995359268
25.490000 0.99999999999995359268
25.500000 0.99999999999995348166
25.510000 0.99999999999995348166
25.520000 0.99999999999995370370
25.530000 0.99999999999995337063
25.540000 0.99999999999995348166
25.550000 0.99999999999995381472
25.560000 0.99999999999995348166
25.570000 0.99999999999995359268
25.580000 0.99999999999995337063
25.590000 0.99999999999995348166
25.600000 0.99999999999995359268
25.610000 0.99999999999995337063
25.620000 0.99999999999995359268
25.630000 0.99999999999995370370
25.640000 0.99999999999995348166
25.650000 0.99999999999995359268
25.660000 0.99999999999995348166
25.670000 0.99999999999995348166
25.680000 0.99999999999995359268
25.690000 0.99999999999995325961
25.700000 0.99999999999995348166
25.710000 0.99999999999995337063
25.720000 0.99999999999995325961
25.730000 0.99999999999995348166
25.740000 0.99999999999995314859
25.750000 0.99999999999995337063
25.760000 0.99999999999995303757
25.770000 0.99999999999995314859
25.780000 0.99999999999995314859
25.790000 0.99999999999995337063
25.800000 0.99999999999995314859
25.810000 0.99999999999995314859
25.820000 0.99999999999995314859
25.830000 0.99999999999995314859
25.840000 0.99999999999995325961
25.850000 0.99999999999995303757
25.860000 0.99999999999995325961
25.870000 0.99999999999995314859
25.880000 0.99999999999995314859
25.890000 0.99999999999995337063
25.900000 0.99999999999995325961
25.910000 0.99999999999995325961
25.920000 0.99999999999995325961
25.930000 0.99999999999995325961
25.940000 0.99999999999995337063
25.950000 0.99999999999995325961
25.960000 0.99999999999995337063
25.970000 0.99999999999995348166
25.980000 0.99999999999995337063
25.990000 0.99999999999995359268
26.000000 0.99999999999995370370
26.010000 0.99999999999995348166
26.020000 0.99999999999995359268
26.030000 0.99999999999995337063
26.040000 0.99999999999995359268
26.050000 0.99999999999995370370
26.060000 0.99999999999995359268
26.070000 0.99999999999995370370
26.080000 0.99999999999995348166
26.090000 0.99999999999995359268
26.100000 0.99999999999995370370
26.110000 0.99999999999995370370
26.120000 0.99999999999995370370
26.130000 0.99999999999995370370
26.140000 0.99999999999995370370
26.150000 0.99999999999995370370
26.160000 0.99999999999995370370
26.170000 0.99999999999995370370
26.180000 0.99999999999995370370
26.190000 0.99999999999995370370
26.200000 0.99999999999995370370
26.210000 0.99999999999995370370
26.220000 0.99999999999995370370
26.230000 0.99999999999995370370
26.240000 0.99999999999995359268
26.250000 0.99999999999995370370
26.260000 0.99999999999995370370
26.270000 0.99999999999995359268
26.280000 0.99999999999995381472
26.290000 0.99999999999995381472
26.300000 0.99999999999995381472
26.310000 0.99999999999995392574
26.320000 0.99999999999995392574
26.330000 0.99999999999995381472
26.340000 0.99999999999995392574
26.350000 0.99999999999995370370
26.360000 0.99999999999995381472
26.370000 0.99999999999995403677
26.380000 0.99999999999995370370
26.390000 0.99999999999995381472
26.400000 0.99999999999995370370
26.410000 0.99999999999995370370
26.420000 0.99999999999995392574
26.430000 0.99999999999995359268
26.440000 0.99999999999995381472
26.450000 0.99999999999995381472
26.460000 0.99999999999995359268
26.470000 0.99999999999995381472
26.480000 0.99999999999995359268
26.490000 0.99999999999995370370
26.500000 0.99999999999995370370
26.510000 0.99999999999995370370
26.520000 0.99999999999995370370
26.530000 0.99999999999995359268
26.540000 0.99999999999995370370
26.550000 0.99999999999995370370
26.560000 0.99999999999995359268
26.570000 0.99999999999995370370
26.580000 0.99999999999995359268
26.590000 0.99999999999995359268
26.600000 0.99999999999995370370
26.610000 0.99999999999995381472
26.620000 0.99999999999995370370
26.630000 0.99999999999995370370
26.640000 0.99999999999995359268
26.650000 0.99999999999995370370
26.660000 0.99999999999995381472
26.670000 0.99999999999995370370
26.680000 0.99999999999995370370
26.690000 0.99999999999995370370
26.700000 0.99999999999995370370
26.710000 0.99999999999995381472
26.720000 0.99999999999995359268
26.730000 0.99999999999995370370
26.740000 0.99999999999995359268
26.750000 0.99999999999995359268
26.760000 0.99999999999995381472
26.770000 0.99999999999995359268
26.780000 0.99999999999995381472
26.790000 0.99999999999995381472
26.800000 0.99999999999995359268
26.810000 0.99999999999995381472
26.820000 0.99999999999995370370
26.830000 0.99999999999995392574
26.840000 0.99999999999995403677
26.850000 0.99999999999995381472
26.860000 0.99999999999995392574
26.870000 0.99999999999995392574
26.880000 0.99999999999995392574
26.890000 0.99999999999995414779
26.900000 0.99999999999995403677
26.910000 0.99999999999995403677
26.920000 0.99999999999995403677
26.930000 0.99999999999995392574
26.940000 0.99999999999995414779
26.950000 0.99999999999995425881
26.960000 0.99999999999995414779
26.970000 0.99999999999995403677
26.980000 0.99999999999995381472
26.990000 0.99999999999995381472
27.000000 0.99999999999995392574
27.010000 0.99999999999995381472
27.020000 0.99999999999995392574
27.030000 0.99999999999995381472
27.040000 0.99999999999995370370
27.050000 0.99999999999995392574
27.060000 0.99999999999995381472
27.070000 0.99999999999995370370
27.080000 0.99999999999995359268
27.090000 0.99999999999995359268
27.100000 0.99999999999995381472
27.110000 0.99999999999995370370
27.120000 0.99999999999995359268
27.130000 0.99999999999995370370
27.140000 0.99999999999995359268
27.150000 0.99999999999995370370
27.160000 0.99999999999995381472
27.170000 0.99999999999995359268
27.180000 0.99999999999995370370
27.190000 0.99999999999995348166
27.200000 0.99999999999995370370
27.210000 0.99999999999995370370
27.220000 0.99999999999995348166
27.230000 0.99999999999995359268
27.240000 0.99999999999995359268
27.250000 0.99999999999995348166
27.260000 0.99999999999995359268
27.270000 0.99999999999995348166
27.280000 0.99999999999995359268
27.290000 0.99999999999995359268
27.300000 0.99999999999995359268
27.310000 0.99999999999995370370
27.320000 0.99999999999995337063
27.330000 0.99999999999995348166
27.340000 0.99999999999995359268
27.350000 0.99999999999995337063
27.360000 0.99999999999995359268
27.370000 0.99999999999995337063
27.380000 0.99999999999995337063
27.390000 0.99999999999995348166
27.400000 0.99999999999995337063
27.410000 0.99999999999995359268
27.420000 0.99999999999995348166
27.430000 0.99999999999995337063
27.440000 0.99999999999995348166
27.450000 0.99999999999995359268
27.460000 0.99999999999995359268
27.470000 0.99999999999995359268
27.480000 0.99999999999995348166
27.490000 0.99999999999995359268
27.500000 0.99999999999995359268
27.510000 0.99999999999995348166
27.520000 0.99999999999995359268
27.530000 0.99999999999995348166
27.540000 0.99999999999995359268
27.550000 0.99999999999995370370
27.560000 0.99999999999995370370
27.570000 0.99999999999995370370
27.580000 0.99999999999995370370
27.590000 0.99999999999995348166
27.600000 0.99999999999995359268
27.610000 0.99999999999995359268
27.620000 0.99999999999995370370
27.630000 0.99999999999995370370
27.640000 0.99999999999995359268
27.650000 0.99999999999995370370
27.660000 0.99999999999995381472
27.670000 0.99999999999995359268
27.680000 0.99999999999995370370
27.690000 0.99999999999995348166
27.700000 0.99999999999995370370
27.710000 0.99999999999995381472
27.720000 0.99999999999995348166
27.730000 0.99999999999995370370
27.740000 0.99999999999995381472
27.750000 0.99999999999995359268
27.760000 0.99999999999995359268
27.770000 0.99999999999995348166
27.780000 0.99999999999995359268
27.790000 0.99999999999995370370
27.800000 0.99999999999995359268
27.810000 0.99999999999995381472
27.820000 0.99999999999995359268
27.830000 0.99999999999995337063
27.840000 0.99999999999995359268
27.850000 0.99999999999995348166
27.860000 0.99999999999995359268
27.870000 0.99999999999995359268
27.880000 0.99999999999995348166
27.890000 0.99999999999995359268
27.900000 0.99999999999995348166
27.910000 0.99999999999995359268
27.920000 0.99999999999995359268
27.930000 0.99999999999995370370
27.940000 0.99999999999995381472
27.950000 0.99999999999995370370
27.960000 0.99999999999995370370
27.970000 0.99999999999995359268
27.980000 0.99999999999995370370
27.990000 0.99999999999995359268
28.000000 0.99999999999995359268
28.010000 0.99999999999995348166
28.020000 0.99999999999995359268
28.030000 0.99999999999995370370
28.040000 0.99999999999995348166
28.050000 0.99999999999995359268
28.060000 0.99999999999995348166
28.070000 0.99999999999995348166
28.080000 0.99999999999995348166
28.090000 0.99999999999995337063
28.100000 0.99999999999995359268
28.110000 0.99999999999995359268
28.120000 0.99999999999995348166
28.130000 0.99999999999995348166
28.140000 0.99999999999995325961
28.150000 0.99999999999995348166
28.160000 0.99999999999995359268
28.170000 0.99999999999995337063
28.180000 0.99999999999995337063
28.190000 0.99999999999995325961
28.200000 0.99999999999995348166
28.210000 0.99999999999995348166
28.220000 0.99999999999995359268
28.230000 0.99999999999995348166
28.240000 0.99999999999995348166
28.250000 0.99999999999995348166
28.260000 0.99999999999995359268
28.270000 0.99999999999995370370
28.280000 0.99999999999995359268
28.290000 0.99999999999995370370
28.300000 0.99999999999995348166
28.310000 0.99999999999995381472
28.320000 0.99999999999995370370
28.330000 0.99999999999995370370
28.340000 0.99999999999995370370
28.350000 0.99999999999995370370
28.360000 0.99999999999995370370
28.370000 0.99999999999995381472
28.380000 0.99999999999995348166
28.390000 0.99999999999995370370
28.400000 0.99999999999995370370
28.410000 0.99999999999995359268
28.420000 0.99999999999995381472
28.430000 0.99999999999995348166
28.440000 0.99999999999995370370
28.450000 0.99999999999995370370
28.460000 0.99999999999995359268
28.470000 0.99999999999995370370
28.480000 0.99999999999995359268
28.490000 0.99999999999995370370
28.500000 0.99999999999995381472
28.510000 0.99999999999995359268
28.520000 0.99999999999995359268
28.530000 0.99999999999995392574
28.540000 0.99999999999995359268
28.550000 0.99999999999995370370
28.560000 0.99999999999995359268
28.570000 0.99999999999995359268
28.580000 0.99999999999995381472
28.590000 0.99999999999995359268
28.600000 0.99999999999995370370
28.610000 0.99999999999995381472
28.620000 0.99999999999995359268
28.630000 0.99999999999995370370
28.640000 0.99999999999995348166
28.650000 0.99999999999995348166
28.660000 0.99999999999995359268
28.670000 0.99999999999995359268
28.680000 0.99999999999995359268
28.690000 0.99999999999995359268
28.700000 0.99999999999995359268
28.710000 0.99999999999995359268
28.720000 0.99999999999995370370
28.730000 0.99999999999995359268
28.740000 0.99999999999995348166
28.750000 0.99999999999995359268
28.760000 0.99999999999995370370
28.770000 0.99999999999995381472
28.780000 0.99999999999995370370
28.790000 0.99999999999995381472
28.800000 0.99999999999995359268
28.810000 0.99999999999995381472
28.820000 0.99999999999995403677
28.830000 0.99999999999995370370
28.840000 0.99999999999995392574
28.850000 0.99999999999995381472
28.860000 0.99999999999995370370
28.870000 0.99999999999995392574
28.880000 0.99999999999995370370
28.890000 0.99999999999995392574
28.900000 0.99999999999995381472
28.910000 0.99999999999995370370
28.920000 0.99999999999995392574
28.930000 0.99999999999995381472
28.940000 0.99999999999995381472
28.950000 0.99999999999995381472
28.960000 0.99999999999995381472
28.970000 0.99999999999995370370
28.980000 0.99999999999995370370
28.990000 0.99999999999995370370
29.000000 0.99999999999995381472
29.010000 0.99999999999995359268
29.020000 0.99999999999995381472
29.030000 0.99999999999995348166
29.040000 0.99999999999995370370
29.050000 0.99999999999995370370
29.060000 0.99999999999995370370
29.070000 0.99999999999995359268
29.080000 0.99999999999995370370
29.090000 0.99999999999995348166
29.100000 0.99999999999995359268
29.110000 0.99999999999995359268
29.120000 0.99999999999995337063
29.130000 0.99999999999995348166
29.140000 0.99999999999995337063
29.150000 0.99999999999995337063
29.160000 0.99999999999995348166
29.170000 0.99999999999995325961
29.180000 0.99999999999995337063
29.190000 0.99999999999995337063
29.200000 0.99999999999995337063
29.210000 0.99999999999995348166
29.220000 0.99999999999995337063
29.230000 0.99999999999995359268
29.240000 0.99999999999995370370
29.250000 0.99999999999995348166
29.260000 0.99999999999995359268
29.270000 0.99999999999995370370
29.280000 0.99999999999995370370
29.290000 0.99999999999995359268
29.300000 0.99999999999995337063
29.310000 0.99999999999995348166
29.320000 0.99999999999995359268
29.330000 0.99999999999995348166
29.340000 0.99999999999995370370
29.350000 0.99999999999995381472
29.360000 0.99999999999995348166
29.370000 0.99999999999995381472
29.380000 0.99999999999995359268
29.390000 0.99999999999995370370
29.400000 0.99999999999995370370
29.410000 0.99999999999995359268
29.420000 0.99999999999995370370
29.430000 0.99999999999995370370
29.440000 0.99999999999995359268
29.450000 0.99999999999995370370
29.460000 0.99999999999995348166
29.470000 0.99999999999995359268
29.480000 0.99999999999995359268
29.490000 0.99999999999995359268
29.500000 0.99999999999995348166
29.510000 0.99999999999995348166
29.520000 0.99999999999995337063
29.530000 0.99999999999995359268
29.540000 0.99999999999995337063
29.550000 0.99999999999995359268
29.560000 0.99999999999995337063
29.570000 0.99999999999995337063
29.580000 0.99999999999995348166
29.590000 0.99999999999995359268
29.600000 0.99999999999995348166
29.610000 0.99999999999995337063
29.620000 0.99999999999995337063
29.630000 0.99999999999995337063
29.640000 0.99999999999995337063
29.650000 0.99999999999995337063
29.660000 0.99999999999995348166
29.670000 0.99999999999995337063
29.680000 0.99999999999995337063
29.690000 0.99999999999995348166
29.700000 0.99999999999995348166
29.710000 0.99999999999995348166
29.720000 0.99999999999995359268
29.730000 0.99999999999995359268
29.740000 0.99999999999995359268
29.750000 0.99999999999995348166
29.760000 0.99999999999995370370
29.770000 0.99999999999995370370
29.780000 0.99999999999995381472
29.790000 0.99999999999995381472
29.800000 0.99999999999995370370
29.810000 0.99999999999995392574
29.820000 0.99999999999995392574
29.830000 0.99999999999995381472
29.840000 0.99999999999995381472
29.850000 0.99999999999995370370
29.860000 0.99999999999995370370
29.870000 0.99999999999995392574
29.880000 0.99999999999995381472
29.890000 0.99999999999995381472
29.900000 0.99999999999995392574
29.910000 0.99999999999995370370
29.920000 0.99999999999995381472
29.930000 0.99999999999995392574
29.940000 0.99999999999995370370
29.950000 0.99999999999995392574
29.960000 0.99999999999995381472
29.970000 0.99999999999995392574
29.980000 0.99999999999995392574
29.990000 0.99999999999995381472
30.000000 0.99999999999995392574
