-30.000000 0.00000000000000000000
-29.990000 -0.00000000000000000000
-29.980000 -0.00000000000000000000
-29.970000 0.00000000000000000000
-29.960000 -0.00000000000000000000
-29.950000 -0.00000000000000000000
-29.940000 0.00000000000000000000
-29.930000 -0.00000000000000000000
-29.920000 -0.00000000000000000000
-29.910000 0.00000000000000000000
-29.900000 -0.00000000000000000000
-29.890000 -0.00000000000000000000
-29.880000 0.00000000000000000000
-29.870000 0.00000000000000000000
-29.860000 -0.00000000000000000000
-29.850000 0.00000000000000000000
-29.840000 0.00000000000000000000
-29.830000 -0.00000000000000000000
-29.820000 0.00000000000000000000
-29.810000 0.00000000000000000000
-29.800000 -0.00000000000000000000
-29.790000 0.00000000000000000000
-29.780000 0.00000000000000000000
-29.770000 -0.00000000000000000000
-29.760000 -0.00000000000000000000
-29.750000 0.00000000000000000000
-29.740000 -0.00000000000000000000
-29.730000 -0.00000000000000000000
-29.720000 0.00000000000000000000
-29.710000 -0.00000000000000000000
-29.700000 -0.00000000000000000000
-29.690000 0.00000000000000000000
-29.680000 -0.00000000000000000000
-29.670000 -0.00000000000000000000
-29.660000 0.00000000000000000000
-29.650000 0.00000000000000000000
-29.640000 -0.00000000000000000000
-29.630000 0.00000000000000000000
-29.620000 0.00000000000000000000
-29.610000 -0.00000000000000000000
-29.600000 0.00000000000000000000
-29.590000 0.00000000000000000000
-29.580000 -0.00000000000000000000
-29.570000 0.00000000000000000000
-29.560000 0.00000000000000000000
-29.550000 -0.00000000000000000000
-29.540000 -0.00000000000000000000
-29.530000 0.00000000000000000000
-29.520000 -0.00000000000000000000
-29.510000 -0.00000000000000000000
-29.500000 0.00000000000000000000
-29.490000 -0.00000000000000000000
-29.480000 -0.00000000000000000000
-29.470000 0.00000000000000000000
-29.460000 -0.00000000000000000000
-29.450000 -0.00000000000000000000
-29.440000 0.00000000000000000000
-29.430000 0.00000000000000000000
-29.420000 -0.00000000000000000000
-29.410000 0.00000000000000000000
-29.400000 0.00000000000000000000
-29.390000 -0.00000000000000000000
-29.380000 0.00000000000000000000
-29.370000 0.00000000000000000000
-29.360000 -0.00000000000000000000
-29.350000 0.00000000000000000000
-29.340000 0.00000000000000000000
-29.330000 -0.00000000000000000000
-29.320000 -0.00000000000000000000
-29.310000 0.00000000000000000000
-29.300000 -0.00000000000000000000
-29.290000 -0.00000000000000000000
-29.280000 0.00000000000000000000
-29.270000 -0.00000000000000000000
-29.260000 -0.00000000000000000000
-29.250000 0.00000000000000000000
-29.240000 -0.00000000000000000000
-29.230000 -0.00000000000000000000
-29.220000 0.00000000000000000000
-29.210000 0.00000000000000000000
-29.200000 -0.00000000000000000000
-29.190000 0.00000000000000000000
-29.180000 0.00000000000000000000
-29.170000 -0.00000000000000000000
-29.160000 0.00000000000000000000
-29.150000 0.00000000000000000000
-29.140000 -0.00000000000000000000
-29.130000 0.00000000000000000000
-29.120000 0.00000000000000000000
-29.110000 -0.00000000000000000000
-29.100000 -0.00000000000000000000
-29.090000 0.00000000000000000000
-29.080000 -0.00000000000000000000
-29.070000 -0.00000000000000000000
-29.060000 0.00000000000000000000
-29.050000 -0.00000000000000000000
-29.040000 -0.00000000000000000000
-29.030000 0.00000000000000000000
-29.020000 -0.00000000000000000000
-29.010000 -0.00000000000000000000
-29.000000 0.00000000000000000000
-28.990000 0.00000000000000000000
-28.980000 -0.00000000000000000000
-28.970000 0.00000000000000000000
-28.960000 0.00000000000000000000
-28.950000 -0.00000000000000000000
-28.940000 0.00000000000000000000
-28.930000 0.00000000000000000000
-28.920000 -0.00000000000000000000
-28.910000 0.00000000000000000000
-28.900000 0.00000000000000000000
-28.890000 -0.00000000000000000000
-28.880000 -0.00000000000000000000
-28.870000 0.00000000000000000000
-28.860000 -0.00000000000000000000
-28.850000 -0.00000000000000000000
-28.840000 0.00000000000000000000
-28.830000 -0.00000000000000000000
-28.820000 -0.00000000000000000000
-28.810000 0.00000000000000000000
-28.800000 -0.00000000000000000000
-28.790000 -0.00000000000000000000
-28.780000 0.00000000000000000000
-28.770000 0.00000000000000000000
-28.760000 -0.00000000000000000000
-28.750000 0.00000000000000000000
-28.740000 0.00000000000000000000
-28.730000 -0.00000000000000000000
-28.720000 0.00000000000000000000
-28.710000 0.00000000000000000000
-28.700000 -0.00000000000000000000
-28.690000 0.00000000000000000000
-28.680000 0.00000000000000000000
-28.670000 -0.00000000000000000000
-28.660000 -0.00000000000000000000
-28.650000 0.00000000000000000000
-28.640000 -0.00000000000000000000
-28.630000 -0.00000000000000000000
-28.620000 0.00000000000000000000
-28.610000 -0.00000000000000000000
-28.600000 -0.00000000000000000000
-28.590000 0.00000000000000000000
-28.580000 -0.00000000000000000000
-28.570000 -0.00000000000000000000
-28.560000 0.00000000000000000000
-28.550000 0.00000000000000000000
-28.540000 -0.00000000000000000000
-28.530000 0.00000000000000000000
-28.520000 0.00000000000000000000
-28.510000 -0.00000000000000000000
-28.500000 0.00000000000000000000
-28.490000 0.00000000000000000000
-28.480000 -0.00000000000000000000
-28.470000 0.00000000000000000000
-28.460000 0.00000000000000000000
-28.450000 -0.00000000000000000000
-28.440000 -0.00000000000000000000
-28.430000 0.00000000000000000000
-28.420000 -0.00000000000000000000
-28.410000 -0.00000000000000000000
-28.400000 0.00000000000000000000
-28.390000 -0.00000000000000000000
-28.380000 -0.00000000000000000000
-28.370000 0.00000000000000000000
-28.360000 -0.00000000000000000000
-28.350000 -0.00000000000000000000
-28.340000 0.00000000000000000000
-28.330000 0.00000000000000000000
-28.320000 -0.00000000000000000000
-28.310000 0.00000000000000000000
-28.300000 0.00000000000000000000
-28.290000 -0.00000000000000000000
-28.280000 0.00000000000000000000
-28.270000 0.00000000000000000000
-28.260000 -0.00000000000000000000
-28.250000 0.00000000000000000000
-28.240000 0.00000000000000000000
-28.230000 -0.00000000000000000000
-28.220000 -0.00000000000000000000
-28.210000 0.00000000000000000000
-28.200000 -0.00000000000000000000
-28.190000 -0.00000000000000000000
-28.180000 0.00000000000000000000
-28.170000 -0.00000000000000000000
-28.160000 -0.00000000000000000000
-28.150000 0.00000000000000000000
-28.140000 -0.00000000000000000000
-28.130000 -0.00000000000000000000
-28.120000 0.00000000000000000000
-28.110000 0.00000000000000000000
-28.100000 -0.00000000000000000000
-28.090000 0.00000000000000000000
-28.080000 0.00000000000000000000
-28.070000 -0.00000000000000000000
-28.060000 0.00000000000000000000
-28.050000 0.00000000000000000000
-28.040000 -0.00000000000000000000
-28.030000 0.00000000000000000000
-28.020000 0.00000000000000000000
-28.010000 -0.00000000000000000000
-28.000000 -0.00000000000000000000
-27.990000 0.00000000000000000000
-27.980000 -0.00000000000000000000
-27.970000 -0.00000000000000000000
-27.960000 0.00000000000000000000
-27.950000 -0.00000000000000000000
-27.940000 -0.00000000000000000000
-27.930000 0.00000000000000000000
-27.920000 -0.00000000000000000000
-27.910000 -0.00000000000000000000
-27.900000 0.00000000000000000000
-27.890000 0.00000000000000000000
-27.880000 -0.00000000000000000000
-27.870000 0.00000000000000000000
-27.860000 0.00000000000000000000
-27.850000 -0.00000000000000000000
-27.840000 0.00000000000000000000
-27.830000 0.00000000000000000000
-27.820000 -0.00000000000000000000
-27.810000 0.00000000000000000000
-27.800000 0.00000000000000000000
-27.790000 -0.00000000000000000000
-27.780000 -0.00000000000000000000
-27.770000 0.00000000000000000000
-27.760000 -0.00000000000000000000
-27.750000 -0.00000000000000000000
-27.740000 0.00000000000000000000
-27.730000 -0.00000000000000000000
-27.720000 -0.00000000000000000000
-27.710000 0.00000000000000000000
-27.700000 -0.00000000000000000000
-27.690000 -0.00000000000000000000
-27.680000 0.00000000000000000000
-27.670000 0.00000000000000000000
-27.660000 -0.00000000000000000000
-27.650000 0.00000000000000000000
-27.640000 0.00000000000000000000
-27.630000 -0.00000000000000000000
-27.620000 0.00000000000000000000
-27.610000 0.00000000000000000000
-27.600000 -0.00000000000000000000
-27.590000 0.00000000000000000000
-27.580000 0.00000000000000000000
-27.570000 -0.00000000000000000000
-27.560000 -0.00000000000000000000
-27.550000 0.00000000000000000000
-27.540000 -0.00000000000000000000
-27.530000 -0.00000000000000000000
-27.520000 0.00000000000000000000
-27.510000 -0.00000000000000000000
-27.500000 -0.00000000000000000000
-27.490000 0.00000000000000000000
-27.480000 -0.00000000000000000000
-27.470000 -0.00000000000000000000
-27.460000 0.00000000000000000000
-27.450000 0.00000000000000000000
-27.440000 -0.00000000000000000000
-27.430000 0.00000000000000000000
-27.420000 0.00000000000000000000
-27.410000 -0.00000000000000000000
-27.400000 0.00000000000000000000
-27.390000 0.00000000000000000000
-27.380000 -0.00000000000000000000
-27.370000 0.00000000000000000000
-27.360000 0.00000000000000000000
-27.350000 -0.00000000000000000000
-27.340000 -0.00000000000000000000
-27.330000 0.00000000000000000000
-27.320000 -0.00000000000000000000
-27.310000 -0.00000000000000000000
-27.300000 0.00000000000000000000
-27.290000 -0.00000000000000000000
-27.280000 -0.00000000000000000000
-27.270000 0.00000000000000000000
-27.260000 -0.00000000000000000000
-27.250000 -0.00000000000000000000
-27.240000 0.00000000000000000000
-27.230000 0.00000000000000000000
-27.220000 -0.00000000000000000000
-27.210000 0.00000000000000000000
-27.200000 0.00000000000000000000
-27.190000 -0.00000000000000000000
-27.180000 0.00000000000000000000
-27.170000 0.00000000000000000000
-27.160000 -0.00000000000000000000
-27.150000 0.00000000000000000000
-27.140000 0.00000000000000000000
-27.130000 -0.00000000000000000000
-27.120000 -0.00000000000000000000
-27.110000 0.00000000000000000000
-27.100000 -0.00000000000000000000
-27.090000 -0.00000000000000000000
-27.080000 0.00000000000000000000
-27.070000 -0.00000000000000000000
-27.060000 -0.00000000000000000000
-27.050000 0.00000000000000000000
-27.040000 -0.00000000000000000000
-27.030000 -0.00000000000000000000
-27.020000 0.00000000000000000000
-27.010000 0.00000000000000000000
-27.000000 -0.00000000000000000000
-26.990000 0.00000000000000000000
-26.980000 0.00000000000000000000
-26.970000 -0.00000000000000000000
-26.960000 0.00000000000000000000
-26.950000 0.00000000000000000000
-26.940000 -0.00000000000000000000
-26.930000 0.00000000000000000000
-26.920000 0.00000000000000000000
-26.910000 -0.00000000000000000000
-26.900000 -0.00000000000000000000
-26.890000 0.00000000000000000000
-26.880000 -0.00000000000000000000
-26.870000 -0.00000000000000000000
-26.860000 0.00000000000000000000
-26.850000 -0.00000000000000000000
-26.840000 -0.00000000000000000000
-26.830000 0.00000000000000000000
-26.820000 -0.00000000000000000000
-26.810000 -0.00000000000000000000
-26.800000 0.00000000000000000000
-26.790000 0.00000000000000000000
-26.780000 -0.00000000000000000000
-26.770000 0.00000000000000000000
-26.760000 0.00000000000000000000
-26.750000 -0.00000000000000000000
-26.740000 0.00000000000000000000
-26.730000 0.00000000000000000000
-26.720000 -0.00000000000000000000
-26.710000 0.00000000000000000000
-26.700000 0.00000000000000000000
-26.690000 -0.00000000000000000000
-26.680000 -0.00000000000000000000
-26.670000 0.00000000000000000000
-26.660000 -0.00000000000000000000
-26.650000 -0.00000000000000000000
-26.640000 0.00000000000000000000
-26.630000 -0.00000000000000000000
-26.620000 -0.00000000000000000000
-26.610000 0.00000000000000000000
-26.600000 -0.00000000000000000000
-26.590000 -0.00000000000000000000
-26.580000 0.00000000000000000000
-26.570000 0.00000000000000000000
-26.560000 -0.00000000000000000000
-26.550000 0.00000000000000000000
-26.540000 0.00000000000000000000
-26.530000 -0.00000000000000000000
-26.520000 0.00000000000000000000
-26.510000 0.00000000000000000000
-26.500000 -0.00000000000000000000
-26.490000 0.00000000000000000000
-26.480000 0.00000000000000000000
-26.470000 -0.00000000000000000000
-26.460000 -0.00000000000000000000
-26.450000 0.00000000000000000000
-26.440000 -0.00000000000000000000
-26.430000 -0.00000000000000000000
-26.420000 0.00000000000000000000
-26.410000 -0.00000000000000000000
-26.400000 -0.00000000000000000000
-26.390000 0.00000000000000000000
-26.380000 -0.00000000000000000000
-26.370000 -0.00000000000000000000
-26.360000 0.00000000000000000000
-26.350000 0.00000000000000000000
-26.340000 -0.00000000000000000000
-26.330000 0.00000000000000000000
-26.320000 0.00000000000000000000
-26.310000 -0.00000000000000000000
-26.300000 0.00000000000000000000
-26.290000 0.00000000000000000000
-26.280000 -0.00000000000000000000
-26.270000 0.00000000000000000000
-26.260000 0.00000000000000000000
-26.250000 -0.00000000000000000000
-26.240000 -0.00000000000000000000
-26.230000 0.00000000000000000000
-26.220000 -0.00000000000000000000
-26.210000 -0.00000000000000000000
-26.200000 0.00000000000000000000
-26.190000 -0.00000000000000000000
-26.180000 -0.00000000000000000000
-26.170000 0.00000000000000000000
-26.160000 -0.00000000000000000000
-26.150000 -0.00000000000000000000
-26.140000 0.00000000000000000000
-26.130000 0.00000000000000000000
-26.120000 -0.00000000000000000000
-26.110000 0.00000000000000000000
-26.100000 0.00000000000000000000
-26.090000 -0.00000000000000000000
-26.080000 0.00000000000000000000
-26.070000 0.00000000000000000000
-26.060000 -0.00000000000000000000
-26.050000 0.00000000000000000000
-26.040000 0.00000000000000000000
-26.030000 -0.00000000000000000000
-26.020000 -0.00000000000000000000
-26.010000 0.00000000000000000000
-26.000000 -0.00000000000000000000
-25.990000 -0.00000000000000000000
-25.980000 0.00000000000000000000
-25.970000 -0.00000000000000000000
-25.960000 -0.00000000000000000000
-25.950000 0.00000000000000000000
-25.940000 -0.00000000000000000000
-25.930000 -0.00000000000000000000
-25.920000 0.00000000000000000000
-25.910000 0.00000000000000000000
-25.900000 -0.00000000000000000000
-25.890000 0.00000000000000000000
-25.880000 0.00000000000000000000
-25.870000 -0.00000000000000000000
-25.860000 0.00000000000000000000
-25.850000 0.00000000000000000000
-25.840000 -0.00000000000000000000
-25.830000 0.00000000000000000000
-25.820000 0.00000000000000000000
-25.810000 -0.00000000000000000000
-25.800000 -0.00000000000000000000
-25.790000 0.00000000000000000000
-25.780000 -0.00000000000000000000
-25.770000 -0.00000000000000000000
-25.760000 0.00000000000000000000
-25.750000 -0.00000000000000000000
-25.740000 -0.00000000000000000000
-25.730000 0.00000000000000000000
-25.720000 -0.00000000000000000000
-25.710000 -0.00000000000000000000
-25.700000 0.00000000000000000000
-25.690000 0.00000000000000000000
-25.680000 -0.00000000000000000000
-25.670000 0.00000000000000000000
-25.660000 0.00000000000000000000
-25.650000 -0.00000000000000000000
-25.640000 0.00000000000000000000
-25.630000 0.00000000000000000000
-25.620000 -0.00000000000000000000
-25.610000 0.00000000000000000000
-25.600000 0.00000000000000000000
-25.590000 -0.00000000000000000000
-25.580000 -0.00000000000000000000
-25.570000 0.00000000000000000000
-25.560000 -0.00000000000000000000
-25.550000 -0.00000000000000000000
-25.540000 0.00000000000000000000
-25.530000 -0.00000000000000000000
-25.520000 -0.00000000000000000000
-25.510000 0.00000000000000000000
-25.500000 -0.00000000000000000000
-25.490000 -0.00000000000000000000
-25.480000 0.00000000000000000000
-25.470000 0.00000000000000000000
-25.460000 -0.00000000000000000000
-25.450000 0.00000000000000000000
-25.440000 0.00000000000000000000
-25.430000 -0.00000000000000000000
-25.420000 0.00000000000000000000
-25.410000 0.00000000000000000000
-25.400000 -0.00000000000000000000
-25.390000 0.00000000000000000000
-25.380000 0.00000000000000000000
-25.370000 -0.00000000000000000000
-25.360000 -0.00000000000000000000
-25.350000 0.00000000000000000000
-25.340000 -0.00000000000000000000
-25.330000 -0.00000000000000000000
-25.320000 0.00000000000000000000
-25.310000 -0.00000000000000000000
-25.300000 -0.00000000000000000000
-25.290000 0.00000000000000000000
-25.280000 -0.00000000000000000000
-25.270000 -0.00000000000000000000
-25.260000 0.00000000000000000000
-25.250000 0.00000000000000000000
-25.240000 -0.00000000000000000000
-25.230000 0.00000000000000000000
-25.220000 0.00000000000000000000
-25.210000 -0.00000000000000000000
-25.200000 0.00000000000000000000
-25.190000 0.00000000000000000000
-25.180000 -0.00000000000000000000
-25.170000 0.00000000000000000000
-25.160000 0.00000000000000000000
-25.150000 -0.00000000000000000000
-25.140000 -0.00000000000000000000
-25.130000 0.00000000000000000000
-25.120000 -0.00000000000000000000
-25.110000 -0.00000000000000000000
-25.100000 0.00000000000000000000
-25.090000 -0.00000000000000000000
-25.080000 -0.00000000000000000000
-25.070000 0.00000000000000000000
-25.060000 -0.00000000000000000000
-25.050000 -0.00000000000000000000
-25.040000 0.00000000000000000000
-25.030000 0.00000000000000000000
-25.020000 -0.00000000000000000000
-25.010000 0.00000000000000000000
-25.000000 0.00000000000000000000
-24.990000 -0.00000000000000000000
-24.980000 0.00000000000000000000
-24.970000 0.00000000000000000000
-24.960000 -0.00000000000000000000
-24.950000 0.00000000000000000000
-24.940000 0.00000000000000000000
-24.930000 -0.00000000000000000000
-24.920000 -0.00000000000000000000
-24.910000 0.00000000000000000000
-24.900000 -0.00000000000000000000
-24.890000 -0.00000000000000000000
-24.880000 0.00000000000000000000
-24.870000 -0.00000000000000000000
-24.860000 -0.00000000000000000000
-24.850000 0.00000000000000000000
-24.840000 -0.00000000000000000000
-24.830000 -0.00000000000000000000
-24.820000 0.00000000000000000000
-24.810000 0.00000000000000000000
-24.800000 -0.00000000000000000000
-24.790000 0.00000000000000000000
-24.780000 0.00000000000000000000
-24.770000 -0.00000000000000000000
-24.760000 0.00000000000000000000
-24.750000 0.00000000000000000000
-24.740000 -0.00000000000000000000
-24.730000 0.00000000000000000000
-24.720000 0.00000000000000000000
-24.710000 -0.00000000000000000000
-24.700000 -0.00000000000000000000
-24.690000 0.00000000000000000000
-24.680000 -0.00000000000000000000
-24.670000 -0.00000000000000000000
-24.660000 0.00000000000000000000
-24.650000 -0.00000000000000000000
-24.640000 -0.00000000000000000000
-24.630000 0.00000000000000000000
-24.620000 -0.00000000000000000000
-24.610000 -0.00000000000000000000
-24.600000 0.00000000000000000000
-24.590000 0.00000000000000000000
-24.580000 -0.00000000000000000000
-24.570000 0.00000000000000000000
-24.560000 0.00000000000000000000
-24.550000 -0.00000000000000000000
-24.540000 0.00000000000000000000
-24.530000 0.00000000000000000000
-24.520000 -0.00000000000000000000
-24.510000 0.00000000000000000000
-24.500000 0.00000000000000000000
-24.490000 -0.00000000000000000000
-24.480000 -0.00000000000000000000
-24.470000 0.00000000000000000000
-24.460000 -0.00000000000000000000
-24.450000 -0.00000000000000000000
-24.440000 0.00000000000000000000
-24.430000 -0.00000000000000000000
-24.420000 -0.00000000000000000000
-24.410000 0.00000000000000000000
-24.400000 -0.00000000000000000000
-24.390000 -0.00000000000000000000
-24.380000 0.00000000000000000000
-24.370000 0.00000000000000000000
-24.360000 -0.00000000000000000000
-24.350000 0.00000000000000000000
-24.340000 0.00000000000000000000
-24.330000 -0.00000000000000000000
-24.320000 0.00000000000000000000
-24.310000 0.00000000000000000000
-24.300000 -0.00000000000000000000
-24.290000 0.00000000000000000000
-24.280000 0.00000000000000000000
-24.270000 -0.00000000000000000000
-24.260000 -0.00000000000000000000
-24.250000 0.00000000000000000000
-24.240000 -0.00000000000000000000
-24.230000 -0.00000000000000000000
-24.220000 0.00000000000000000000
-24.210000 -0.00000000000000000000
-24.200000 -0.00000000000000000000
-24.190000 0.00000000000000000000
-24.180000 -0.00000000000000000000
-24.170000 -0.00000000000000000000
-24.160000 0.00000000000000000000
-24.150000 0.00000000000000000000
-24.140000 -0.00000000000000000000
-24.130000 0.00000000000000000000
-24.120000 0.00000000000000000000
-24.110000 -0.00000000000000000000
-24.100000 0.00000000000000000000
-24.090000 0.00000000000000000000
-24.080000 -0.00000000000000000000
-24.070000 0.00000000000000000000
-24.060000 0.00000000000000000000
-24.050000 -0.00000000000000000000
-24.040000 -0.00000000000000000000
-24.030000 0.00000000000000000000
-24.020000 -0.00000000000000000000
-24.010000 -0.00000000000000000000
-24.000000 0.00000000000000000000
-23.990000 -0.00000000000000000000
-23.980000 -0.00000000000000000000
-23.970000 0.00000000000000000000
-23.960000 -0.00000000000000000000
-23.950000 -0.00000000000000000000
-23.940000 0.00000000000000000000
-23.930000 0.00000000000000000000
-23.920000 -0.00000000000000000000
-23.910000 0.00000000000000000000
-23.900000 0.00000000000000000000
-23.890000 -0.00000000000000000000
-23.880000 0.00000000000000000000
-23.870000 0.00000000000000000000
-23.860000 -0.00000000000000000000
-23.850000 0.00000000000000000000
-23.840000 0.00000000000000000000
-23.830000 -0.00000000000000000000
-23.820000 -0.00000000000000000000
-23.810000 0.00000000000000000000
-23.800000 -0.00000000000000000000
-23.790000 -0.00000000000000000000
-23.780000 0.00000000000000000000
-23.770000 -0.00000000000000000000
-23.760000 -0.00000000000000000000
-23.750000 0.00000000000000000000
-23.740000 -0.00000000000000000000
-23.730000 -0.00000000000000000000
-23.720000 0.00000000000000000000
-23.710000 0.00000000000000000000
-23.700000 -0.00000000000000000000
-23.690000 0.00000000000000000000
-23.680000 0.00000000000000000000
-23.670000 -0.00000000000000000000
-23.660000 0.00000000000000000000
-23.650000 0.00000000000000000000
-23.640000 -0.00000000000000000000
-23.630000 0.00000000000000000000
-23.620000 0.00000000000000000000
-23.610000 -0.00000000000000000000
-23.600000 -0.00000000000000000000
-23.590000 0.00000000000000000000
-23.580000 -0.00000000000000000000
-23.570000 -0.00000000000000000000
-23.560000 0.00000000000000000000
-23.550000 -0.00000000000000000000
-23.540000 -0.00000000000000000000
-23.530000 0.00000000000000000000
-23.520000 -0.00000000000000000000
-23.510000 -0.00000000000000000000
-23.500000 0.00000000000000000000
-23.490000 0.00000000000000000000
-23.480000 -0.00000000000000000000
-23.470000 0.00000000000000000000
-23.460000 0.00000000000000000000
-23.450000 -0.00000000000000000000
-23.440000 0.00000000000000000000
-23.430000 0.00000000000000000000
-23.420000 -0.00000000000000000000
-23.410000 0.00000000000000000000
-23.400000 0.00000000000000000000
-23.390000 -0.00000000000000000000
-23.380000 -0.00000000000000000000
-23.370000 0.00000000000000000000
-23.360000 -0.00000000000000000000
-23.350000 -0.00000000000000000000
-23.340000 0.00000000000000000000
-23.330000 -0.00000000000000000000
-23.320000 -0.00000000000000000000
-23.310000 0.00000000000000000000
-23.300000 -0.00000000000000000000
-23.290000 -0.00000000000000000000
-23.280000 0.00000000000000000000
-23.270000 0.00000000000000000000
-23.260000 -0.00000000000000000000
-23.250000 0.00000000000000000000
-23.240000 0.00000000000000000000
-23.230000 -0.00000000000000000000
-23.220000 0.00000000000000000000
-23.210000 0.00000000000000000000
-23.200000 -0.00000000000000000000
-23.190000 0.00000000000000000000
-23.180000 0.00000000000000000000
-23.170000 -0.00000000000000000000
-23.160000 -0.00000000000000000000
-23.150000 0.00000000000000000000
-23.140000 -0.00000000000000000000
-23.130000 -0.00000000000000000000
-23.120000 0.00000000000000000000
-23.110000 -0.00000000000000000000
-23.100000 -0.00000000000000000000
-23.090000 0.00000000000000000000
-23.080000 -0.00000000000000000000
-23.070000 -0.00000000000000000000
-23.060000 0.00000000000000000000
-23.050000 0.00000000000000000000
-23.040000 -0.00000000000000000000
-23.030000 0.00000000000000000000
-23.020000 0.00000000000000000000
-23.010000 -0.00000000000000000000
-23.000000 0.00000000000000000000
-22.990000 0.00000000000000000000
-22.980000 -0.00000000000000000000
-22.970000 0.00000000000000000000
-22.960000 0.00000000000000000000
-22.950000 -0.00000000000000000000
-22.940000 -0.00000000000000000000
-22.930000 0.00000000000000000000
-22.920000 -0.00000000000000000000
-22.910000 -0.00000000000000000000
-22.900000 0.00000000000000000000
-22.890000 -0.00000000000000000000
-22.880000 -0.00000000000000000000
-22.870000 0.00000000000000000000
-22.860000 -0.00000000000000000000
-22.850000 -0.00000000000000000000
-22.840000 0.00000000000000000000
-22.830000 0.00000000000000000000
-22.820000 -0.00000000000000000000
-22.810000 0.00000000000000000000
-22.800000 0.00000000000000000000
-22.790000 -0.00000000000000000000
-22.780000 0.00000000000000000000
-22.770000 0.00000000000000000000
-22.760000 -0.00000000000000000000
-22.750000 0.00000000000000000000
-22.740000 0.00000000000000000000
-22.730000 -0.00000000000000000000
-22.720000 -0.00000000000000000000
-22.710000 0.00000000000000000000
-22.700000 -0.00000000000000000000
-22.690000 -0.00000000000000000000
-22.680000 0.00000000000000000000
-22.670000 -0.00000000000000000000
-22.660000 -0.00000000000000000000
-22.650000 0.00000000000000000000
-22.640000 -0.00000000000000000000
-22.630000 -0.00000000000000000000
-22.620000 0.00000000000000000000
-22.610000 0.00000000000000000000
-22.600000 -0.00000000000000000000
-22.590000 0.00000000000000000000
-22.580000 0.00000000000000000000
-22.570000 -0.00000000000000000000
-22.560000 0.00000000000000000000
-22.550000 0.00000000000000000000
-22.540000 -0.00000000000000000000
-22.530000 0.00000000000000000000
-22.520000 0.00000000000000000000
-22.510000 -0.00000000000000000000
-22.500000 -0.00000000000000000000
-22.490000 0.00000000000000000000
-22.480000 -0.00000000000000000000
-22.470000 -0.00000000000000000000
-22.460000 0.00000000000000000000
-22.450000 -0.00000000000000000000
-22.440000 -0.00000000000000000000
-22.430000 0.00000000000000000000
-22.420000 -0.00000000000000000000
-22.410000 -0.00000000000000000000
-22.400000 0.00000000000000000000
-22.390000 0.00000000000000000000
-22.380000 -0.00000000000000000000
-22.370000 0.00000000000000000000
-22.360000 0.00000000000000000000
-22.350000 -0.00000000000000000000
-22.340000 0.00000000000000000000
-22.330000 0.00000000000000000000
-22.320000 -0.00000000000000000000
-22.310000 0.00000000000000000000
-22.300000 0.00000000000000000000
-22.290000 -0.00000000000000000000
-22.280000 -0.00000000000000000000
-22.270000 0.00000000000000000000
-22.260000 -0.00000000000000000000
-22.250000 -0.00000000000000000000
-22.240000 0.00000000000000000000
-22.230000 -0.00000000000000000000
-22.220000 -0.00000000000000000000
-22.210000 0.00000000000000000000
-22.200000 -0.00000000000000000000
-22.190000 -0.00000000000000000000
-22.180000 0.00000000000000000000
-22.170000 0.00000000000000000000
-22.160000 -0.00000000000000000000
-22.150000 0.00000000000000000000
-22.140000 0.00000000000000000000
-22.130000 -0.00000000000000000000
-22.120000 0.00000000000000000000
-22.110000 0.00000000000000000000
-22.100000 -0.00000000000000000000
-22.090000 0.00000000000000000000
-22.080000 0.00000000000000000000
-22.070000 -0.00000000000000000000
-22.060000 -0.00000000000000000000
-22.050000 0.00000000000000000000
-22.040000 -0.00000000000000000000
-22.030000 -0.00000000000000000000
-22.020000 0.00000000000000000000
-22.010000 -0.00000000000000000000
-22.000000 -0.00000000000000000000
-21.990000 0.00000000000000000000
-21.980000 -0.00000000000000000000
-21.970000 -0.00000000000000000000
-21.960000 0.00000000000000000000
-21.950000 0.00000000000000000000
-21.940000 -0.00000000000000000000
-21.930000 0.00000000000000000000
-21.920000 0.00000000000000000000
-21.910000 -0.00000000000000000000
-21.900000 0.00000000000000000000
-21.890000 0.00000000000000000000
-21.880000 -0.00000000000000000000
-21.870000 0.00000000000000000000
-21.860000 0.00000000000000000000
-21.850000 -0.00000000000000000000
-21.840000 -0.00000000000000000000
-21.830000 0.00000000000000000000
-21.820000 -0.00000000000000000000
-21.810000 -0.00000000000000000000
-21.800000 0.00000000000000000000
-21.790000 -0.00000000000000000000
-21.780000 -0.00000000000000000000
-21.770000 0.00000000000000000000
-21.760000 -0.00000000000000000000
-21.750000 -0.00000000000000000000
-21.740000 0.00000000000000000000
-21.730000 0.00000000000000000000
-21.720000 -0.00000000000000000000
-21.710000 0.00000000000000000000
-21.700000 0.00000000000000000000
-21.690000 -0.00000000000000000000
-21.680000 0.00000000000000000000
-21.670000 0.00000000000000000000
-21.660000 -0.00000000000000000000
-21.650000 0.00000000000000000000
-21.640000 0.00000000000000000000
-21.630000 -0.00000000000000000000
-21.620000 -0.00000000000000000000
-21.610000 0.00000000000000000000
-21.600000 -0.00000000000000000000
-21.590000 -0.00000000000000000000
-21.580000 0.00000000000000000000
-21.570000 -0.00000000000000000000
-21.560000 -0.00000000000000000000
-21.550000 0.00000000000000000000
-21.540000 -0.00000000000000000000
-21.530000 -0.00000000000000000000
-21.520000 0.00000000000000000000
-21.510000 0.00000000000000000000
-21.500000 -0.00000000000000000000
-21.490000 0.00000000000000000000
-21.480000 0.00000000000000000000
-21.470000 -0.00000000000000000000
-21.460000 0.00000000000000000000
-21.450000 0.00000000000000000000
-21.440000 -0.00000000000000000000
-21.430000 0.00000000000000000000
-21.420000 0.00000000000000000000
-21.410000 -0.00000000000000000000
-21.400000 -0.00000000000000000000
-21.390000 0.00000000000000000000
-21.380000 -0.00000000000000000000
-21.370000 -0.00000000000000000000
-21.360000 0.00000000000000000000
-21.350000 -0.00000000000000000000
-21.340000 -0.00000000000000000000
-21.330000 0.00000000000000000000
-21.320000 -0.00000000000000000000
-21.310000 -0.00000000000000000000
-21.300000 0.00000000000000000000
-21.290000 0.00000000000000000000
-21.280000 -0.00000000000000000000
-21.270000 0.00000000000000000000
-21.260000 0.00000000000000000000
-21.250000 -0.00000000000000000000
-21.240000 0.00000000000000000000
-21.230000 0.00000000000000000000
-21.220000 -0.00000000000000000000
-21.210000 0.00000000000000000000
-21.200000 0.00000000000000000000
-21.190000 -0.00000000000000000000
-21.180000 -0.00000000000000000000
-21.170000 0.00000000000000000000
-21.160000 -0.00000000000000000000
-21.150000 -0.00000000000000000000
-21.140000 0.00000000000000000000
-21.130000 -0.00000000000000000000
-21.120000 -0.00000000000000000000
-21.110000 0.00000000000000000000
-21.100000 -0.00000000000000000000
-21.090000 -0.00000000000000000000
-21.080000 0.00000000000000000000
-21.070000 0.00000000000000000000
-21.060000 -0.00000000000000000000
-21.050000 0.00000000000000000000
-21.040000 0.00000000000000000000
-21.030000 -0.00000000000000000000
-21.020000 0.00000000000000000000
-21.010000 0.00000000000000000000
-21.000000 -0.00000000000000000000
-20.990000 0.00000000000000000000
-20.980000 0.00000000000000000000
-20.970000 -0.00000000000000000000
-20.960000 -0.00000000000000000000
-20.950000 0.00000000000000000000
-20.940000 -0.00000000000000000000
-20.930000 -0.00000000000000000000
-20.920000 0.00000000000000000000
-20.910000 -0.00000000000000000000
-20.900000 -0.00000000000000000000
-20.890000 0.00000000000000000000
-20.880000 -0.00000000000000000000
-20.870000 -0.00000000000000000000
-20.860000 0.00000000000000000000
-20.850000 0.00000000000000000000
-20.840000 -0.00000000000000000000
-20.830000 0.00000000000000000000
-20.820000 0.00000000000000000000
-20.810000 -0.00000000000000000000
-20.800000 0.00000000000000000000
-20.790000 0.00000000000000000000
-20.780000 -0.00000000000000000000
-20.770000 0.00000000000000000000
-20.760000 0.00000000000000000000
-20.750000 -0.00000000000000000000
-20.740000 -0.00000000000000000000
-20.730000 0.00000000000000000000
-20.720000 -0.00000000000000000000
-20.710000 -0.00000000000000000000
-20.700000 0.00000000000000000000
-20.690000 -0.00000000000000000000
-20.680000 -0.00000000000000000000
-20.670000 0.00000000000000000000
-20.660000 -0.00000000000000000000
-20.650000 -0.00000000000000000000
-20.640000 0.00000000000000000000
-20.630000 0.00000000000000000000
-20.620000 -0.00000000000000000000
-20.610000 0.00000000000000000000
-20.600000 0.00000000000000000000
-20.590000 -0.00000000000000000000
-20.580000 0.00000000000000000000
-20.570000 0.00000000000000000000
-20.560000 -0.00000000000000000000
-20.550000 0.00000000000000000000
-20.540000 0.00000000000000000000
-20.530000 -0.00000000000000000000
-20.520000 -0.00000000000000000000
-20.510000 0.00000000000000000000
-20.500000 -0.00000000000000000000
-20.490000 -0.00000000000000000000
-20.480000 0.00000000000000000000
-20.470000 -0.00000000000000000000
-20.460000 -0.00000000000000000000
-20.450000 0.00000000000000000000
-20.440000 -0.00000000000000000000
-20.430000 -0.00000000000000000000
-20.420000 0.00000000000000000000
-20.410000 0.00000000000000000000
-20.400000 -0.00000000000000000000
-20.390000 0.00000000000000000000
-20.380000 0.00000000000000000000
-20.370000 -0.00000000000000000000
-20.360000 0.00000000000000000000
-20.350000 0.00000000000000000000
-20.340000 -0.00000000000000000000
-20.330000 0.00000000000000000000
-20.320000 0.00000000000000000000
-20.310000 -0.00000000000000000000
-20.300000 -0.00000000000000000000
-20.290000 0.00000000000000000000
-20.280000 -0.00000000000000000000
-20.270000 -0.00000000000000000000
-20.260000 0.00000000000000000000
-20.250000 -0.00000000000000000000
-20.240000 -0.00000000000000000000
-20.230000 0.00000000000000000000
-20.220000 -0.00000000000000000000
-20.210000 -0.00000000000000000000
-20.200000 0.00000000000000000000
-20.190000 0.00000000000000000000
-20.180000 -0.00000000000000000000
-20.170000 0.00000000000000000000
-20.160000 0.00000000000000000000
-20.150000 -0.00000000000000000000
-20.140000 0.00000000000000000000
-20.130000 0.00000000000000000000
-20.120000 -0.00000000000000000000
-20.110000 0.00000000000000000000
-20.100000 0.00000000000000000000
-20.090000 -0.00000000000000000000
-20.080000 -0.00000000000000000000
-20.070000 0.00000000000000000000
-20.060000 -0.00000000000000000000
-20.050000 -0.00000000000000000000
-20.040000 0.00000000000000000000
-20.030000 -0.00000000000000000000
-20.020000 -0.00000000000000000000
-20.010000 0.00000000000000000000
-20.000000 -0.00000000000000000000
-19.990000 -0.00000000000000000000
-19.980000 0.00000000000000000000
-19.970000 0.00000000000000000000
-19.960000 -0.00000000000000000000
-19.950000 0.00000000000000000000
-19.940000 0.00000000000000000000
-19.930000 -0.00000000000000000000
-19.920000 0.00000000000000000000
-19.910000 0.00000000000000000000
-19.900000 -0.00000000000000000000
-19.890000 0.00000000000000000000
-19.880000 0.00000000000000000000
-19.870000 -0.00000000000000000000
-19.860000 -0.00000000000000000000
-19.850000 0.00000000000000000000
-19.840000 -0.00000000000000000000
-19.830000 -0.00000000000000000000
-19.820000 0.00000000000000000000
-19.810000 -0.00000000000000000000
-19.800000 -0.00000000000000000000
-19.790000 0.00000000000000000000
-19.780000 -0.00000000000000000000
-19.770000 -0.00000000000000000000
-19.760000 0.00000000000000000000
-19.750000 0.00000000000000000000
-19.740000 -0.00000000000000000000
-19.730000 0.00000000000000000000
-19.720000 0.00000000000000000000
-19.710000 -0.00000000000000000000
-19.700000 0.00000000000000000000
-19.690000 0.00000000000000000000
-19.680000 -0.00000000000000000000
-19.670000 0.00000000000000000000
-19.660000 0.00000000000000000000
-19.650000 -0.00000000000000000000
-19.640000 -0.00000000000000000000
-19.630000 0.00000000000000000000
-19.620000 -0.00000000000000000000
-19.610000 -0.00000000000000000000
-19.600000 0.00000000000000000000
-19.590000 -0.00000000000000000000
-19.580000 -0.00000000000000000000
-19.570000 0.00000000000000000000
-19.560000 -0.00000000000000000000
-19.550000 -0.00000000000000000000
-19.540000 0.00000000000000000000
-19.530000 0.00000000000000000000
-19.520000 -0.00000000000000000000
-19.510000 0.00000000000000000000
-19.500000 0.00000000000000000000
-19.490000 -0.00000000000000000000
-19.480000 0.00000000000000000000
-19.470000 0.00000000000000000000
-19.460000 -0.00000000000000000000
-19.450000 0.00000000000000000000
-19.440000 0.00000000000000000000
-19.430000 -0.00000000000000000000
-19.420000 -0.00000000000000000000
-19.410000 0.00000000000000000000
-19.400000 -0.00000000000000000000
-19.390000 -0.00000000000000000000
-19.380000 0.00000000000000000000
-19.370000 -0.00000000000000000000
-19.360000 -0.00000000000000000000
-19.350000 0.00000000000000000000
-19.340000 -0.00000000000000000000
-19.330000 -0.00000000000000000000
-19.320000 0.00000000000000000000
-19.310000 0.00000000000000000000
-19.300000 -0.00000000000000000000
-19.290000 0.00000000000000000000
-19.280000 0.00000000000000000000
-19.270000 -0.00000000000000000000
-19.260000 0.00000000000000000000
-19.250000 0.00000000000000000000
-19.240000 -0.00000000000000000000
-19.230000 0.00000000000000000000
-19.220000 0.00000000000000000000
-19.210000 -0.00000000000000000000
-19.200000 -0.00000000000000000000
-19.190000 0.00000000000000000000
-19.180000 -0.00000000000000000000
-19.170000 -0.00000000000000000000
-19.160000 0.00000000000000000000
-19.150000 -0.00000000000000000000
-19.140000 -0.00000000000000000000
-19.130000 0.00000000000000000000
-19.120000 -0.00000000000000000000
-19.110000 -0.00000000000000000000
-19.100000 0.00000000000000000000
-19.090000 0.00000000000000000000
-19.080000 -0.00000000000000000000
-19.070000 0.00000000000000000000
-19.060000 0.00000000000000000000
-19.050000 -0.00000000000000000000
-19.040000 0.00000000000000000000
-19.030000 0.00000000000000000000
-19.020000 -0.00000000000000000000
-19.010000 0.00000000000000000000
-19.000000 0.00000000000000000000
-18.990000 -0.00000000000000000000
-18.980000 -0.00000000000000000000
-18.970000 0.00000000000000000000
-18.960000 -0.00000000000000000000
-18.950000 -0.00000000000000000000
-18.940000 0.00000000000000000000
-18.930000 -0.00000000000000000000
-18.920000 -0.00000000000000000000
-18.910000 0.00000000000000000000
-18.900000 -0.00000000000000000000
-18.890000 -0.00000000000000000000
-18.880000 0.00000000000000000000
-18.870000 0.00000000000000000000
-18.860000 -0.00000000000000000000
-18.850000 0.00000000000000000000
-18.840000 0.00000000000000000000
-18.830000 -0.00000000000000000000
-18.820000 0.00000000000000000000
-18.810000 0.00000000000000000000
-18.800000 -0.00000000000000000000
-18.790000 0.00000000000000000000
-18.780000 0.00000000000000000000
-18.770000 -0.00000000000000000000
-18.760000 -0.00000000000000000000
-18.750000 0.00000000000000000000
-18.740000 -0.00000000000000000000
-18.730000 -0.00000000000000000000
-18.720000 0.00000000000000000000
-18.710000 -0.00000000000000000000
-18.700000 -0.00000000000000000000
-18.690000 0.00000000000000000000
-18.680000 -0.00000000000000000000
-18.670000 -0.00000000000000000000
-18.660000 0.00000000000000000000
-18.650000 0.00000000000000000000
-18.640000 -0.00000000000000000000
-18.630000 0.00000000000000000000
-18.620000 0.00000000000000000000
-18.610000 -0.00000000000000000000
-18.600000 0.00000000000000000000
-18.590000 0.00000000000000000000
-18.580000 -0.00000000000000000000
-18.570000 0.00000000000000000000
-18.560000 0.00000000000000000000
-18.550000 -0.00000000000000000000
-18.540000 -0.00000000000000000000
-18.530000 0.00000000000000000000
-18.520000 -0.00000000000000000000
-18.510000 -0.00000000000000000000
-18.500000 0.00000000000000000000
-18.490000 -0.00000000000000000000
-18.480000 -0.00000000000000000000
-18.470000 0.00000000000000000000
-18.460000 -0.00000000000000000000
-18.450000 -0.00000000000000000000
-18.440000 0.00000000000000000000
-18.430000 0.00000000000000000000
-18.420000 -0.00000000000000000000
-18.410000 0.00000000000000000000
-18.400000 0.00000000000000000000
-18.390000 -0.00000000000000000000
-18.380000 0.00000000000000000000
-18.370000 0.00000000000000000000
-18.360000 -0.00000000000000000000
-18.350000 0.00000000000000000000
-18.340000 0.00000000000000000000
-18.330000 -0.00000000000000000000
-18.320000 -0.00000000000000000000
-18.310000 0.00000000000000000000
-18.300000 -0.00000000000000000000
-18.290000 -0.00000000000000000000
-18.280000 0.00000000000000000000
-18.270000 -0.00000000000000000000
-18.260000 -0.00000000000000000000
-18.250000 0.00000000000000000000
-18.240000 -0.00000000000000000000
-18.230000 -0.00000000000000000000
-18.220000 0.00000000000000000000
-18.210000 0.00000000000000000000
-18.200000 -0.00000000000000000000
-18.190000 0.00000000000000000000
-18.180000 0.00000000000000000000
-18.170000 -0.00000000000000000000
-18.160000 0.00000000000000000000
-18.150000 0.00000000000000000000
-18.140000 -0.00000000000000000000
-18.130000 0.00000000000000000000
-18.120000 0.00000000000000000000
-18.110000 -0.00000000000000000000
-18.100000 -0.00000000000000000000
-18.090000 0.00000000000000000000
-18.080000 -0.00000000000000000000
-18.070000 -0.00000000000000000000
-18.060000 0.00000000000000000000
-18.050000 -0.00000000000000000000
-18.040000 -0.00000000000000000000
-18.030000 0.00000000000000000000
-18.020000 -0.00000000000000000000
-18.010000 -0.00000000000000000000
-18.000000 0.00000000000000000000
-17.990000 0.00000000000000000000
-17.980000 -0.00000000000000000000
-17.970000 0.00000000000000000000
-17.960000 0.00000000000000000000
-17.950000 -0.00000000000000000000
-17.940000 0.00000000000000000000
-17.930000 0.00000000000000000000
-17.920000 -0.00000000000000000000
-17.910000 0.00000000000000000000
-17.900000 0.00000000000000000000
-17.890000 -0.00000000000000000000
-17.880000 -0.00000000000000000000
-17.870000 0.00000000000000000000
-17.860000 -0.00000000000000000000
-17.850000 -0.00000000000000000000
-17.840000 0.00000000000000000000
-17.830000 -0.00000000000000000000
-17.820000 -0.00000000000000000000
-17.810000 0.00000000000000000000
-17.800000 -0.00000000000000000000
-17.790000 -0.00000000000000000000
-17.780000 0.00000000000000000000
-17.770000 0.00000000000000000000
-17.760000 -0.00000000000000000000
-17.750000 0.00000000000000000000
-17.740000 0.00000000000000000000
-17.730000 -0.00000000000000000000
-17.720000 0.00000000000000000000
-17.710000 0.00000000000000000000
-17.700000 -0.00000000000000000000
-17.690000 0.00000000000000000000
-17.680000 0.00000000000000000000
-17.670000 -0.00000000000000000000
-17.660000 -0.00000000000000000000
-17.650000 0.00000000000000000000
-17.640000 -0.00000000000000000000
-17.630000 -0.00000000000000000000
-17.620000 0.00000000000000000000
-17.610000 -0.00000000000000000000
-17.600000 -0.00000000000000000000
-17.590000 0.00000000000000000000
-17.580000 0.00000000000000000000
-17.570000 -0.00000000000000000000
-17.560000 0.00000000000000000000
-17.550000 0.00000000000000000000
-17.540000 -0.00000000000000000000
-17.530000 0.00000000000000000000
-17.520000 0.00000000000000000000
-17.510000 -0.00000000000000000000
-17.500000 0.00000000000000000000
-17.490000 0.00000000000000000000
-17.480000 -0.00000000000000000000
-17.470000 0.00000000000000000000
-17.460000 0.00000000000000000000
-17.450000 -0.00000000000000000000
-17.440000 -0.00000000000000000000
-17.430000 0.00000000000000000000
-17.420000 -0.00000000000000000000
-17.410000 -0.00000000000000000000
-17.400000 0.00000000000000000000
-17.390000 -0.00000000000000000000
-17.380000 -0.00000000000000000000
-17.370000 0.00000000000000000000
-17.360000 0.00000000000000000000
-17.350000 -0.00000000000000000000
-17.340000 0.00000000000000000000
-17.330000 0.00000000000000000000
-17.320000 -0.00000000000000000000
-17.310000 0.00000000000000000000
-17.300000 0.00000000000000000000
-17.290000 -0.00000000000000000000
-17.280000 0.00000000000000000000
-17.270000 0.00000000000000000000
-17.260000 -0.00000000000000000000
-17.250000 0.00000000000000000000
-17.240000 0.00000000000000000000
-17.230000 -0.00000000000000000000
-17.220000 -0.00000000000000000000
-17.210000 0.00000000000000000000
-17.200000 -0.00000000000000000000
-17.190000 -0.00000000000000000000
-17.180000 0.00000000000000000000
-17.170000 -0.00000000000000000000
-17.160000 -0.00000000000000000000
-17.150000 0.00000000000000000000
-17.140000 0.00000000000000000000
-17.130000 -0.00000000000000000000
-17.120000 0.00000000000000000000
-17.110000 0.00000000000000000000
-17.100000 -0.00000000000000000000
-17.090000 0.00000000000000000000
-17.080000 0.00000000000000000000
-17.070000 -0.00000000000000000000
-17.060000 0.00000000000000000000
-17.050000 0.00000000000000000000
-17.040000 -0.00000000000000000000
-17.030000 0.00000000000000000000
-17.020000 0.00000000000000000000
-17.010000 -0.00000000000000000000
-17.000000 -0.00000000000000000000
-16.990000 0.00000000000000000000
-16.980000 -0.00000000000000000000
-16.970000 -0.00000000000000000000
-16.960000 0.00000000000000000000
-16.950000 -0.00000000000000000000
-16.940000 -0.00000000000000000000
-16.930000 0.00000000000000000000
-16.920000 0.00000000000000000000
-16.910000 -0.00000000000000000000
-16.900000 0.00000000000000000000
-16.890000 0.00000000000000000000
-16.880000 -0.00000000000000000000
-16.870000 0.00000000000000000000
-16.860000 0.00000000000000000000
-16.850000 -0.00000000000000000000
-16.840000 0.00000000000000000000
-16.830000 0.00000000000000000000
-16.820000 -0.00000000000000000000
-16.810000 0.00000000000000000000
-16.800000 0.00000000000000000000
-16.790000 -0.00000000000000000000
-16.780000 -0.00000000000000000000
-16.770000 0.00000000000000000000
-16.760000 -0.00000000000000000000
-16.750000 -0.00000000000000000000
-16.740000 0.00000000000000000000
-16.730000 -0.00000000000000000000
-16.720000 -0.00000000000000000000
-16.710000 0.00000000000000000000
-16.700000 0.00000000000000000000
-16.690000 -0.00000000000000000000
-16.680000 0.00000000000000000000
-16.670000 0.00000000000000000000
-16.660000 -0.00000000000000000000
-16.650000 0.00000000000000000000
-16.640000 0.00000000000000000000
-16.630000 -0.00000000000000000000
-16.620000 0.00000000000000000000
-16.610000 0.00000000000000000000
-16.600000 -0.00000000000000000000
-16.590000 0.00000000000000000000
-16.580000 0.00000000000000000000
-16.570000 -0.00000000000000000000
-16.560000 -0.00000000000000000000
-16.550000 0.00000000000000000000
-16.540000 -0.00000000000000000000
-16.530000 -0.00000000000000000000
-16.520000 0.00000000000000000000
-16.510000 -0.00000000000000000000
-16.500000 -0.00000000000000000000
-16.490000 0.00000000000000000000
-16.480000 0.00000000000000000000
-16.470000 -0.00000000000000000000
-16.460000 0.00000000000000000000
-16.450000 0.00000000000000000000
-16.440000 -0.00000000000000000000
-16.430000 0.00000000000000000000
-16.420000 0.00000000000000000000
-16.410000 -0.00000000000000000000
-16.400000 0.00000000000000000000
-16.390000 0.00000000000000000000
-16.380000 -0.00000000000000000000
-16.370000 0.00000000000000000000
-16.360000 0.00000000000000000000
-16.350000 -0.00000000000000000000
-16.340000 -0.00000000000000000000
-16.330000 0.00000000000000000000
-16.320000 -0.00000000000000000000
-16.310000 -0.00000000000000000000
-16.300000 0.00000000000000000000
-16.290000 -0.00000000000000000000
-16.280000 -0.00000000000000000000
-16.270000 0.00000000000000000000
-16.260000 0.00000000000000000000
-16.250000 -0.00000000000000000000
-16.240000 0.00000000000000000000
-16.230000 0.00000000000000000000
-16.220000 -0.00000000000000000000
-16.210000 0.00000000000000000000
-16.200000 0.00000000000000000000
-16.190000 -0.00000000000000000000
-16.180000 0.00000000000000000000
-16.170000 0.00000000000000000000
-16.160000 -0.00000000000000000000
-16.150000 0.00000000000000000000
-16.140000 0.00000000000000000000
-16.130000 -0.00000000000000000000
-16.120000 0.00000000000000000000
-16.110000 0.00000000000000000000
-16.100000 -0.00000000000000000000
-16.090000 -0.00000000000000000000
-16.080000 0.00000000000000000000
-16.070000 0.00000000000000000000
-16.060000 -0.00000000000000000000
-16.050000 0.00000000000000000000
-16.040000 0.00000000000000000000
-16.030000 -0.00000000000000000000
-16.020000 0.00000000000000000000
-16.010000 0.00000000000000000000
-16.000000 -0.00000000000000000000
-15.990000 0.00000000000000000000
-15.980000 0.00000000000000000000
-15.970000 -0.00000000000000000000
-15.960000 0.00000000000000000000
-15.950000 0.00000000000000000000
-15.940000 -0.00000000000000000000
-15.930000 0.00000000000000000000
-15.920000 0.00000000000000000000
-15.910000 -0.00000000000000000000
-15.900000 0.00000000000000000000
-15.890000 0.00000000000000000000
-15.880000 -0.00000000000000000000
-15.870000 -0.00000000000000000000
-15.860000 0.00000000000000000000
-15.850000 0.00000000000000000000
-15.840000 -0.00000000000000000000
-15.830000 0.00000000000000000000
-15.820000 0.00000000000000000000
-15.810000 -0.00000000000000000000
-15.800000 0.00000000000000000000
-15.790000 0.00000000000000000000
-15.780000 -0.00000000000000000000
-15.770000 0.00000000000000000000
-15.760000 0.00000000000000000000
-15.750000 -0.00000000000000000000
-15.740000 0.00000000000000000000
-15.730000 0.00000000000000000000
-15.720000 -0.00000000000000000000
-15.710000 0.00000000000000000000
-15.700000 0.00000000000000000000
-15.690000 -0.00000000000000000000
-15.680000 0.00000000000000000000
-15.670000 0.00000000000000000000
-15.660000 0.00000000000000000000
-15.650000 0.00000000000000000000
-15.640000 0.00000000000000000000
-15.630000 0.00000000000000000000
-15.620000 -0.00000000000000000000
-15.610000 0.00000000000000000000
-15.600000 0.00000000000000000000
-15.590000 -0.00000000000000000000
-15.580000 0.00000000000000000000
-15.570000 0.00000000000000000000
-15.560000 -0.00000000000000000000
-15.550000 0.00000000000000000000
-15.540000 0.00000000000000000000
-15.530000 -0.00000000000000000000
-15.520000 0.00000000000000000000
-15.510000 0.00000000000000000000
-15.500000 -0.00000000000000000000
-15.490000 0.00000000000000000000
-15.480000 0.00000000000000000000
-15.470000 0.00000000000000000000
-15.460000 0.00000000000000000000
-15.450000 0.00000000000000000000
-15.440000 0.00000000000000000000
-15.430000 0.00000000000000000000
-15.420000 0.00000000000000000000
-15.410000 0.00000000000000000000
-15.400000 0.00000000000000000000
-15.390000 0.00000000000000000000
-15.380000 0.00000000000000000000
-15.370000 0.00000000000000000000
-15.360000 0.00000000000000000000
-15.350000 0.00000000000000000000
-15.340000 0.00000000000000000000
-15.330000 0.00000000000000000000
-15.320000 0.00000000000000000000
-15.310000 0.00000000000000000000
-15.300000 0.00000000000000000000
-15.290000 0.00000000000000000000
-15.280000 0.00000000000000000000
-15.270000 0.00000000000000000000
-15.260000 0.00000000000000000000
-15.250000 0.00000000000000000000
-15.240000 0.00000000000000000000
-15.230000 0.00000000000000000000
-15.220000 0.00000000000000000000
-15.210000 0.00000000000000000000
-15.200000 0.00000000000000000000
-15.190000 0.00000000000000000000
-15.180000 0.00000000000000000000
-15.170000 0.00000000000000000000
-15.160000 0.00000000000000000000
-15.150000 0.00000000000000000000
-15.140000 0.00000000000000000000
-15.130000 0.00000000000000000000
-15.120000 0.00000000000000000000
-15.110000 0.00000000000000000000
-15.100000 0.00000000000000000000
-15.090000 0.00000000000000000000
-15.080000 0.00000000000000000000
-15.070000 0.00000000000000000000
-15.060000 0.00000000000000000000
-15.050000 0.00000000000000000000
-15.040000 0.00000000000000000000
-15.030000 0.00000000000000000000
-15.020000 0.00000000000000000000
-15.010000 0.00000000000000000000
-15.000000 0.00000000000000000000
-14.990000 0.00000000000000000000
-14.980000 0.00000000000000000000
-14.970000 0.00000000000000000000
-14.960000 0.00000000000000000000
-14.950000 0.00000000000000000000
-14.940000 0.00000000000000000000
-14.930000 0.00000000000000000000
-14.920000 0.00000000000000000000
-14.910000 0.00000000000000000000
-14.900000 0.00000000000000000000
-14.890000 0.00000000000000000000
-14.880000 0.00000000000000000000
-14.870000 0.00000000000000000000
-14.860000 0.00000000000000000000
-14.850000 0.00000000000000000000
-14.840000 0.00000000000000000000
-14.830000 0.00000000000000000000
-14.820000 0.00000000000000000000
-14.810000 0.00000000000000000000
-14.800000 0.00000000000000000000
-14.790000 0.00000000000000000000
-14.780000 0.00000000000000000000
-14.770000 0.00000000000000000000
-14.760000 0.00000000000000000000
-14.750000 0.00000000000000000000
-14.740000 0.00000000000000000000
-14.730000 0.00000000000000000000
-14.720000 0.00000000000000000000
-14.710000 0.00000000000000000000
-14.700000 0.00000000000000000000
-14.690000 0.00000000000000000000
-14.680000 0.00000000000000000000
-14.670000 0.00000000000000000000
-14.660000 0.00000000000000000000
-14.650000 0.00000000000000000000
-14.640000 0.00000000000000000000
-14.630000 0.00000000000000000000
-14.620000 0.00000000000000000000
-14.610000 0.00000000000000000000
-14.600000 0.00000000000000000000
-14.590000 0.00000000000000000000
-14.580000 0.00000000000000000000
-14.570000 0.00000000000000000000
-14.560000 0.00000000000000000000
-14.550000 0.00000000000000000000
-14.540000 0.00000000000000000000
-14.530000 0.00000000000000000000
-14.520000 0.00000000000000000000
-14.510000 0.00000000000000000000
-14.500000 0.00000000000000000000
-14.490000 0.00000000000000000000
-14.480000 0.00000000000000000000
-14.470000 0.00000000000000000000
-14.460000 0.00000000000000000000
-14.450000 0.00000000000000000000
-14.440000 0.00000000000000000000
-14.430000 0.00000000000000000000
-14.420000 0.00000000000000000000
-14.410000 0.00000000000000000000
-14.400000 0.00000000000000000000
-14.390000 0.00000000000000000000
-14.380000 0.00000000000000000000
-14.370000 0.00000000000000000000
-14.360000 0.00000000000000000000
-14.350000 0.00000000000000000000
-14.340000 0.00000000000000000000
-14.330000 0.00000000000000000000
-14.320000 0.00000000000000000000
-14.310000 0.00000000000000000000
-14.300000 0.00000000000000000000
-14.290000 0.00000000000000000000
-14.280000 0.00000000000000000000
-14.270000 0.00000000000000000000
-14.260000 0.00000000000000000000
-14.250000 0.00000000000000000000
-14.240000 0.00000000000000000000
-14.230000 0.00000000000000000000
-14.220000 0.00000000000000000000
-14.210000 0.00000000000000000000
-14.200000 0.00000000000000000000
-14.190000 0.00000000000000000000
-14.180000 0.00000000000000000000
-14.170000 0.00000000000000000000
-14.160000 0.00000000000000000000
-14.150000 0.00000000000000000000
-14.140000 0.00000000000000000000
-14.130000 0.00000000000000000000
-14.120000 0.00000000000000000000
-14.110000 0.00000000000000000000
-14.100000 0.00000000000000000000
-14.090000 0.00000000000000000000
-14.080000 0.00000000000000000000
-14.070000 0.00000000000000000000
-14.060000 0.00000000000000000000
-14.050000 0.00000000000000000000
-14.040000 0.00000000000000000000
-14.030000 0.00000000000000000000
-14.020000 0.00000000000000000000
-14.010000 0.00000000000000000000
-14.000000 0.00000000000000000000
-13.990000 0.00000000000000000000
-13.980000 0.00000000000000000000
-13.970000 0.00000000000000000000
-13.960000 0.00000000000000000000
-13.950000 0.00000000000000000000
-13.940000 0.00000000000000000000
-13.930000 0.00000000000000000000
-13.920000 0.00000000000000000000
-13.910000 0.00000000000000000000
-13.900000 0.00000000000000000000
-13.890000 0.00000000000000000000
-13.880000 0.00000000000000000000
-13.870000 0.00000000000000000000
-13.860000 0.00000000000000000000
-13.850000 0.00000000000000000000
-13.840000 0.00000000000000000000
-13.830000 0.00000000000000000000
-13.820000 0.00000000000000000000
-13.810000 0.00000000000000000000
-13.800000 0.00000000000000000000
-13.790000 0.00000000000000000000
-13.780000 0.00000000000000000000
-13.770000 0.00000000000000000000
-13.760000 0.00000000000000000000
-13.750000 0.00000000000000000000
-13.740000 0.00000000000000000000
-13.730000 0.00000000000000000000
-13.720000 0.00000000000000000000
-13.710000 0.00000000000000000000
-13.700000 0.00000000000000000000
-13.690000 0.00000000000000000000
-13.680000 0.00000000000000000000
-13.670000 0.00000000000000000000
-13.660000 0.00000000000000000000
-13.650000 0.00000000000000000000
-13.640000 0.00000000000000000000
-13.630000 0.00000000000000000000
-13.620000 0.00000000000000000000
-13.610000 0.00000000000000000000
-13.600000 0.00000000000000000000
-13.590000 0.00000000000000000000
-13.580000 0.00000000000000000000
-13.570000 0.00000000000000000000
-13.560000 0.00000000000000000000
-13.550000 0.00000000000000000000
-13.540000 0.00000000000000000000
-13.530000 0.00000000000000000000
-13.520000 0.00000000000000000000
-13.510000 0.00000000000000000000
-13.500000 0.00000000000000000000
-13.490000 0.00000000000000000000
-13.480000 0.00000000000000000000
-13.470000 0.00000000000000000000
-13.460000 0.00000000000000000000
-13.450000 0.00000000000000000000
-13.440000 0.00000000000000000000
-13.430000 0.00000000000000000000
-13.420000 0.00000000000000000000
-13.410000 0.00000000000000000000
-13.400000 0.00000000000000000000
-13.390000 0.00000000000000000000
-13.380000 0.00000000000000000000
-13.370000 0.00000000000000000000
-13.360000 0.00000000000000000000
-13.350000 0.00000000000000000000
-13.340000 0.00000000000000000000
-13.330000 0.00000000000000000000
-13.320000 0.00000000000000000000
-13.310000 0.00000000000000000000
-13.300000 0.00000000000000000000
-13.290000 0.00000000000000000000
-13.280000 0.00000000000000000000
-13.270000 0.00000000000000000000
-13.260000 0.00000000000000000000
-13.250000 0.00000000000000000000
-13.240000 0.00000000000000000000
-13.230000 0.00000000000000000000
-13.220000 0.00000000000000000000
-13.210000 0.00000000000000000000
-13.200000 0.00000000000000000000
-13.190000 0.00000000000000000000
-13.180000 0.00000000000000000000
-13.170000 0.00000000000000000000
-13.160000 0.00000000000000000000
-13.150000 0.00000000000000000000
-13.140000 0.00000000000000000000
-13.130000 0.00000000000000000000
-13.120000 0.00000000000000000000
-13.110000 0.00000000000000000000
-13.100000 0.00000000000000000000
-13.090000 0.00000000000000000000
-13.080000 0.00000000000000000000
-13.070000 0.00000000000000000000
-13.060000 0.00000000000000000000
-13.050000 0.00000000000000000000
-13.040000 0.00000000000000000000
-13.030000 0.00000000000000000000
-13.020000 0.00000000000000000000
-13.010000 0.00000000000000000000
-13.000000 0.00000000000000000000
-12.990000 0.00000000000000000000
-12.980000 0.00000000000000000000
-12.970000 0.00000000000000000000
-12.960000 0.00000000000000000000
-12.950000 0.00000000000000000000
-12.940000 0.00000000000000000000
-12.930000 0.00000000000000000000
-12.920000 0.00000000000000000000
-12.910000 0.00000000000000000000
-12.900000 0.00000000000000000000
-12.890000 0.00000000000000000000
-12.880000 0.00000000000000000000
-12.870000 0.00000000000000000000
-12.860000 0.00000000000000000000
-12.850000 0.00000000000000000000
-12.840000 0.00000000000000000000
-12.830000 0.00000000000000000000
-12.820000 0.00000000000000000000
-12.810000 0.00000000000000000000
-12.800000 0.00000000000000000000
-12.790000 0.00000000000000000000
-12.780000 0.00000000000000000000
-12.770000 0.00000000000000000000
-12.760000 0.00000000000000000000
-12.750000 0.00000000000000000000
-12.740000 0.00000000000000000000
-12.730000 0.00000000000000000000
-12.720000 0.00000000000000000000
-12.710000 0.00000000000000000000
-12.700000 0.00000000000000000000
-12.690000 0.00000000000000000000
-12.680000 0.00000000000000000000
-12.670000 0.00000000000000000000
-12.660000 0.00000000000000000000
-12.650000 0.00000000000000000000
-12.640000 0.00000000000000000000
-12.630000 0.00000000000000000000
-12.620000 0.00000000000000000000
-12.610000 0.00000000000000000000
-12.600000 0.00000000000000000000
-12.590000 0.00000000000000000000
-12.580000 0.00000000000000000000
-12.570000 0.00000000000000000000
-12.560000 0.00000000000000000000
-12.550000 0.00000000000000000000
-12.540000 0.00000000000000000000
-12.530000 0.00000000000000000000
-12.520000 0.00000000000000000000
-12.510000 0.00000000000000000000
-12.500000 0.00000000000000000000
-12.490000 0.00000000000000000000
-12.480000 0.00000000000000000000
-12.470000 0.00000000000000000000
-12.460000 0.00000000000000000000
-12.450000 0.00000000000000000000
-12.440000 0.00000000000000000000
-12.430000 0.00000000000000000000
-12.420000 0.00000000000000000000
-12.410000 0.00000000000000000000
-12.400000 0.00000000000000000000
-12.390000 0.00000000000000000000
-12.380000 0.00000000000000000000
-12.370000 0.00000000000000000000
-12.360000 0.00000000000000000000
-12.350000 0.00000000000000000000
-12.340000 0.00000000000000000000
-12.330000 0.00000000000000000000
-12.320000 0.00000000000000000000
-12.310000 0.00000000000000000000
-12.300000 0.00000000000000000000
-12.290000 0.00000000000000000000
-12.280000 0.00000000000000000000
-12.270000 0.00000000000000000000
-12.260000 0.00000000000000000000
-12.250000 0.00000000000000000000
-12.240000 0.00000000000000000000
-12.230000 0.00000000000000000000
-12.220000 0.00000000000000000000
-12.210000 0.00000000000000000000
-12.200000 0.00000000000000000000
-12.190000 0.00000000000000000000
-12.180000 0.00000000000000000000
-12.170000 0.00000000000000000000
-12.160000 0.00000000000000000000
-12.150000 0.00000000000000000000
-12.140000 0.00000000000000000000
-12.130000 0.00000000000000000000
-12.120000 0.00000000000000000000
-12.110000 0.00000000000000000000
-12.100000 0.00000000000000000000
-12.090000 0.00000000000000000000
-12.080000 0.00000000000000000000
-12.070000 0.00000000000000000000
-12.060000 0.00000000000000000000
-12.050000 0.00000000000000000000
-12.040000 0.00000000000000000000
-12.030000 0.00000000000000000000
-12.020000 0.00000000000000000000
-12.010000 0.00000000000000000000
-12.000000 0.00000000000000000000
-11.990000 0.00000000000000000000
-11.980000 0.00000000000000000000
-11.970000 0.00000000000000000000
-11.960000 0.00000000000000000000
-11.950000 0.00000000000000000000
-11.940000 0.00000000000000000000
-11.930000 0.00000000000000000000
-11.920000 0.00000000000000000000
-11.910000 0.00000000000000000000
-11.900000 0.00000000000000000000
-11.890000 0.00000000000000000000
-11.880000 0.00000000000000000000
-11.870000 0.00000000000000000000
-11.860000 0.00000000000000000000
-11.850000 0.00000000000000000000
-11.840000 0.00000000000000000000
-11.830000 0.00000000000000000000
-11.820000 0.00000000000000000000
-11.810000 0.00000000000000000000
-11.800000 0.00000000000000000000
-11.790000 0.00000000000000000000
-11.780000 0.00000000000000000000
-11.770000 0.00000000000000000000
-11.760000 0.00000000000000000000
-11.750000 0.00000000000000000000
-11.740000 0.00000000000000000000
-11.730000 0.00000000000000000000
-11.720000 0.00000000000000000000
-11.710000 0.00000000000000000000
-11.700000 0.00000000000000000000
-11.690000 0.00000000000000000000
-11.680000 0.00000000000000000000
-11.670000 0.00000000000000000000
-11.660000 0.00000000000000000000
-11.650000 0.00000000000000000000
-11.640000 0.00000000000000000000
-11.630000 0.00000000000000000000
-11.620000 0.00000000000000000000
-11.610000 0.00000000000000000000
-11.600000 0.00000000000000000000
-11.590000 0.00000000000000000000
-11.580000 0.00000000000000000000
-11.570000 0.00000000000000000000
-11.560000 0.00000000000000000000
-11.550000 0.00000000000000000000
-11.540000 0.00000000000000000000
-11.530000 0.00000000000000000000
-11.520000 0.00000000000000000000
-11.510000 0.00000000000000000000
-11.500000 0.00000000000000000000
-11.490000 0.00000000000000000000
-11.480000 0.00000000000000000000
-11.470000 0.00000000000000000000
-11.460000 0.00000000000000000000
-11.450000 0.00000000000000000000
-11.440000 0.00000000000000000000
-11.430000 0.00000000000000000000
-11.420000 0.00000000000000000000
-11.410000 0.00000000000000000000
-11.400000 0.00000000000000000000
-11.390000 0.00000000000000000000
-11.380000 0.00000000000000000000
-11.370000 0.00000000000000000000
-11.360000 0.00000000000000000000
-11.350000 0.00000000000000000000
-11.340000 0.00000000000000000000
-11.330000 0.00000000000000000000
-11.320000 0.00000000000000000000
-11.310000 0.00000000000000000000
-11.300000 0.00000000000000000000
-11.290000 0.00000000000000000000
-11.280000 0.00000000000000000000
-11.270000 0.00000000000000000000
-11.260000 0.00000000000000000000
-11.250000 0.00000000000000000000
-11.240000 0.00000000000000000000
-11.230000 0.00000000000000000000
-11.220000 0.00000000000000000000
-11.210000 0.00000000000000000000
-11.200000 0.00000000000000000000
-11.190000 0.00000000000000000000
-11.180000 0.00000000000000000000
-11.170000 0.00000000000000000000
-11.160000 0.00000000000000000000
-11.150000 0.00000000000000000000
-11.140000 0.00000000000000000000
-11.130000 0.00000000000000000000
-11.120000 0.00000000000000000000
-11.110000 0.00000000000000000000
-11.100000 0.00000000000000000000
-11.090000 0.00000000000000000000
-11.080000 0.00000000000000000000
-11.070000 0.00000000000000000000
-11.060000 0.00000000000000000000
-11.050000 0.00000000000000000000
-11.040000 0.00000000000000000000
-11.030000 0.00000000000000000000
-11.020000 0.00000000000000000000
-11.010000 0.00000000000000000000
-11.000000 0.00000000000000000000
-10.990000 0.00000000000000000000
-10.980000 0.00000000000000000000
-10.970000 0.00000000000000000000
-10.960000 0.00000000000000000000
-10.950000 0.00000000000000000000
-10.940000 0.00000000000000000000
-10.930000 0.00000000000000000000
-10.920000 0.00000000000000000000
-10.910000 0.00000000000000000000
-10.900000 0.00000000000000000000
-10.890000 0.00000000000000000000
-10.880000 0.00000000000000000000
-10.870000 0.00000000000000000000
-10.860000 0.00000000000000000000
-10.850000 0.00000000000000000000
-10.840000 0.00000000000000000000
-10.830000 0.00000000000000000000
-10.820000 0.00000000000000000000
-10.810000 0.00000000000000000000
-10.800000 0.00000000000000000000
-10.790000 0.00000000000000000000
-10.780000 0.00000000000000000000
-10.770000 0.00000000000000000000
-10.760000 0.00000000000000000000
-10.750000 0.00000000000000000000
-10.740000 0.00000000000000000000
-10.730000 0.00000000000000000000
-10.720000 0.00000000000000000000
-10.710000 0.00000000000000000000
-10.700000 0.00000000000000000000
-10.690000 0.00000000000000000000
-10.680000 0.00000000000000000000
-10.670000 0.00000000000000000000
-10.660000 0.00000000000000000000
-10.650000 0.00000000000000000000
-10.640000 0.00000000000000000000
-10.630000 0.00000000000000000000
-10.620000 0.00000000000000000000
-10.610000 0.00000000000000000000
-10.600000 0.00000000000000000000
-10.590000 0.00000000000000000000
-10.580000 0.00000000000000000000
-10.570000 0.00000000000000000000
-10.560000 0.00000000000000000000
-10.550000 0.00000000000000000000
-10.540000 0.00000000000000000000
-10.530000 0.00000000000000000000
-10.520000 0.00000000000000000000
-10.510000 0.00000000000000000000
-10.500000 0.00000000000000000000
-10.490000 0.00000000000000000000
-10.480000 0.00000000000000000000
-10.470000 0.00000000000000000000
-10.460000 0.00000000000000000000
-10.450000 0.00000000000000000000
-10.440000 0.00000000000000000000
-10.430000 0.00000000000000000000
-10.420000 0.00000000000000000000
-10.410000 0.00000000000000000000
-10.400000 0.00000000000000000000
-10.390000 0.00000000000000000000
-10.380000 0.00000000000000000000
-10.370000 0.00000000000000000000
-10.360000 0.00000000000000000000
-10.350000 0.00000000000000000000
-10.340000 0.00000000000000000000
-10.330000 0.00000000000000000000
-10.320000 0.00000000000000000000
-10.310000 0.00000000000000000000
-10.300000 0.00000000000000000000
-10.290000 0.00000000000000000000
-10.280000 0.00000000000000000000
-10.270000 0.00000000000000000000
-10.260000 0.00000000000000000000
-10.250000 0.00000000000000000000
-10.240000 0.00000000000000000000
-10.230000 0.00000000000000000000
-10.220000 0.00000000000000000000
-10.210000 0.00000000000000000000
-10.200000 0.00000000000000000000
-10.190000 0.00000000000000000000
-10.180000 0.00000000000000000000
-10.170000 0.00000000000000000000
-10.160000 0.00000000000000000000
-10.150000 0.00000000000000000000
-10.140000 0.00000000000000000000
-10.130000 0.00000000000000000000
-10.120000 0.00000000000000000000
-10.110000 0.00000000000000000000
-10.100000 0.00000000000000000000
-10.090000 0.00000000000000000000
-10.080000 0.00000000000000000000
-10.070000 0.00000000000000000000
-10.060000 0.00000000000000000000
-10.050000 0.00000000000000000000
-10.040000 0.00000000000000000000
-10.030000 0.00000000000000000000
-10.020000 0.00000000000000000000
-10.010000 0.00000000000000000000
-10.000000 0.00000000000000000000
-9.990000 0.00000000000000000000
-9.980000 0.00000000000000000000
-9.970000 0.00000000000000000000
-9.960000 0.00000000000000000000
-9.950000 0.00000000000000000000
-9.940000 0.00000000000000000000
-9.930000 0.00000000000000000000
-9.920000 0.00000000000000000000
-9.910000 0.00000000000000000000
-9.900000 0.00000000000000000000
-9.890000 0.00000000000000000000
-9.880000 0.00000000000000000000
-9.870000 0.00000000000000000000
-9.860000 0.00000000000000000000
-9.850000 0.00000000000000000000
-9.840000 0.00000000000000000000
-9.830000 0.00000000000000000000
-9.820000 0.00000000000000000000
-9.810000 0.00000000000000000000
-9.800000 0.00000000000000000000
-9.790000 0.00000000000000000000
-9.780000 0.00000000000000000000
-9.770000 0.00000000000000000000
-9.760000 0.00000000000000000000
-9.750000 0.00000000000000000000
-9.740000 0.00000000000000000000
-9.730000 0.00000000000000000000
-9.720000 0.00000000000000000000
-9.710000 0.00000000000000000000
-9.700000 0.00000000000000000000
-9.690000 0.00000000000000000000
-9.680000 0.00000000000000000000
-9.670000 0.00000000000000000000
-9.660000 0.00000000000000000000
-9.650000 0.00000000000000000000
-9.640000 0.00000000000000000000
-9.630000 0.00000000000000000000
-9.620000 0.00000000000000000000
-9.610000 0.00000000000000000000
-9.600000 0.00000000000000000000
-9.590000 0.00000000000000000000
-9.580000 0.00000000000000000000
-9.570000 0.00000000000000000000
-9.560000 0.00000000000000000000
-9.550000 0.00000000000000000000
-9.540000 0.00000000000000000000
-9.530000 0.00000000000000000000
-9.520000 0.00000000000000000000
-9.510000 0.00000000000000000000
-9.500000 0.00000000000000000000
-9.490000 0.00000000000000000000
-9.480000 0.00000000000000000000
-9.470000 0.00000000000000000000
-9.460000 0.00000000000000000000
-9.450000 0.00000000000000000000
-9.440000 0.00000000000000000000
-9.430000 0.00000000000000000000
-9.420000 0.00000000000000000000
-9.410000 0.00000000000000000000
-9.400000 0.00000000000000000000
-9.390000 0.00000000000000000000
-9.380000 0.00000000000000000000
-9.370000 0.00000000000000000000
-9.360000 0.00000000000000000000
-9.350000 0.00000000000000000000
-9.340000 0.00000000000000000000
-9.330000 0.00000000000000000000
-9.320000 0.00000000000000000000
-9.310000 0.00000000000000000000
-9.300000 0.00000000000000000000
-9.290000 0.00000000000000000000
-9.280000 0.00000000000000000000
-9.270000 0.00000000000000000000
-9.260000 0.00000000000000000000
-9.250000 0.00000000000000000000
-9.240000 0.00000000000000000000
-9.230000 0.00000000000000000000
-9.220000 0.00000000000000000000
-9.210000 0.00000000000000000000
-9.200000 0.00000000000000000000
-9.190000 0.00000000000000000000
-9.180000 0.00000000000000000000
-9.170000 0.00000000000000000000
-9.160000 0.00000000000000000000
-9.150000 0.00000000000000000000
-9.140000 0.00000000000000000000
-9.130000 0.00000000000000000000
-9.120000 0.00000000000000000000
-9.110000 0.00000000000000000000
-9.100000 0.00000000000000000000
-9.090000 0.00000000000000000000
-9.080000 0.00000000000000000000
-9.070000 0.00000000000000000000
-9.060000 0.00000000000000000000
-9.050000 0.00000000000000000000
-9.040000 0.00000000000000000000
-9.030000 0.00000000000000000000
-9.020000 0.00000000000000000000
-9.010000 0.00000000000000000000
-9.000000 0.00000000000000000000
-8.990000 0.00000000000000000000
-8.980000 0.00000000000000000000
-8.970000 0.00000000000000000000
-8.960000 0.00000000000000000000
-8.950000 0.00000000000000000000
-8.940000 0.00000000000000000000
-8.930000 0.00000000000000000000
-8.920000 0.00000000000000000000
-8.910000 0.00000000000000000000
-8.900000 0.00000000000000000000
-8.890000 0.00000000000000000000
-8.880000 0.00000000000000000000
-8.870000 0.00000000000000000000
-8.860000 0.00000000000000000000
-8.850000 0.00000000000000000000
-8.840000 0.00000000000000000000
-8.830000 0.00000000000000000000
-8.820000 0.00000000000000000000
-8.810000 0.00000000000000000000
-8.800000 0.00000000000000000000
-8.790000 0.00000000000000000000
-8.780000 0.00000000000000000000
-8.770000 0.00000000000000000000
-8.760000 0.00000000000000000000
-8.750000 0.00000000000000000000
-8.740000 0.00000000000000000000
-8.730000 0.00000000000000000000
-8.720000 0.00000000000000000000
-8.710000 0.00000000000000000000
-8.700000 0.00000000000000000000
-8.690000 0.00000000000000000000
-8.680000 0.00000000000000000000
-8.670000 0.00000000000000000000
-8.660000 0.00000000000000000000
-8.650000 0.00000000000000000000
-8.640000 0.00000000000000000000
-8.630000 0.00000000000000000000
-8.620000 0.00000000000000000000
-8.610000 0.00000000000000000000
-8.600000 0.00000000000000000000
-8.590000 0.00000000000000000000
-8.580000 0.00000000000000000000
-8.570000 0.00000000000000000000
-8.560000 0.00000000000000000000
-8.550000 0.00000000000000000000
-8.540000 0.00000000000000000000
-8.530000 0.00000000000000000000
-8.520000 0.00000000000000000000
-8.510000 0.00000000000000000000
-8.500000 0.00000000000000000000
-8.490000 0.00000000000000000000
-8.480000 0.00000000000000000000
-8.470000 0.00000000000000000000
-8.460000 0.00000000000000000000
-8.450000 0.00000000000000000000
-8.440000 0.00000000000000000000
-8.430000 0.00000000000000000000
-8.420000 0.00000000000000000000
-8.410000 0.00000000000000000000
-8.400000 0.00000000000000000000
-8.390000 0.00000000000000000000
-8.380000 0.00000000000000000000
-8.370000 0.00000000000000000000
-8.360000 0.00000000000000000000
-8.350000 0.00000000000000000000
-8.340000 0.00000000000000000000
-8.330000 0.00000000000000000000
-8.320000 0.00000000000000000000
-8.310000 0.00000000000000000000
-8.300000 0.00000000000000000000
-8.290000 0.00000000000000000000
-8.280000 0.00000000000000000000
-8.270000 0.00000000000000000000
-8.260000 0.00000000000000000000
-8.250000 0.00000000000000000000
-8.240000 0.00000000000000000000
-8.230000 0.00000000000000000000
-8.220000 0.00000000000000000000
-8.210000 0.00000000000000000000
-8.200000 0.00000000000000000000
-8.190000 0.00000000000000000000
-8.180000 0.00000000000000000000
-8.170000 0.00000000000000000000
-8.160000 0.00000000000000000000
-8.150000 0.00000000000000000000
-8.140000 0.00000000000000000000
-8.130000 0.00000000000000000000
-8.120000 0.00000000000000000000
-8.110000 0.00000000000000000000
-8.100000 0.00000000000000000000
-8.090000 0.00000000000000000000
-8.080000 0.00000000000000000000
-8.070000 0.00000000000000000000
-8.060000 0.00000000000000000000
-8.050000 0.00000000000000000000
-8.040000 0.00000000000000000000
-8.030000 0.00000000000000000000
-8.020000 0.00000000000000000000
-8.010000 0.00000000000000000000
-8.000000 0.00000000000000000000
-7.990000 0.00000000000000000000
-7.980000 0.00000000000000000000
-7.970000 0.00000000000000000000
-7.960000 0.00000000000000000000
-7.950000 0.00000000000000000000
-7.940000 0.00000000000000000000
-7.930000 0.00000000000000000000
-7.920000 0.00000000000000000000
-7.910000 0.00000000000000000000
-7.900000 0.00000000000000000000
-7.890000 0.00000000000000000000
-7.880000 0.00000000000000000000
-7.870000 0.00000000000000000000
-7.860000 0.00000000000000000000
-7.850000 0.00000000000000000000
-7.840000 0.00000000000000000000
-7.830000 0.00000000000000000000
-7.820000 0.00000000000000000000
-7.810000 0.00000000000000000000
-7.800000 0.00000000000000000000
-7.790000 0.00000000000000000000
-7.780000 0.00000000000000000000
-7.770000 0.00000000000000000000
-7.760000 0.00000000000000000000
-7.750000 0.00000000000000000000
-7.740000 0.00000000000000000000
-7.730000 0.00000000000000000000
-7.720000 0.00000000000000000000
-7.710000 0.00000000000000000000
-7.700000 0.00000000000000000000
-7.690000 0.00000000000000000000
-7.680000 0.00000000000000000000
-7.670000 0.00000000000000000000
-7.660000 0.00000000000000000000
-7.650000 0.00000000000000000000
-7.640000 0.00000000000000000000
-7.630000 0.00000000000000000000
-7.620000 0.00000000000000000000
-7.610000 0.00000000000000000000
-7.600000 0.00000000000000000000
-7.590000 0.00000000000000000000
-7.580000 0.00000000000000000000
-7.570000 0.00000000000000000000
-7.560000 0.00000000000000000000
-7.550000 0.00000000000000000000
-7.540000 0.00000000000000000000
-7.530000 0.00000000000000000000
-7.520000 0.00000000000000000000
-7.510000 0.00000000000000000000
-7.500000 0.00000000000000000000
-7.490000 0.00000000000000000000
-7.480000 0.00000000000000000000
-7.470000 0.00000000000000000000
-7.460000 0.00000000000000000000
-7.450000 0.00000000000000000000
-7.440000 0.00000000000000000000
-7.430000 0.00000000000000000000
-7.420000 0.00000000000000000000
-7.410000 0.00000000000000000000
-7.400000 0.00000000000000000000
-7.390000 0.00000000000000000000
-7.380000 0.00000000000000000000
-7.370000 0.00000000000000000000
-7.360000 0.00000000000000000000
-7.350000 0.00000000000000000000
-7.340000 0.00000000000000000000
-7.330000 0.00000000000000000000
-7.320000 0.00000000000000000000
-7.310000 0.00000000000000000000
-7.300000 0.00000000000000000000
-7.290000 0.00000000000000000000
-7.280000 0.00000000000000000000
-7.270000 0.00000000000000000000
-7.260000 0.00000000000000000000
-7.250000 0.00000000000000000000
-7.240000 0.00000000000000000000
-7.230000 0.00000000000000000000
-7.220000 0.00000000000000000000
-7.210000 0.00000000000000000000
-7.200000 0.00000000000000000000
-7.190000 0.00000000000000000000
-7.180000 0.00000000000000000000
-7.170000 0.00000000000000000000
-7.160000 0.00000000000000000000
-7.150000 0.00000000000000000000
-7.140000 0.00000000000000000000
-7.130000 0.00000000000000000000
-7.120000 0.00000000000000000000
-7.110000 0.00000000000000000000
-7.100000 0.00000000000000000000
-7.090000 0.00000000000000000000
-7.080000 0.00000000000000000000
-7.070000 0.00000000000000000000
-7.060000 0.00000000000000000000
-7.050000 0.00000000000000000000
-7.040000 0.00000000000000000000
-7.030000 0.00000000000000000000
-7.020000 0.00000000000000000000
-7.010000 0.00000000000000000000
-7.000000 0.00000000000000000000
-6.990000 0.00000000000000000000
-6.980000 0.00000000000000000000
-6.970000 0.00000000000000000000
-6.960000 0.00000000000000000000
-6.950000 0.00000000000000000000
-6.940000 0.00000000000000000000
-6.930000 0.00000000000000000000
-6.920000 0.00000000000000000000
-6.910000 0.00000000000000000000
-6.900000 0.00000000000000000000
-6.890000 0.00000000000000000000
-6.880000 0.00000000000000000000
-6.870000 0.00000000000000000000
-6.860000 0.00000000000000000000
-6.850000 0.00000000000000000000
-6.840000 0.00000000000000000000
-6.830000 0.00000000000000000000
-6.820000 0.00000000000000000000
-6.810000 0.00000000000000000000
-6.800000 0.00000000000000000000
-6.790000 0.00000000000000000000
-6.780000 0.00000000000000000000
-6.770000 0.00000000000000000000
-6.760000 0.00000000000000000000
-6.750000 0.00000000000000000000
-6.740000 0.00000000000000000000
-6.730000 0.00000000000000000000
-6.720000 0.00000000000000000000
-6.710000 0.00000000000000000000
-6.700000 0.00000000000000000000
-6.690000 0.00000000000000000000
-6.680000 0.00000000000000000000
-6.670000 0.00000000000000000000
-6.660000 0.00000000000000000000
-6.650000 0.00000000000000000000
-6.640000 0.00000000000000000000
-6.630000 0.00000000000000000000
-6.620000 0.00000000000000000000
-6.610000 0.00000000000000000000
-6.600000 0.00000000000000000000
-6.590000 0.00000000000000000000
-6.580000 0.00000000000000000000
-6.570000 0.00000000000000000000
-6.560000 0.00000000000000000000
-6.550000 0.00000000000000000000
-6.540000 0.00000000000000000000
-6.530000 0.00000000000000000000
-6.520000 0.00000000000000000000
-6.510000 0.00000000000000000000
-6.500000 0.00000000000000000000
-6.490000 0.00000000000000000000
-6.480000 0.00000000000000000000
-6.470000 0.00000000000000000000
-6.460000 0.00000000000000000000
-6.450000 0.00000000000000000000
-6.440000 0.00000000000000000000
-6.430000 0.00000000000000000000
-6.420000 0.00000000000000000000
-6.410000 0.00000000000000000000
-6.400000 0.00000000000000000000
-6.390000 0.00000000000000000000
-6.380000 0.00000000000000000000
-6.370000 0.00000000000000000000
-6.360000 0.00000000000000000000
-6.350000 0.00000000000000000000
-6.340000 0.00000000000000000000
-6.330000 0.00000000000000000000
-6.320000 0.00000000000000000000
-6.310000 0.00000000000000000000
-6.300000 0.00000000000000000000
-6.290000 0.00000000000000000000
-6.280000 0.00000000000000000000
-6.270000 0.00000000000000000000
-6.260000 0.00000000000000000000
-6.250000 0.00000000000000000000
-6.240000 0.00000000000000000000
-6.230000 0.00000000000000000000
-6.220000 0.00000000000000000000
-6.210000 0.00000000000000000000
-6.200000 0.00000000000000000000
-6.190000 0.00000000000000000000
-6.180000 0.00000000000000000000
-6.170000 0.00000000000000000000
-6.160000 0.00000000000000000000
-6.150000 0.00000000000000000000
-6.140000 0.00000000000000000000
-6.130000 0.00000000000000000000
-6.120000 0.00000000000000000000
-6.110000 0.00000000000000000000
-6.100000 0.00000000000000000000
-6.090000 0.00000000000000000000
-6.080000 0.00000000000000000000
-6.070000 0.00000000000000000000
-6.060000 0.00000000000000000000
-6.050000 0.00000000000000000000
-6.040000 0.00000000000000000000
-6.030000 0.00000000000000000000
-6.020000 0.00000000000000000000
-6.010000 0.00000000000000000000
-6.000000 0.00000000000000000000
-5.990000 0.00000000000000000000
-5.980000 0.00000000000000000000
-5.970000 0.00000000000000000000
-5.960000 0.00000000000000000000
-5.950000 0.00000000000000000000
-5.940000 0.00000000000000000000
-5.930000 0.00000000000000000000
-5.920000 0.00000000000000000000
-5.910000 0.00000000000000000000
-5.900000 0.00000000000000000000
-5.890000 0.00000000000000000001
-5.880000 0.00000000000000000001
-5.870000 0.00000000000000000001
-5.860000 0.00000000000000000001
-5.850000 0.00000000000000000001
-5.840000 0.00000000000000000001
-5.830000 0.00000000000000000001
-5.820000 0.00000000000000000001
-5.810000 0.00000000000000000001
-5.800000 0.00000000000000000001
-5.790000 0.00000000000000000001
-5.780000 0.00000000000000000001
-5.770000 0.00000000000000000001
-5.760000 0.00000000000000000001
-5.750000 0.00000000000000000002
-5.740000 0.00000000000000000002
-5.730000 0.00000000000000000002
-5.720000 0.00000000000000000002
-5.710000 0.00000000000000000002
-5.700000 0.00000000000000000002
-5.690000 0.00000000000000000002
-5.680000 0.00000000000000000003
-5.670000 0.00000000000000000003
-5.660000 0.00000000000000000003
-5.650000 0.00000000000000000003
-5.640000 0.00000000000000000004
-5.630000 0.00000000000000000004
-5.620000 0.00000000000000000004
-5.610000 0.00000000000000000005
-5.600000 0.00000000000000000005
-5.590000 0.00000000000000000005
-5.580000 0.00000000000000000006
-5.570000 0.00000000000000000006
-5.560000 0.00000000000000000007
-5.550000 0.00000000000000000007
-5.540000 0.00000000000000000008
-5.530000 0.00000000000000000009
-5.520000 0.00000000000000000009
-5.510000 0.00000000000000000010
-5.500000 0.00000000000000000011
-5.490000 0.00000000000000000012
-5.480000 0.00000000000000000013
-5.470000 0.00000000000000000014
-5.460000 0.00000000000000000015
-5.450000 0.00000000000000000016
-5.440000 0.00000000000000000017
-5.430000 0.00000000000000000019
-5.420000 0.00000000000000000020
-5.410000 0.00000000000000000022
-5.400000 0.00000000000000000024
-5.390000 0.00000000000000000026
-5.380000 0.00000000000000000028
-5.370000 0.00000000000000000030
-5.360000 0.00000000000000000032
-5.350000 0.00000000000000000035
-5.340000 0.00000000000000000038
-5.330000 0.00000000000000000041
-5.320000 0.00000000000000000044
-5.310000 0.00000000000000000048
-5.300000 0.00000000000000000052
-5.290000 0.00000000000000000056
-5.280000 0.00000000000000000060
-5.270000 0.00000000000000000065
-5.260000 0.00000000000000000071
-5.250000 0.00000000000000000076
-5.240000 0.00000000000000000083
-5.230000 0.00000000000000000089
-5.220000 0.00000000000000000097
-5.210000 0.00000000000000000104
-5.200000 0.00000000000000000113
-5.190000 0.00000000000000000122
-5.180000 0.00000000000000000132
-5.170000 0.00000000000000000143
-5.160000 0.00000000000000000154
-5.150000 0.00000000000000000167
-5.140000 0.00000000000000000180
-5.130000 0.00000000000000000195
-5.120000 0.00000000000000000211
-5.110000 0.00000000000000000228
-5.100000 0.00000000000000000247
-5.090000 0.00000000000000000267
-5.080000 0.00000000000000000288
-5.070000 0.00000000000000000312
-5.060000 0.00000000000000000337
-5.050000 0.00000000000000000364
-5.040000 0.00000000000000000394
-5.030000 0.00000000000000000426
-5.020000 0.00000000000000000461
-5.010000 0.00000000000000000498
-5.000000 0.00000000000000000539
-4.990000 0.00000000000000000582
-4.980000 0.00000000000000000630
-4.970000 0.00000000000000000681
-4.960000 0.00000000000000000736
-4.950000 0.00000000000000000796
-4.940000 0.00000000000000000860
-4.930000 0.00000000000000000930
-4.920000 0.00000000000000001006
-4.910000 0.00000000000000001088
-4.900000 0.00000000000000001176
-4.890000 0.00000000000000001271
-4.880000 0.00000000000000001375
-4.870000 0.00000000000000001486
-4.860000 0.00000000000000001607
-4.850000 0.00000000000000001738
-4.840000 0.00000000000000001879
-4.830000 0.00000000000000002031
-4.820000 0.00000000000000002196
-4.810000 0.00000000000000002375
-4.800000 0.00000000000000002568
-4.790000 0.00000000000000002776
-4.780000 0.00000000000000003002
-4.770000 0.00000000000000003246
-4.760000 0.00000000000000003509
-4.750000 0.00000000000000003794
-4.740000 0.00000000000000004102
-4.730000 0.00000000000000004436
-4.720000 0.00000000000000004796
-4.710000 0.00000000000000005185
-4.700000 0.00000000000000005607
-4.690000 0.00000000000000006062
-4.680000 0.00000000000000006554
-4.670000 0.00000000000000007087
-4.660000 0.00000000000000007662
-4.650000 0.00000000000000008285
-4.640000 0.00000000000000008958
-4.630000 0.00000000000000009685
-4.620000 0.00000000000000010472
-4.610000 0.00000000000000011322
-4.600000 0.00000000000000012242
-4.590000 0.00000000000000013236
-4.580000 0.00000000000000014311
-4.570000 0.00000000000000015474
-4.560000 0.00000000000000016731
-4.550000 0.00000000000000018089
-4.540000 0.00000000000000019559
-4.530000 0.00000000000000021147
-4.520000 0.00000000000000022865
-4.510000 0.00000000000000024723
-4.500000 0.00000000000000026730
-4.490000 0.00000000000000028902
-4.480000 0.00000000000000031249
-4.470000 0.00000000000000033787
-4.460000 0.00000000000000036532
-4.450000 0.00000000000000039499
-4.440000 0.00000000000000042707
-4.430000 0.00000000000000046177
-4.420000 0.00000000000000049926
-4.410000 0.00000000000000053981
-4.400000 0.00000000000000058367
-4.390000 0.00000000000000063106
-4.380000 0.00000000000000068233
-4.370000 0.00000000000000073775
-4.360000 0.00000000000000079766
-4.350000 0.00000000000000086247
-4.340000 0.00000000000000093251
-4.330000 0.00000000000000100824
-4.320000 0.00000000000000109016
-4.310000 0.00000000000000117868
-4.300000 0.00000000000000127442
-4.290000 0.00000000000000137795
-4.280000 0.00000000000000148984
-4.270000 0.00000000000000161088
-4.260000 0.00000000000000174172
-4.250000 0.00000000000000188315
-4.240000 0.00000000000000203616
-4.230000 0.00000000000000220151
-4.220000 0.00000000000000238030
-4.210000 0.00000000000000257371
-4.200000 0.00000000000000278269
-4.190000 0.00000000000000300872
-4.180000 0.00000000000000325315
-4.170000 0.00000000000000351729
-4.160000 0.00000000000000380306
-4.150000 0.00000000000000411194
-4.140000 0.00000000000000444584
-4.130000 0.00000000000000480708
-4.120000 0.00000000000000519745
-4.110000 0.00000000000000561954
-4.100000 0.00000000000000607614
-4.090000 0.00000000000000656951
-4.080000 0.00000000000000710314
-4.070000 0.00000000000000768020
-4.060000 0.00000000000000830380
-4.050000 0.00000000000000897845
-4.040000 0.00000000000000970769
-4.030000 0.00000000000001049596
-4.020000 0.00000000000001134880
-4.010000 0.00000000000001227040
-4.000000 0.00000000000001326690
-3.990000 0.00000000000001434486
-3.980000 0.00000000000001550965
-3.970000 0.00000000000001676947
-3.960000 0.00000000000001813180
-3.950000 0.00000000000001960405
-3.940000 0.00000000000002119680
-3.930000 0.00000000000002291841
-3.920000 0.00000000000002477941
-3.910000 0.00000000000002679284
-3.900000 0.00000000000002896860
-3.890000 0.00000000000003132118
-3.880000 0.00000000000003386609
-3.870000 0.00000000000003661598
-3.860000 0.00000000000003959023
-3.850000 0.00000000000004280650
-3.840000 0.00000000000004628226
-3.830000 0.00000000000005004251
-3.820000 0.00000000000005410697
-3.810000 0.00000000000005850052
-3.800000 0.00000000000006325393
-3.790000 0.00000000000006839058
-3.780000 0.00000000000007394467
-3.770000 0.00000000000007995282
-3.760000 0.00000000000008644490
-3.750000 0.00000000000009346667
-3.740000 0.00000000000010105980
-3.730000 0.00000000000010926554
-3.720000 0.00000000000011814295
-3.710000 0.00000000000012773854
-3.700000 0.00000000000013811105
-3.690000 0.00000000000014933316
-3.680000 0.00000000000016146001
-3.670000 0.00000000000017457242
-3.660000 0.00000000000018875676
-3.650000 0.00000000000020408360
-3.640000 0.00000000000022066097
-3.630000 0.00000000000023858720
-3.620000 0.00000000000025795975
-3.610000 0.00000000000027891801
-3.600000 0.00000000000030157176
-3.590000 0.00000000000032605972
-3.580000 0.00000000000035255347
-3.570000 0.00000000000038118315
-3.560000 0.00000000000041213962
-3.550000 0.00000000000044562674
-3.540000 0.00000000000048181113
-3.530000 0.00000000000052094789
-3.520000 0.00000000000056326900
-3.510000 0.00000000000060900474
-3.500000 0.00000000000065848412
-3.490000 0.00000000000071196620
-3.480000 0.00000000000076977868
-3.470000 0.00000000000083232650
-3.460000 0.00000000000089991690
-3.450000 0.00000000000097300059
-3.440000 0.00000000000105205868
-3.430000 0.00000000000113748464
-3.420000 0.00000000000122988084
-3.410000 0.00000000000132979460
-3.400000 0.00000000000143776991
-3.390000 0.00000000000155458349
-3.380000 0.00000000000168084664
-3.370000 0.00000000000181733339
-3.360000 0.00000000000196499956
-3.350000 0.00000000000212457037
-3.340000 0.00000000000229711028
-3.330000 0.00000000000248375461
-3.320000 0.00000000000268543258
-3.310000 0.00000000000290356661
-3.300000 0.00000000000313944791
-3.290000 0.00000000000339436163
-3.280000 0.00000000000367014141
-3.270000 0.00000000000396822970
-3.260000 0.00000000000429045482
-3.250000 0.00000000000463907283
-3.240000 0.00000000000501579561
-3.230000 0.00000000000542313712
-3.220000 0.00000000000586377652
-3.210000 0.00000000000633990815
-3.200000 0.00000000000685489096
-3.190000 0.00000000000741177109
-3.180000 0.00000000000801358465
-3.170000 0.00000000000866466037
-3.160000 0.00000000000936840193
-3.150000 0.00000000001012912804
-3.140000 0.00000000001095216364
-3.130000 0.00000000001184154970
-3.120000 0.00000000001280322347
-3.110000 0.00000000001384350728
-3.100000 0.00000000001496758315
-3.090000 0.00000000001618338284
-3.080000 0.00000000001749809274
-3.070000 0.00000000001891888545
-3.060000 0.00000000002045598002
-3.050000 0.00000000002211740788
-3.040000 0.00000000002391337031
-3.030000 0.00000000002585643573
-3.020000 0.00000000002795614298
-3.010000 0.00000000003022651424
-3.000000 0.00000000003268246893
-2.990000 0.00000000003533624461
-2.980000 0.00000000003820657129
-2.970000 0.00000000004131040287
-2.960000 0.00000000004466468409
-2.950000 0.00000000004829353961
-2.940000 0.00000000005221592058
-2.930000 0.00000000005645592366
-2.920000 0.00000000006104321397
-2.910000 0.00000000006600030828
-2.900000 0.00000000007136032306
-2.890000 0.00000000007715846522
-2.880000 0.00000000008342363433
-2.870000 0.00000000009020005921
-2.860000 0.00000000009752773686
-2.850000 0.00000000010544669823
-2.840000 0.00000000011401389546
-2.830000 0.00000000012327404625
-2.820000 0.00000000013328406979
-2.810000 0.00000000014411398424
-2.800000 0.00000000015581694139
-2.790000 0.00000000016847115310
-2.780000 0.00000000018215970058
-2.770000 0.00000000019695083172
-2.760000 0.00000000021294898779
-2.750000 0.00000000023024852814
-2.740000 0.00000000024894402357
-2.730000 0.00000000026916992333
-2.720000 0.00000000029103174488
-2.710000 0.00000000031466393798
-2.700000 0.00000000034023176533
-2.690000 0.00000000036786069421
-2.680000 0.00000000039773543921
-2.670000 0.00000000043005205482
-2.660000 0.00000000046497171246
-2.650000 0.00000000050274103819
-2.640000 0.00000000054358264032
-2.630000 0.00000000058771993730
-2.620000 0.00000000063547032860
-2.610000 0.00000000068708279735
-2.600000 0.00000000074287492895
-2.590000 0.00000000080323679019
-2.580000 0.00000000086846455310
-2.570000 0.00000000093899446114
-2.560000 0.00000000101528916237
-2.550000 0.00000000109772927355
-2.540000 0.00000000118689717270
-2.530000 0.00000000128331802685
-2.520000 0.00000000138751965127
-2.510000 0.00000000150025134116
-2.500000 0.00000000162210060807
-2.490000 0.00000000175381762441
-2.480000 0.00000000189632305626
-2.470000 0.00000000205031603478
-2.460000 0.00000000221682684358
-2.450000 0.00000000239694723396
-2.440000 0.00000000259157605863
-2.430000 0.00000000280208853456
-2.420000 0.00000000302972360781
-2.410000 0.00000000327572821765
-2.400000 0.00000000354187124877
-2.390000 0.00000000382953902101
-2.380000 0.00000000414050352242
-2.370000 0.00000000447693778113
-2.360000 0.00000000484049214025
-2.350000 0.00000000523359983346
-2.340000 0.00000000565883716156
-2.330000 0.00000000611832683277
-2.320000 0.00000000661531625374
-2.310000 0.00000000715272827719
-2.300000 0.00000000773350874683
-2.290000 0.00000000836183351329
-2.280000 0.00000000904097380948
-2.270000 0.00000000977511526131
-2.260000 0.00000001056938681008
-2.250000 0.00000001142768420364
-2.240000 0.00000001235575404062
-2.230000 0.00000001335967583067
-2.220000 0.00000001444446251862
-2.210000 0.00000001561778245865
-2.200000 0.00000001688653106679
-2.190000 0.00000001825766778892
-2.180000 0.00000001974105065158
-2.170000 0.00000002134439863939
-2.160000 0.00000002307759863493
-2.150000 0.00000002495275633815
-2.140000 0.00000002697906794928
-2.130000 0.00000002917010526537
-2.120000 0.00000003154021459476
-2.110000 0.00000003410123443496
-2.100000 0.00000003687127264828
-2.090000 0.00000003986659645571
-2.080000 0.00000004310364732037
-2.070000 0.00000004660569726955
-2.060000 0.00000005039096048734
-2.050000 0.00000005448279079695
-2.040000 0.00000005890976091904
-2.030000 0.00000006369357921241
-2.020000 0.00000006886629829735
-2.010000 0.00000007446177227046
-2.000000 0.00000008050795881771
-1.990000 0.00000008704761736768
-1.980000 0.00000009411912443691
-1.970000 0.00000010176132251424
-1.960000 0.00000011002915021670
-1.950000 0.00000011896558692279
-1.940000 0.00000012862579669691
-1.930000 0.00000013907721879673
-1.920000 0.00000015037109764518
-1.910000 0.00000016258313213210
-1.900000 0.00000017579321028053
-1.890000 0.00000019006735685155
-1.880000 0.00000020550654280452
-1.870000 0.00000022220130322481
-1.860000 0.00000024024340253683
-1.850000 0.00000025976253500513
-1.840000 0.00000028086011776261
-1.830000 0.00000030366645369121
-1.820000 0.00000032834071740459
-1.810000 0.00000035500387600955
-1.800000 0.00000038383470790685
-1.790000 0.00000041502173068816
-1.780000 0.00000044872086858681
-1.770000 0.00000048517055149524
-1.760000 0.00000052458436298890
-1.750000 0.00000056717909479328
-1.740000 0.00000061326091725019
-1.730000 0.00000066306914191150
-1.720000 0.00000071691155684841
-1.710000 0.00000077516385624033
-1.700000 0.00000083811159478417
-1.690000 0.00000090617699439852
-1.680000 0.00000097980491344195
-1.670000 0.00000105936358408213
-1.660000 0.00000114541602820900
-1.650000 0.00000123846611573809
-1.640000 0.00000133902601444442
-1.630000 0.00000144781850346118
-1.620000 0.00000156540828235523
-1.610000 0.00000169252237678911
-1.600000 0.00000183004752562874
-1.590000 0.00000197865781174375
-1.580000 0.00000213935040021601
-1.570000 0.00000231317505688424
-1.560000 0.00000250100140704312
-1.550000 0.00000270415895846790
-1.540000 0.00000292383640498794
-1.530000 0.00000316124374386225
-1.520000 0.00000341808725124847
-1.510000 0.00000369569944907442
-1.500000 0.00000399579765147750
-1.490000 0.00000432047481064686
-1.480000 0.00000467132218724702
-1.470000 0.00000505069481072749
-1.460000 0.00000546106991135317
-1.450000 0.00000590450123950322
-1.440000 0.00000638412829695843
-1.430000 0.00000690275539404462
-1.420000 0.00000746324119258676
-1.410000 0.00000806961377747799
-1.400000 0.00000872501755893591
-1.390000 0.00000943350908705921
-1.380000 0.00001020002840866719
-1.370000 0.00001102833199358580
-1.360000 0.00001192398190094734
-1.350000 0.00001289282403419039
-1.340000 0.00001393970878559389
-1.330000 0.00001507205001764797
-1.320000 0.00001629646376245626
-1.310000 0.00001761970398844478
-1.300000 0.00001905128039772705
-1.290000 0.00002059861338260163
-1.280000 0.00002227128561737193
-1.270000 0.00002408095793450208
-1.260000 0.00002603649881269335
-1.250000 0.00002815104555802102
-1.240000 0.00003043839482085839
-1.230000 0.00003291000296552916
-1.220000 0.00003558337941780408
-1.210000 0.00003847413476592397
-1.200000 0.00004159822815272005
-1.190000 0.00004497811365913401
-1.180000 0.00004863130523692522
-1.170000 0.00005258044353699393
-1.160000 0.00005685305889950854
-1.150000 0.00006147009301125620
-1.140000 0.00006646258262405290
-1.130000 0.00007186309720435961
-1.120000 0.00007769870382504074
-1.110000 0.00008401076778723516
-1.100000 0.00009083613574203595
-1.090000 0.00009821253249427785
-1.080000 0.00010619299915840466
-1.070000 0.00011481889339396921
-1.060000 0.00012414373522625789
-1.050000 0.00013423256081795796
-1.040000 0.00014513485387024203
-1.030000 0.00015692399053446199
-1.020000 0.00016967692046624116
-1.010000 0.00018345764970497012
-1.000000 0.00019836399791581602
-0.990000 0.00021448303475238282
-0.980000 0.00023190404176367987
-0.970000 0.00025075248265581178
-0.960000 0.00027112616945652624
-0.950000 0.00029315182186722766
-0.940000 0.00031698336514293402
-0.930000 0.00034273796590140771
-0.920000 0.00037058948107639351
-0.910000 0.00040072018126804899
-0.900000 0.00043328183853210810
-0.890000 0.00046850647802278703
-0.880000 0.00050660056796144747
-0.870000 0.00054777618576527971
-0.860000 0.00059233134889836721
-0.850000 0.00064049847926825028
-0.840000 0.00069257910847273407
-0.830000 0.00074893964342468290
-0.820000 0.00080985926289855222
-0.810000 0.00087575270367694542
-0.800000 0.00094705511367758777
-0.790000 0.00102412940436287319
-0.780000 0.00110753105291795119
-0.770000 0.00119775487938503775
-0.760000 0.00129531029317137480
-0.750000 0.00140091417922353408
-0.740000 0.00151512668176874291
-0.730000 0.00163867605153277646
-0.720000 0.00177244948903920816
-0.710000 0.00191712464628867999
-0.700000 0.00207371068191953244
-0.690000 0.00224327022147775617
-0.680000 0.00242669204640159680
-0.670000 0.00262534115178508732
-0.660000 0.00284043854066736313
-0.650000 0.00307324549595222813
-0.640000 0.00332554504331113686
-0.630000 0.00359873668089425759
-0.620000 0.00389464604726659936
-0.610000 0.00421550953478034944
-0.600000 0.00456304161314544446
-0.590000 0.00493980432248265332
-0.580000 0.00534850563879774119
-0.570000 0.00579141447515889828
-0.560000 0.00627201957429892112
-0.550000 0.00679342921759182143
-0.540000 0.00735884989819762195
-0.530000 0.00797276184616680511
-0.520000 0.00863860393428340055
-0.510000 0.00936080977808019694
-0.500000 0.01014450889647494462
-0.490000 0.01099338928074455012
-0.480000 0.01191263441182805437
-0.470000 0.01290656232968100808
-0.460000 0.01397812707053429013
-0.450000 0.01513005209151797349
-0.440000 0.01636146491520664228
-0.430000 0.01766983583513759976
-0.420000 0.01904443161025213063
-0.410000 0.02047053292729823781
-0.400000 0.02192544744416510469
-0.390000 0.02337660707047533454
-0.380000 0.02480619780619659764
-0.370000 0.02619706825593043700
-0.360000 0.02754363879043103883
-0.350000 0.02884210824849026827
-0.340000 0.03008747356180305546
-0.330000 0.03127542141154646821
-0.320000 0.03240152039197256167
-0.310000 0.03345964846219849631
-0.300000 0.03444517589567099025
-0.290000 0.03535216962013135872
-0.280000 0.03617400005268194690
-0.270000 0.03690607621711212288
-0.260000 0.03754219790186037048
-0.250000 0.03807811418858395719
-0.240000 0.03851144483126653362
-0.230000 0.03884176841447811723
-0.220000 0.03907456234623040564
-0.210000 0.03921806321410065826
-0.200000 0.03929436600311898842
-0.190000 0.03932350809084226434
-0.180000 0.03933195346376758272
-0.170000 0.03933368093784823244
-0.160000 0.03933400337562499571
-0.150000 0.03933407262558295814
-0.140000 0.03933407262558295814
-0.130000 0.03933407262558295814
-0.120000 0.03933407262558295814
-0.110000 0.03933407262558295120
-0.100000 0.03933407262558295120
-0.090000 0.03933407262558295814
-0.080000 0.03933407262558296508
-0.070000 0.03933407262558295814
-0.060000 0.03933407262558295814
-0.050000 0.03933407262558295120
-0.040000 0.03933407262558295120
-0.030000 0.03933407262558295814
-0.020000 0.03933407262558296508
-0.010000 0.03933407262558296508
0.000000 0.03933407262558296508
0.010000 0.03933407262558295120
0.020000 0.03933407262558296508
0.030000 0.03933407262558295814
0.040000 0.03933407262558295120
0.050000 0.03933407262558296508
0.060000 0.03933407262558295814
0.070000 0.03933407262558295814
0.080000 0.03933407262558295120
0.090000 0.03933407262558295814
0.100000 0.03933407262558295814
0.110000 0.03933407262558295120
0.120000 0.03933407262558294426
0.130000 0.03933407262558295814
0.140000 0.03933407262558296508
0.150000 0.03933407262558295814
0.160000 0.03933405316641455651
0.170000 0.03933367620721366087
0.180000 0.03933593086776510095
0.190000 0.03935152606256756003
0.200000 0.03951028340426643304
0.210000 0.03998135077514164415
0.220000 0.04118889149420647267
0.230000 0.04349902282259122954
0.240000 0.04726672087619574608
0.250000 0.05281520045891614085
0.260000 0.06029590382025837997
0.270000 0.06984776927744675012
0.280000 0.08151260076555370826
0.290000 0.09529174576019985854
0.300000 0.11114780004615149034
0.310000 0.12900878583979816239
0.320000 0.14881006194715831747
0.330000 0.17044528790358262627
0.340000 0.19382456764261657423
0.350000 0.21885652762653395875
0.360000 0.24542631155655852959
0.370000 0.27345454250062178891
0.380000 0.30284288839206197075
0.390000 0.33348342634093525172
0.400000 0.36525210423477122434
0.410000 0.39790491920063830733
0.420000 0.43100196151583858306
0.430000 0.46417056936372153020
0.440000 0.49686278749372064789
0.450000 0.52874683890478790804
0.460000 0.55952853301881511072
0.470000 0.58898063749735407590
0.480000 0.61700416861218487785
0.490000 0.64351514693531575162
0.500000 0.66849990256722480186
0.510000 0.69196683371849998512
0.520000 0.71395279017895951768
0.530000 0.73451442249500975556
0.540000 0.75370128380515200028
0.550000 0.77159187845145849050
0.560000 0.78825110728612479694
0.570000 0.80374478317572695119
0.580000 0.81815466368608413816
0.590000 0.83153711634755900217
0.600000 0.84396165272277701153
0.610000 0.85549829622387218997
0.620000 0.86619515033992922071
0.630000 0.87611681946386021913
0.640000 0.88531819671505995739
0.650000 0.89384191628865283796
0.660000 0.90174372367979516163
0.670000 0.90906403570421756566
0.680000 0.91584231870243548723
0.690000 0.92212365630768045044
0.700000 0.92793781355589166626
0.710000 0.93332066641865030210
0.720000 0.93830685201999797229
0.730000 0.94291979820715376981
0.740000 0.94719042989493151818
0.750000 0.95114442838471757735
0.760000 0.95480162355271636088
0.770000 0.95818759236722517159
0.780000 0.96132064642340886440
0.790000 0.96421862029343419209
0.800000 0.96690166919210995822
0.810000 0.96938301828973472141
0.820000 0.97167856548254449844
0.830000 0.97380354182621864378
0.840000 0.97576822351860192928
0.850000 0.97758613264004012855
0.860000 0.97926843824036879926
0.870000 0.98082376009534333328
0.880000 0.98226317818211839050
0.890000 0.98359459620983524797
0.900000 0.98482571539538932281
0.910000 0.98596520877184490317
0.920000 0.98701875738347022438
0.930000 0.98799318943325653564
0.940000 0.98889502877625756749
0.950000 0.98972867521996144013
0.960000 0.99049991375100021607
0.970000 0.99121351252940992360
0.980000 0.99187315344251769655
0.990000 0.99248356302210005708
1.000000 0.99304810731003279045
1.010000 0.99357006985407891886
1.020000 0.99405314214034745657
1.030000 0.99449974067852808801
1.040000 0.99491277141758194258
1.050000 0.99529500683583371767
1.060000 0.99564831708655854303
1.070000 0.99597516076274716923
1.080000 0.99627756187637250829
1.090000 0.99655708468317549809
1.100000 0.99681573585243710145
1.110000 0.99705494295317442788
1.120000 0.99727610044613657081
1.130000 0.99748077414621294512
1.140000 0.99766998877827184344
1.150000 0.99784497748470990519
1.160000 0.99800691557795595532
1.170000 0.99815659614602547656
1.180000 0.99829506188774141950
1.190000 0.99842317041176598114
1.200000 0.99854158515874535951
1.210000 0.99865115677509652681
1.220000 0.99875248990185083731
1.230000 0.99884617599112213160
1.240000 0.99893287848519440875
1.250000 0.99901303149208342536
1.260000 0.99908715781277868118
1.270000 0.99915575529106182007
1.280000 0.99921916000976040984
1.290000 0.99927781388391834216
1.300000 0.99933208008612650630
1.310000 0.99938223984457641436
1.320000 0.99942865358048738056
1.330000 0.99947157727829349927
1.340000 0.99951126169673831789
1.350000 0.99954798784004572632
1.360000 0.99958193955311835932
1.370000 0.99961333841576649473
1.380000 0.99964239525282239107
1.390000 0.99966925245099713671
1.400000 0.99969409726146563067
1.410000 0.99971708344860299444
1.420000 0.99973833020243429992
1.430000 0.99975799021032107916
1.440000 0.99977617183269740231
1.450000 0.99979298137005956360
1.460000 0.99980853782959522302
1.470000 0.99982291906193232478
1.480000 0.99983621897062902040
1.490000 0.99984852682753189157
1.500000 0.99985990295253535098
1.510000 0.99987042668337156037
1.520000 0.99988016311869321040
1.530000 0.99988916277080663875
1.540000 0.99989749032020724950
1.550000 0.99990519163486735188
1.560000 0.99991231177524220186
1.570000 0.99991890113981585220
1.580000 0.99992499269406809326
1.590000 0.99993062623222539465
1.600000 0.99993583955460996204
1.610000 0.99994065821423205875
1.620000 0.99994511582545597683
1.630000 0.99994923994829953973
1.640000 0.99995305198934869573
1.650000 0.99995657934767756547
1.660000 0.99995984143853400283
1.670000 0.99996285736261747434
1.680000 0.99996564846297264495
1.690000 0.99996822869856016869
1.700000 0.99997061493309591373
1.710000 0.99997282317219793324
1.720000 0.99997486424069814692
1.730000 0.99997675238044902990
1.740000 0.99997849925911308500
1.750000 0.99998011394854113831
1.760000 0.99998160805507851911
1.770000 0.99998298979689514976
1.780000 0.99998426727054678942
1.790000 0.99998544951447088103
1.800000 0.99998654243946727416
1.810000 0.99998755319189025492
1.820000 0.99998848854890243221
1.830000 0.99998935309614511713
1.840000 0.99999015286763692778
1.850000 0.99999089280292330351
1.860000 0.99999157674654315375
1.870000 0.99999220961497037319
1.880000 0.99999279488682801809
1.890000 0.99999333599413753326
1.900000 0.99999383676452502367
1.910000 0.99999429970086994857
1.920000 0.99999472783158327438
1.930000 0.99999512402627310781
1.940000 0.99999549022752332039
1.950000 0.99999582899183481199
1.960000 0.99999614241037793061
1.970000 0.99999643211242372765
1.980000 0.99999670018059638732
1.990000 0.99999694808734429508
2.000000 0.99999717728745329826
2.010000 0.99999738940185567415
2.020000 0.99999758549037798261
2.030000 0.99999776683636754093
2.040000 0.99999793465488173716
2.050000 0.99999808976884618783
2.060000 0.99999823326140069302
2.070000 0.99999836601784730661
2.080000 0.99999848872865326754
2.090000 0.99999860227601911067
2.100000 0.99999870728321127444
2.110000 0.99999880436689092544
2.120000 0.99999889421349519303
2.130000 0.99999897727179942741
2.140000 0.99999905408564704334
2.150000 0.99999912516952083053
2.160000 0.99999919087203181789
2.170000 0.99999925165208536360
2.180000 0.99999930788447566332
2.190000 0.99999935986181598402
2.200000 0.99999940795780606351
2.210000 0.99999945243626597868
2.220000 0.99999949355858852584
2.230000 0.99999953161546761837
2.240000 0.99999956679693480233
2.250000 0.99999959933345361485
2.260000 0.99999962944286724387
2.270000 0.99999965727285644590
2.280000 0.99999968301785002733
2.290000 0.99999970683651806524
2.300000 0.99999972885286658730
2.310000 0.99999974922519518916
2.320000 0.99999976806517498762
2.330000 0.99999978548360624053
2.340000 0.99999980160359280834
2.350000 0.99999981650560232360
2.360000 0.99999983028729766410
2.370000 0.99999984304091860121
2.380000 0.99999985482902653544
2.390000 0.99999986573399701761
2.400000 0.99999987582300320366
2.410000 0.99999988514859794453
2.420000 0.99999989377783615740
2.430000 0.99999990175798747494
2.440000 0.99999990913601821685
2.450000 0.99999991596405946037
2.460000 0.99999992227618628160
2.470000 0.99999992811378479729
2.480000 0.99999993351591065505
2.490000 0.99999993850906720994
2.500000 0.99999994312815476682
2.510000 0.99999994740161146645
2.520000 0.99999995135170860472
2.530000 0.99999995500685057159
2.540000 0.99999995838704602846
2.550000 0.99999996151220316154
2.560000 0.99999996440439864465
2.570000 0.99999996707806138030
2.580000 0.99999996955072911753
2.590000 0.99999997183893918340
2.600000 0.99999997395391915234
2.610000 0.99999997591045541867
2.620000 0.99999997772058746293
2.630000 0.99999997939375318001
2.640000 0.99999998094198561116
2.650000 0.99999998237375320453
2.660000 0.99999998369749487637
2.670000 0.99999998492256003679
2.680000 0.99999998605505813210
2.690000 0.99999998710242132827
2.700000 0.99999998807165202397
2.710000 0.99999998896750608157
2.720000 0.99999998979624882267
2.730000 0.99999999056297650402
2.740000 0.99999999127168925916
2.750000 0.99999999192748401100
2.760000 0.99999999253394566967
2.770000 0.99999999309465104069
2.780000 0.99999999361355929040
2.790000 0.99999999409325768251
2.800000 0.99999999453689591977
2.810000 0.99999999494743840867
2.820000 0.99999999532690053705
2.830000 0.99999999567793640409
2.840000 0.99999999600270350619
2.850000 0.99999999630289726493
2.860000 0.99999999658067639796
2.870000 0.99999999683755858015
2.880000 0.99999999707506004309
2.890000 0.99999999729485700151
2.900000 0.99999999749804557858
2.910000 0.99999999768596004035
2.920000 0.99999999785985616008
2.930000 0.99999999802058692211
2.940000 0.99999999816927753749
2.950000 0.99999999830684083157
2.960000 0.99999999843399545174
2.970000 0.99999999855165633278
2.980000 0.99999999866046518360
2.990000 0.99999999876106482333
3.000000 0.99999999885416579470
3.010000 0.99999999894023150482
3.020000 0.99999999901982761230
3.030000 0.99999999909348591398
3.040000 0.99999999916156723234
3.050000 0.99999999922454907431
3.060000 0.99999999928281746442
3.070000 0.99999999933667715890
3.080000 0.99999999938651562559
3.090000 0.99999999943260453605
3.100000 0.99999999947521611698
3.110000 0.99999999951465157189
3.120000 0.99999999955110674410
3.130000 0.99999999958482177487
3.140000 0.99999999961602170639
3.150000 0.99999999964485963844
3.160000 0.99999999967153718750
3.170000 0.99999999969621833351
3.180000 0.99999999971903197338
3.190000 0.99999999974014242010
3.200000 0.99999999975966424870
3.210000 0.99999999977771369952
3.220000 0.99999999979441744902
3.230000 0.99999999980985920800
3.240000 0.99999999982414011779
3.250000 0.99999999983735554654
3.260000 0.99999999984957055332
3.270000 0.99999999986087040327
3.280000 0.99999999987132459633
3.290000 0.99999999988098797754
3.300000 0.99999999988992982480
3.310000 0.99999999989819898794
3.320000 0.99999999990584431675
3.330000 0.99999999991291965706
3.340000 0.99999999991946009192
3.350000 0.99999999992550936412
3.360000 0.99999999993110699759
3.370000 0.99999999993628096995
3.380000 0.99999999994106747447
3.390000 0.99999999994549559901
3.400000 0.99999999994958843619
3.410000 0.99999999995337640613
3.420000 0.99999999995687871568
3.430000 0.99999999996011701420
3.440000 0.99999999996311417227
3.450000 0.99999999996588451179
3.460000 0.99999999996844657346
3.470000 0.99999999997081789882
3.480000 0.99999999997300925703
3.490000 0.99999999997503685734
3.500000 0.99999999997691257914
3.510000 0.99999999997864630341
3.520000 0.99999999998025046466
3.530000 0.99999999998173427773
3.540000 0.99999999998310606930
3.550000 0.99999999998437516524
3.560000 0.99999999998554878200
3.570000 0.99999999998663413603
3.580000 0.99999999998763833275
3.590000 0.99999999998856670125
3.600000 0.99999999998942534774
3.610000 0.99999999999021993435
3.620000 0.99999999999095434688
3.630000 0.99999999999163369235
3.640000 0.99999999999226207859
3.650000 0.99999999999284328034
3.660000 0.99999999999338096135
3.670000 0.99999999999387778615
3.680000 0.99999999999433764053
3.690000 0.99999999999476296697
3.700000 0.99999999999515620797
3.710000 0.99999999999552013907
3.720000 0.99999999999585664767
3.730000 0.99999999999616762114
3.740000 0.99999999999645561299
3.750000 0.99999999999672162243
3.760000 0.99999999999696775888
3.770000 0.99999999999719568766
3.780000 0.99999999999740618595
3.790000 0.99999999999760080804
3.800000 0.99999999999778133031
3.810000 0.99999999999794786376
3.820000 0.99999999999810185169
3.830000 0.99999999999824440433
3.840000 0.99999999999837607678
3.850000 0.99999999999849831234
3.860000 0.99999999999861088895
3.870000 0.99999999999871502787
3.880000 0.99999999999881161727
3.890000 0.99999999999890087921
3.900000 0.99999999999898325775
3.910000 0.99999999999905964110
3.920000 0.99999999999913014026
3.930000 0.99999999999919531035
3.940000 0.99999999999925559546
3.950000 0.99999999999931132866
3.960000 0.99999999999936295403
3.970000 0.99999999999941058260
3.980000 0.99999999999945499152
3.990000 0.99999999999949562568
4.000000 0.99999999999953337326
4.010000 0.99999999999956812324
4.020000 0.99999999999960065278
4.030000 0.99999999999963062880
4.040000 0.99999999999965838438
4.050000 0.99999999999968391950
4.060000 0.99999999999970767828
4.070000 0.99999999999972954967
4.080000 0.99999999999974997777
4.090000 0.99999999999976885157
4.100000 0.99999999999978628207
4.110000 0.99999999999980215826
4.120000 0.99999999999981714627
4.130000 0.99999999999983080201
4.140000 0.99999999999984379162
4.150000 0.99999999999985567101
4.160000 0.99999999999986655119
4.170000 0.99999999999987676524
4.180000 0.99999999999988586907
4.190000 0.99999999999989441779
4.200000 0.99999999999990263344
4.210000 0.99999999999990984989
4.220000 0.99999999999991662225
4.230000 0.99999999999992261746
4.240000 0.99999999999992883470
4.250000 0.99999999999993383071
4.260000 0.99999999999993882671
4.270000 0.99999999999994326760
4.280000 0.99999999999994770850
4.290000 0.99999999999995148325
4.300000 0.99999999999995503597
4.310000 0.99999999999995847766
4.320000 0.99999999999996147526
4.330000 0.99999999999996402877
4.340000 0.99999999999996658229
4.350000 0.99999999999996902478
4.360000 0.99999999999997113420
4.370000 0.99999999999997324363
4.380000 0.99999999999997513100
4.390000 0.99999999999997679634
4.400000 0.99999999999997823963
4.410000 0.99999999999997979394
4.420000 0.99999999999998123723
4.430000 0.99999999999998256950
4.440000 0.99999999999998356870
4.450000 0.99999999999998501199
4.460000 0.99999999999998590017
4.470000 0.99999999999998689937
4.480000 0.99999999999998767652
4.490000 0.99999999999998834266
4.500000 0.99999999999998945288
4.510000 0.99999999999998989697
4.520000 0.99999999999999056310
4.530000 0.99999999999999111822
4.540000 0.99999999999999178435
4.550000 0.99999999999999222844
4.560000 0.99999999999999278355
4.570000 0.99999999999999333866
4.580000 0.99999999999999367173
4.590000 0.99999999999999411582
4.600000 0.99999999999999467093
4.610000 0.99999999999999467093
4.620000 0.99999999999999511502
4.630000 0.99999999999999533706
4.640000 0.99999999999999544809
4.650000 0.99999999999999589217
4.660000 0.99999999999999600320
4.670000 0.99999999999999633626
4.680000 0.99999999999999655831
4.690000 0.99999999999999655831
4.700000 0.99999999999999700240
4.710000 0.99999999999999700240
4.720000 0.99999999999999722444
4.730000 0.99999999999999744649
4.740000 0.99999999999999722444
4.750000 0.99999999999999755751
4.760000 0.99999999999999755751
4.770000 0.99999999999999766853
4.780000 0.99999999999999777955
4.790000 0.99999999999999777955
4.800000 0.99999999999999800160
4.810000 0.99999999999999811262
4.820000 0.99999999999999811262
4.830000 0.99999999999999811262
4.840000 0.99999999999999811262
4.850000 0.99999999999999822364
4.860000 0.99999999999999811262
4.870000 0.99999999999999833467
4.880000 0.99999999999999822364
4.890000 0.99999999999999822364
4.900000 0.99999999999999833467
4.910000 0.99999999999999822364
4.920000 0.99999999999999822364
4.930000 0.99999999999999822364
4.940000 0.99999999999999822364
4.950000 0.99999999999999822364
4.960000 0.99999999999999822364
4.970000 0.99999999999999811262
4.980000 0.99999999999999811262
4.990000 0.99999999999999811262
5.000000 0.99999999999999811262
5.010000 0.99999999999999811262
5.020000 0.99999999999999811262
5.030000 0.99999999999999822364
5.040000 0.99999999999999800160
5.050000 0.99999999999999822364
5.060000 0.99999999999999811262
5.070000 0.99999999999999811262
5.080000 0.99999999999999811262
5.090000 0.99999999999999811262
5.100000 0.99999999999999822364
5.110000 0.99999999999999822364
5.120000 0.99999999999999811262
5.130000 0.99999999999999811262
5.140000 0.99999999999999833467
5.150000 0.99999999999999833467
5.160000 0.99999999999999822364
5.170000 0.99999999999999811262
5.180000 0.99999999999999811262
5.190000 0.99999999999999811262
5.200000 0.99999999999999800160
5.210000 0.99999999999999811262
5.220000 0.99999999999999800160
5.230000 0.99999999999999822364
5.240000 0.99999999999999811262
5.250000 0.99999999999999800160
5.260000 0.99999999999999811262
5.270000 0.99999999999999800160
5.280000 0.99999999999999800160
5.290000 0.99999999999999811262
5.300000 0.99999999999999811262
5.310000 0.99999999999999822364
5.320000 0.99999999999999811262
5.330000 0.99999999999999822364
5.340000 0.99999999999999811262
5.350000 0.99999999999999811262
5.360000 0.99999999999999811262
5.370000 0.99999999999999811262
5.380000 0.99999999999999822364
5.390000 0.99999999999999822364
5.400000 0.99999999999999822364
5.410000 0.99999999999999822364
5.420000 0.99999999999999822364
5.430000 0.99999999999999833467
5.440000 0.99999999999999822364
5.450000 0.99999999999999811262
5.460000 0.99999999999999811262
5.470000 0.99999999999999822364
5.480000 0.99999999999999833467
5.490000 0.99999999999999822364
5.500000 0.99999999999999833467
5.510000 0.99999999999999822364
5.520000 0.99999999999999822364
5.530000 0.99999999999999822364
5.540000 0.99999999999999822364
5.550000 0.99999999999999811262
5.560000 0.99999999999999811262
5.570000 0.99999999999999811262
5.580000 0.99999999999999822364
5.590000 0.99999999999999822364
5.600000 0.99999999999999811262
5.610000 0.99999999999999822364
5.620000 0.99999999999999822364
5.630000 0.99999999999999833467
5.640000 0.99999999999999822364
5.650000 0.99999999999999822364
5.660000 0.99999999999999833467
5.670000 0.99999999999999822364
5.680000 0.99999999999999822364
5.690000 0.99999999999999822364
5.700000 0.99999999999999822364
5.710000 0.99999999999999822364
5.720000 0.99999999999999822364
5.730000 0.99999999999999822364
5.740000 0.99999999999999833467
5.750000 0.99999999999999833467
5.760000 0.99999999999999833467
5.770000 0.99999999999999833467
5.780000 0.99999999999999833467
5.790000 0.99999999999999822364
5.800000 0.99999999999999822364
5.810000 0.99999999999999822364
5.820000 0.99999999999999822364
5.830000 0.99999999999999822364
5.840000 0.99999999999999822364
5.850000 0.99999999999999833467
5.860000 0.99999999999999811262
5.870000 0.99999999999999822364
5.880000 0.99999999999999811262
5.890000 0.99999999999999822364
5.900000 0.99999999999999822364
5.910000 0.99999999999999822364
5.920000 0.99999999999999811262
5.930000 0.99999999999999822364
5.940000 0.99999999999999811262
5.950000 0.99999999999999822364
5.960000 0.99999999999999833467
5.970000 0.99999999999999822364
5.980000 0.99999999999999822364
5.990000 0.99999999999999822364
6.000000 0.99999999999999811262
6.010000 0.99999999999999833467
6.020000 0.99999999999999833467
6.030000 0.99999999999999833467
6.040000 0.99999999999999822364
6.050000 0.99999999999999822364
6.060000 0.99999999999999822364
6.070000 0.99999999999999822364
6.080000 0.99999999999999833467
6.090000 0.99999999999999822364
6.100000 0.99999999999999833467
6.110000 0.99999999999999822364
6.120000 0.99999999999999822364
6.130000 0.99999999999999811262
6.140000 0.99999999999999822364
6.150000 0.99999999999999800160
6.160000 0.99999999999999811262
6.170000 0.99999999999999800160
6.180000 0.99999999999999811262
6.190000 0.99999999999999822364
6.200000 0.99999999999999811262
6.210000 0.99999999999999811262
6.220000 0.99999999999999822364
6.230000 0.99999999999999822364
6.240000 0.99999999999999822364
6.250000 0.99999999999999822364
6.260000 0.99999999999999833467
6.270000 0.99999999999999822364
6.280000 0.99999999999999811262
6.290000 0.99999999999999822364
6.300000 0.99999999999999800160
6.310000 0.99999999999999822364
6.320000 0.99999999999999822364
6.330000 0.99999999999999833467
6.340000 0.99999999999999822364
6.350000 0.99999999999999822364
6.360000 0.99999999999999822364
6.370000 0.99999999999999822364
6.380000 0.99999999999999811262
6.390000 0.99999999999999811262
6.400000 0.99999999999999822364
6.410000 0.99999999999999811262
6.420000 0.99999999999999822364
6.430000 0.99999999999999811262
6.440000 0.99999999999999811262
6.450000 0.99999999999999822364
6.460000 0.99999999999999833467
6.470000 0.99999999999999833467
6.480000 0.99999999999999822364
6.490000 0.99999999999999822364
6.500000 0.99999999999999822364
6.510000 0.99999999999999811262
6.520000 0.99999999999999811262
6.530000 0.99999999999999822364
6.540000 0.99999999999999833467
6.550000 0.99999999999999822364
6.560000 0.99999999999999822364
6.570000 0.99999999999999833467
6.580000 0.99999999999999822364
6.590000 0.99999999999999822364
6.600000 0.99999999999999811262
6.610000 0.99999999999999833467
6.620000 0.99999999999999833467
6.630000 0.99999999999999811262
6.640000 0.99999999999999833467
6.650000 0.99999999999999833467
6.660000 0.99999999999999822364
6.670000 0.99999999999999800160
6.680000 0.99999999999999822364
6.690000 0.99999999999999822364
6.700000 0.99999999999999822364
6.710000 0.99999999999999822364
6.720000 0.99999999999999822364
6.730000 0.99999999999999822364
6.740000 0.99999999999999833467
6.750000 0.99999999999999822364
6.760000 0.99999999999999811262
6.770000 0.99999999999999822364
6.780000 0.99999999999999822364
6.790000 0.99999999999999822364
6.800000 0.99999999999999822364
6.810000 0.99999999999999811262
6.820000 0.99999999999999822364
6.830000 0.99999999999999800160
6.840000 0.99999999999999811262
6.850000 0.99999999999999822364
6.860000 0.99999999999999811262
6.870000 0.99999999999999822364
6.880000 0.99999999999999822364
6.890000 0.99999999999999811262
6.900000 0.99999999999999822364
6.910000 0.99999999999999811262
6.920000 0.99999999999999822364
6.930000 0.99999999999999811262
6.940000 0.99999999999999822364
6.950000 0.99999999999999822364
6.960000 0.99999999999999833467
6.970000 0.99999999999999822364
6.980000 0.99999999999999811262
6.990000 0.99999999999999822364
7.000000 0.99999999999999822364
7.010000 0.99999999999999811262
7.020000 0.99999999999999822364
7.030000 0.99999999999999822364
7.040000 0.99999999999999822364
7.050000 0.99999999999999822364
7.060000 0.99999999999999822364
7.070000 0.99999999999999833467
7.080000 0.99999999999999822364
7.090000 0.99999999999999811262
7.100000 0.99999999999999822364
7.110000 0.99999999999999822364
7.120000 0.99999999999999822364
7.130000 0.99999999999999822364
7.140000 0.99999999999999811262
7.150000 0.99999999999999811262
7.160000 0.99999999999999811262
7.170000 0.99999999999999833467
7.180000 0.99999999999999822364
7.190000 0.99999999999999811262
7.200000 0.99999999999999811262
7.210000 0.99999999999999811262
7.220000 0.99999999999999822364
7.230000 0.99999999999999822364
7.240000 0.99999999999999822364
7.250000 0.99999999999999833467
7.260000 0.99999999999999822364
7.270000 0.99999999999999811262
7.280000 0.99999999999999833467
7.290000 0.99999999999999811262
7.300000 0.99999999999999811262
7.310000 0.99999999999999811262
7.320000 0.99999999999999822364
7.330000 0.99999999999999822364
7.340000 0.99999999999999822364
7.350000 0.99999999999999822364
7.360000 0.99999999999999833467
7.370000 0.99999999999999833467
7.380000 0.99999999999999822364
7.390000 0.99999999999999822364
7.400000 0.99999999999999822364
7.410000 0.99999999999999822364
7.420000 0.99999999999999822364
7.430000 0.99999999999999822364
7.440000 0.99999999999999811262
7.450000 0.99999999999999822364
7.460000 0.99999999999999822364
7.470000 0.99999999999999855671
7.480000 0.99999999999999833467
7.490000 0.99999999999999822364
7.500000 0.99999999999999833467
7.510000 0.99999999999999855671
7.520000 0.99999999999999833467
7.530000 0.99999999999999855671
7.540000 0.99999999999999833467
7.550000 0.99999999999999833467
7.560000 0.99999999999999833467
7.570000 0.99999999999999855671
7.580000 0.99999999999999833467
7.590000 0.99999999999999855671
7.600000 0.99999999999999855671
7.610000 0.99999999999999855671
7.620000 0.99999999999999855671
7.630000 0.99999999999999855671
7.640000 0.99999999999999822364
7.650000 0.99999999999999833467
7.660000 0.99999999999999833467
7.670000 0.99999999999999833467
7.680000 0.99999999999999833467
7.690000 0.99999999999999833467
7.700000 0.99999999999999855671
7.710000 0.99999999999999855671
7.720000 0.99999999999999855671
7.730000 0.99999999999999833467
7.740000 0.99999999999999855671
7.750000 0.99999999999999855671
7.760000 0.99999999999999855671
7.770000 0.99999999999999833467
7.780000 0.99999999999999866773
7.790000 0.99999999999999833467
7.800000 0.99999999999999866773
7.810000 0.99999999999999833467
7.820000 0.99999999999999877875
7.830000 0.99999999999999866773
7.840000 0.99999999999999833467
7.850000 0.99999999999999855671
7.860000 0.99999999999999855671
7.870000 0.99999999999999866773
7.880000 0.99999999999999833467
7.890000 0.99999999999999833467
7.900000 0.99999999999999833467
7.910000 0.99999999999999833467
7.920000 0.99999999999999833467
7.930000 0.99999999999999866773
7.940000 0.99999999999999866773
7.950000 0.99999999999999866773
7.960000 0.99999999999999866773
7.970000 0.99999999999999866773
7.980000 0.99999999999999888978
7.990000 0.99999999999999888978
8.000000 0.99999999999999900080
8.010000 0.99999999999999866773
8.020000 0.99999999999999866773
8.030000 0.99999999999999866773
8.040000 0.99999999999999855671
8.050000 0.99999999999999866773
8.060000 0.99999999999999866773
8.070000 0.99999999999999866773
8.080000 0.99999999999999877875
8.090000 0.99999999999999877875
8.100000 0.99999999999999888978
8.110000 0.99999999999999888978
8.120000 0.99999999999999888978
8.130000 0.99999999999999888978
8.140000 0.99999999999999900080
8.150000 0.99999999999999900080
8.160000 0.99999999999999900080
8.170000 0.99999999999999900080
8.180000 0.99999999999999888978
8.190000 0.99999999999999888978
8.200000 0.99999999999999900080
8.210000 0.99999999999999900080
8.220000 0.99999999999999922284
8.230000 0.99999999999999933387
8.240000 0.99999999999999933387
8.250000 0.99999999999999933387
8.260000 0.99999999999999933387
8.270000 0.99999999999999944489
8.280000 0.99999999999999944489
8.290000 0.99999999999999955591
8.300000 0.99999999999999955591
8.310000 0.99999999999999955591
8.320000 0.99999999999999955591
8.330000 0.99999999999999977796
8.340000 0.99999999999999955591
8.350000 0.99999999999999977796
8.360000 0.99999999999999977796
8.370000 0.99999999999999988898
8.380000 0.99999999999999988898
8.390000 0.99999999999999988898
8.400000 1.00000000000000000000
8.410000 1.00000000000000000000
8.420000 1.00000000000000000000
8.430000 0.99999999999999988898
8.440000 0.99999999999999977796
8.450000 0.99999999999999988898
8.460000 0.99999999999999988898
8.470000 0.99999999999999988898
8.480000 0.99999999999999988898
8.490000 0.99999999999999988898
8.500000 1.00000000000000000000
8.510000 0.99999999999999988898
8.520000 0.99999999999999988898
8.530000 0.99999999999999988898
8.540000 0.99999999999999988898
8.550000 0.99999999999999988898
8.560000 1.00000000000000000000
8.570000 0.99999999999999977796
8.580000 0.99999999999999988898
8.590000 0.99999999999999988898
8.600000 0.99999999999999988898
8.610000 0.99999999999999988898
8.620000 1.00000000000000000000
8.630000 0.99999999999999977796
8.640000 0.99999999999999988898
8.650000 0.99999999999999988898
8.660000 1.00000000000000000000
8.670000 0.99999999999999988898
8.680000 0.99999999999999988898
8.690000 0.99999999999999988898
8.700000 0.99999999999999988898
8.710000 0.99999999999999988898
8.720000 0.99999999999999988898
8.730000 0.99999999999999988898
8.740000 0.99999999999999988898
8.750000 1.00000000000000000000
8.760000 1.00000000000000000000
8.770000 0.99999999999999988898
8.780000 0.99999999999999988898
8.790000 0.99999999999999988898
8.800000 0.99999999999999988898
8.810000 1.00000000000000000000
8.820000 1.00000000000000000000
8.830000 0.99999999999999988898
8.840000 0.99999999999999988898
8.850000 0.99999999999999988898
8.860000 0.99999999999999988898
8.870000 0.99999999999999988898
8.880000 0.99999999999999988898
8.890000 0.99999999999999988898
8.900000 0.99999999999999988898
8.910000 1.00000000000000000000
8.920000 0.99999999999999988898
8.930000 0.99999999999999988898
8.940000 0.99999999999999988898
8.950000 0.99999999999999988898
8.960000 0.99999999999999988898
8.970000 0.99999999999999988898
8.980000 0.99999999999999988898
8.990000 0.99999999999999988898
9.000000 0.99999999999999988898
9.010000 1.00000000000000000000
9.020000 0.99999999999999988898
9.030000 1.00000000000000000000
9.040000 1.00000000000000000000
9.050000 0.99999999999999988898
9.060000 1.00000000000000000000
9.070000 1.00000000000000000000
9.080000 0.99999999999999988898
9.090000 0.99999999999999988898
9.100000 0.99999999999999988898
9.110000 0.99999999999999988898
9.120000 0.99999999999999988898
9.130000 1.00000000000000000000
9.140000 0.99999999999999988898
9.150000 0.99999999999999988898
9.160000 0.99999999999999988898
9.170000 0.99999999999999988898
9.180000 0.99999999999999988898
9.190000 0.99999999999999988898
9.200000 0.99999999999999988898
9.210000 0.99999999999999988898
9.220000 1.00000000000000000000
9.230000 0.99999999999999988898
9.240000 0.99999999999999988898
9.250000 0.99999999999999988898
9.260000 1.00000000000000000000
9.270000 0.99999999999999988898
9.280000 1.00000000000000000000
9.290000 1.00000000000000000000
9.300000 0.99999999999999988898
9.310000 1.00000000000000000000
9.320000 1.00000000000000000000
9.330000 0.99999999999999988898
9.340000 0.99999999999999988898
9.350000 1.00000000000000000000
9.360000 0.99999999999999988898
9.370000 0.99999999999999988898
9.380000 0.99999999999999988898
9.390000 0.99999999999999988898
9.400000 0.99999999999999988898
9.410000 1.00000000000000000000
9.420000 1.00000000000000000000
9.430000 0.99999999999999988898
9.440000 0.99999999999999988898
9.450000 0.99999999999999988898
9.460000 0.99999999999999988898
9.470000 1.00000000000000000000
9.480000 0.99999999999999988898
9.490000 0.99999999999999988898
9.500000 0.99999999999999988898
9.510000 1.00000000000000000000
9.520000 0.99999999999999988898
9.530000 1.00000000000000000000
9.540000 0.99999999999999988898
9.550000 0.99999999999999988898
9.560000 0.99999999999999988898
9.570000 0.99999999999999988898
9.580000 0.99999999999999988898
9.590000 0.99999999999999988898
9.600000 0.99999999999999988898
9.610000 0.99999999999999988898
9.620000 0.99999999999999988898
9.630000 0.99999999999999988898
9.640000 1.00000000000000000000
9.650000 0.99999999999999988898
9.660000 1.00000000000000000000
9.670000 1.00000000000000000000
9.680000 0.99999999999999988898
9.690000 0.99999999999999988898
9.700000 0.99999999999999988898
9.710000 1.00000000000000000000
9.720000 1.00000000000000000000
9.730000 0.99999999999999988898
9.740000 0.99999999999999988898
9.750000 0.99999999999999988898
9.760000 0.99999999999999988898
9.770000 0.99999999999999988898
9.780000 0.99999999999999988898
9.790000 1.00000000000000000000
9.800000 0.99999999999999988898
9.810000 0.99999999999999988898
9.820000 1.00000000000000000000
9.830000 0.99999999999999988898
9.840000 0.99999999999999988898
9.850000 0.99999999999999988898
9.860000 1.00000000000000000000
9.870000 1.00000000000000000000
9.880000 0.99999999999999988898
9.890000 1.00000000000000000000
9.900000 0.99999999999999988898
9.910000 1.00000000000000000000
9.920000 1.00000000000000000000
9.930000 1.00000000000000000000
9.940000 0.99999999999999988898
9.950000 1.00000000000000000000
9.960000 0.99999999999999977796
9.970000 0.99999999999999988898
9.980000 1.00000000000000000000
9.990000 0.99999999999999988898
10.000000 0.99999999999999988898
10.010000 1.00000000000000000000
10.020000 0.99999999999999988898
10.030000 0.99999999999999988898
10.040000 1.00000000000000000000
10.050000 0.99999999999999988898
10.060000 0.99999999999999988898
10.070000 1.00000000000000000000
10.080000 0.99999999999999988898
10.090000 0.99999999999999988898
10.100000 0.99999999999999988898
10.110000 0.99999999999999988898
10.120000 0.99999999999999988898
10.130000 0.99999999999999988898
10.140000 0.99999999999999988898
10.150000 0.99999999999999988898
10.160000 0.99999999999999988898
10.170000 1.00000000000000000000
10.180000 0.99999999999999988898
10.190000 0.99999999999999988898
10.200000 1.00000000000000000000
10.210000 0.99999999999999988898
10.220000 0.99999999999999988898
10.230000 0.99999999999999988898
10.240000 0.99999999999999988898
10.250000 0.99999999999999988898
10.260000 1.00000000000000000000
10.270000 1.00000000000000000000
10.280000 0.99999999999999988898
10.290000 1.00000000000000000000
10.300000 0.99999999999999988898
10.310000 0.99999999999999988898
10.320000 1.00000000000000000000
10.330000 1.00000000000000000000
10.340000 0.99999999999999988898
10.350000 0.99999999999999988898
10.360000 0.99999999999999988898
10.370000 0.99999999999999988898
10.380000 0.99999999999999988898
10.390000 0.99999999999999988898
10.400000 0.99999999999999988898
10.410000 0.99999999999999988898
10.420000 1.00000000000000000000
10.430000 0.99999999999999988898
10.440000 1.00000000000000000000
10.450000 0.99999999999999988898
10.460000 0.99999999999999988898
10.470000 0.99999999999999988898
10.480000 0.99999999999999988898
10.490000 0.99999999999999988898
10.500000 0.99999999999999988898
10.510000 0.99999999999999988898
10.520000 1.00000000000000000000
10.530000 0.99999999999999988898
10.540000 0.99999999999999988898
10.550000 1.00000000000000000000
10.560000 0.99999999999999988898
10.570000 1.00000000000000000000
10.580000 1.00000000000000000000
10.590000 0.99999999999999988898
10.600000 0.99999999999999988898
10.610000 0.99999999999999988898
10.620000 0.99999999999999988898
10.630000 0.99999999999999988898
10.640000 0.99999999999999988898
10.650000 0.99999999999999988898
10.660000 0.99999999999999988898
10.670000 0.99999999999999988898
10.680000 0.99999999999999988898
10.690000 0.99999999999999988898
10.700000 1.00000000000000000000
10.710000 0.99999999999999988898
10.720000 0.99999999999999977796
10.730000 1.00000000000000000000
10.740000 0.99999999999999988898
10.750000 0.99999999999999988898
10.760000 0.99999999999999988898
10.770000 1.00000000000000000000
10.780000 0.99999999999999988898
10.790000 0.99999999999999988898
10.800000 0.99999999999999988898
10.810000 0.99999999999999988898
10.820000 1.00000000000000000000
10.830000 1.00000000000000000000
10.840000 0.99999999999999988898
10.850000 0.99999999999999988898
10.860000 0.99999999999999988898
10.870000 0.99999999999999988898
10.880000 0.99999999999999988898
10.890000 0.99999999999999988898
10.900000 0.99999999999999988898
10.910000 0.99999999999999988898
10.920000 1.00000000000000000000
10.930000 1.00000000000000000000
10.940000 0.99999999999999988898
10.950000 1.00000000000000000000
10.960000 0.99999999999999988898
10.970000 0.99999999999999988898
10.980000 1.00000000000000000000
10.990000 0.99999999999999988898
11.000000 0.99999999999999988898
11.010000 0.99999999999999988898
11.020000 1.00000000000000000000
11.030000 0.99999999999999988898
11.040000 0.99999999999999988898
11.050000 0.99999999999999988898
11.060000 0.99999999999999988898
11.070000 0.99999999999999988898
11.080000 1.00000000000000000000
11.090000 0.99999999999999988898
11.100000 0.99999999999999988898
11.110000 0.99999999999999988898
11.120000 0.99999999999999988898
11.130000 0.99999999999999988898
11.140000 0.99999999999999988898
11.150000 1.00000000000000000000
11.160000 0.99999999999999988898
11.170000 1.00000000000000000000
11.180000 1.00000000000000000000
11.190000 0.99999999999999988898
11.200000 1.00000000000000000000
11.210000 0.99999999999999988898
11.220000 0.99999999999999988898
11.230000 1.00000000000000000000
11.240000 0.99999999999999988898
11.250000 0.99999999999999988898
11.260000 0.99999999999999988898
11.270000 0.99999999999999988898
11.280000 0.99999999999999988898
11.290000 0.99999999999999988898
11.300000 0.99999999999999988898
11.310000 0.99999999999999988898
11.320000 0.99999999999999988898
11.330000 1.00000000000000000000
11.340000 0.99999999999999988898
11.350000 0.99999999999999988898
11.360000 0.99999999999999988898
11.370000 0.99999999999999988898
11.380000 1.00000000000000000000
11.390000 0.99999999999999988898
11.400000 1.00000000000000000000
11.410000 0.99999999999999988898
11.420000 1.00000000000000000000
11.430000 1.00000000000000000000
11.440000 1.00000000000000000000
11.450000 0.99999999999999988898
11.460000 0.99999999999999988898
11.470000 0.99999999999999988898
11.480000 0.99999999999999988898
11.490000 1.00000000000000000000
11.500000 0.99999999999999988898
11.510000 0.99999999999999988898
11.520000 0.99999999999999988898
11.530000 0.99999999999999988898
11.540000 0.99999999999999988898
11.550000 1.00000000000000000000
11.560000 0.99999999999999988898
11.570000 0.99999999999999988898
11.580000 1.00000000000000000000
11.590000 0.99999999999999988898
11.600000 1.00000000000000000000
11.610000 0.99999999999999988898
11.620000 0.99999999999999988898
11.630000 0.99999999999999988898
11.640000 0.99999999999999988898
11.650000 0.99999999999999988898
11.660000 0.99999999999999988898
11.670000 0.99999999999999988898
11.680000 1.00000000000000000000
11.690000 0.99999999999999988898
11.700000 0.99999999999999988898
11.710000 0.99999999999999988898
11.720000 0.99999999999999988898
11.730000 0.99999999999999988898
11.740000 1.00000000000000000000
11.750000 0.99999999999999988898
11.760000 0.99999999999999988898
11.770000 1.00000000000000000000
11.780000 0.99999999999999988898
11.790000 0.99999999999999988898
11.800000 1.00000000000000000000
11.810000 0.99999999999999988898
11.820000 0.99999999999999988898
11.830000 1.00000000000000000000
11.840000 0.99999999999999988898
11.850000 0.99999999999999988898
11.860000 0.99999999999999988898
11.870000 0.99999999999999988898
11.880000 0.99999999999999988898
11.890000 1.00000000000000000000
11.900000 0.99999999999999988898
11.910000 0.99999999999999988898
11.920000 0.99999999999999988898
11.930000 1.00000000000000000000
11.940000 0.99999999999999988898
11.950000 0.99999999999999988898
11.960000 1.00000000000000000000
11.970000 0.99999999999999988898
11.980000 1.00000000000000000000
11.990000 0.99999999999999988898
12.000000 1.00000000000000000000
12.010000 0.99999999999999988898
12.020000 0.99999999999999988898
12.030000 0.99999999999999988898
12.040000 0.99999999999999988898
12.050000 0.99999999999999988898
12.060000 1.00000000000000000000
12.070000 0.99999999999999988898
12.080000 1.00000000000000000000
12.090000 1.00000000000000000000
12.100000 0.99999999999999977796
12.110000 0.99999999999999988898
12.120000 0.99999999999999988898
12.130000 0.99999999999999977796
12.140000 0.99999999999999988898
12.150000 0.99999999999999988898
12.160000 0.99999999999999988898
12.170000 0.99999999999999988898
12.180000 0.99999999999999988898
12.190000 0.99999999999999977796
12.200000 0.99999999999999988898
12.210000 0.99999999999999988898
12.220000 0.99999999999999988898
12.230000 0.99999999999999988898
12.240000 1.00000000000000000000
12.250000 0.99999999999999988898
12.260000 0.99999999999999988898
12.270000 0.99999999999999988898
12.280000 0.99999999999999988898
12.290000 1.00000000000000000000
12.300000 0.99999999999999988898
12.310000 1.00000000000000000000
12.320000 0.99999999999999988898
12.330000 1.00000000000000000000
12.340000 1.00000000000000000000
12.350000 0.99999999999999988898
12.360000 0.99999999999999988898
12.370000 1.00000000000000000000
12.380000 0.99999999999999988898
12.390000 0.99999999999999988898
12.400000 1.00000000000000000000
12.410000 0.99999999999999977796
12.420000 0.99999999999999988898
12.430000 1.00000000000000000000
12.440000 0.99999999999999977796
12.450000 0.99999999999999988898
12.460000 1.00000000000000000000
12.470000 0.99999999999999988898
12.480000 0.99999999999999988898
12.490000 1.00000000000000000000
12.500000 0.99999999999999988898
12.510000 0.99999999999999988898
12.520000 0.99999999999999988898
12.530000 0.99999999999999988898
12.540000 0.99999999999999988898
12.550000 0.99999999999999988898
12.560000 0.99999999999999988898
12.570000 0.99999999999999988898
12.580000 0.99999999999999988898
12.590000 1.00000000000000000000
12.600000 0.99999999999999988898
12.610000 0.99999999999999988898
12.620000 1.00000000000000000000
12.630000 0.99999999999999988898
12.640000 0.99999999999999988898
12.650000 0.99999999999999988898
12.660000 0.99999999999999988898
12.670000 0.99999999999999988898
12.680000 1.00000000000000000000
12.690000 1.00000000000000000000
12.700000 0.99999999999999988898
12.710000 1.00000000000000000000
12.720000 0.99999999999999988898
12.730000 0.99999999999999988898
12.740000 1.00000000000000000000
12.750000 1.00000000000000000000
12.760000 0.99999999999999988898
12.770000 0.99999999999999988898
12.780000 0.99999999999999988898
12.790000 0.99999999999999988898
12.800000 0.99999999999999988898
12.810000 0.99999999999999988898
12.820000 0.99999999999999988898
12.830000 0.99999999999999988898
12.840000 1.00000000000000000000
12.850000 0.99999999999999988898
12.860000 0.99999999999999988898
12.870000 0.99999999999999988898
12.880000 0.99999999999999988898
12.890000 1.00000000000000000000
12.900000 0.99999999999999988898
12.910000 1.00000000000000000000
12.920000 0.99999999999999988898
12.930000 1.00000000000000000000
12.940000 1.00000000000000000000
12.950000 0.99999999999999988898
12.960000 0.99999999999999988898
12.970000 1.00000000000000000000
12.980000 0.99999999999999988898
12.990000 1.00000000000000000000
13.000000 1.00000000000000000000
13.010000 0.99999999999999988898
13.020000 0.99999999999999988898
13.030000 0.99999999999999988898
13.040000 0.99999999999999988898
13.050000 0.99999999999999988898
13.060000 0.99999999999999988898
13.070000 0.99999999999999988898
13.080000 0.99999999999999988898
13.090000 1.00000000000000000000
13.100000 0.99999999999999988898
13.110000 1.00000000000000000000
13.120000 0.99999999999999988898
13.130000 0.99999999999999988898
13.140000 0.99999999999999988898
13.150000 0.99999999999999988898
13.160000 0.99999999999999988898
13.170000 0.99999999999999988898
13.180000 0.99999999999999988898
13.190000 1.00000000000000000000
13.200000 0.99999999999999988898
13.210000 0.99999999999999988898
13.220000 1.00000000000000000000
13.230000 0.99999999999999988898
13.240000 0.99999999999999988898
13.250000 1.00000000000000000000
13.260000 0.99999999999999988898
13.270000 0.99999999999999988898
13.280000 0.99999999999999988898
13.290000 1.00000000000000000000
13.300000 0.99999999999999988898
13.310000 1.00000000000000000000
13.320000 0.99999999999999988898
13.330000 0.99999999999999988898
13.340000 1.00000000000000000000
13.350000 0.99999999999999988898
13.360000 0.99999999999999988898
13.370000 1.00000000000000000000
13.380000 0.99999999999999988898
13.390000 0.99999999999999988898
13.400000 0.99999999999999988898
13.410000 0.99999999999999988898
13.420000 0.99999999999999988898
13.430000 0.99999999999999988898
13.440000 1.00000000000000000000
13.450000 0.99999999999999988898
13.460000 0.99999999999999988898
13.470000 1.00000000000000000000
13.480000 0.99999999999999988898
13.490000 0.99999999999999988898
13.500000 1.00000000000000000000
13.510000 1.00000000000000000000
13.520000 0.99999999999999988898
13.530000 0.99999999999999988898
13.540000 0.99999999999999988898
13.550000 0.99999999999999988898
13.560000 0.99999999999999988898
13.570000 1.00000000000000000000
13.580000 0.99999999999999988898
13.590000 1.00000000000000000000
13.600000 1.00000000000000000000
13.610000 0.99999999999999988898
13.620000 1.00000000000000000000
13.630000 0.99999999999999988898
13.640000 0.99999999999999988898
13.650000 1.00000000000000000000
13.660000 0.99999999999999988898
13.670000 0.99999999999999988898
13.680000 0.99999999999999988898
13.690000 0.99999999999999988898
13.700000 0.99999999999999988898
13.710000 0.99999999999999988898
13.720000 0.99999999999999988898
13.730000 0.99999999999999988898
13.740000 0.99999999999999977796
13.750000 1.00000000000000000000
13.760000 0.99999999999999988898
13.770000 0.99999999999999988898
13.780000 0.99999999999999988898
13.790000 0.99999999999999988898
13.800000 0.99999999999999988898
13.810000 0.99999999999999988898
13.820000 1.00000000000000000000
13.830000 0.99999999999999988898
13.840000 1.00000000000000000000
13.850000 1.00000000000000000000
13.860000 0.99999999999999988898
13.870000 1.00000000000000000000
13.880000 0.99999999999999988898
13.890000 1.00000000000000000000
13.900000 0.99999999999999988898
13.910000 1.00000000000000000000
13.920000 0.99999999999999988898
13.930000 1.00000000000000000000
13.940000 0.99999999999999988898
13.950000 0.99999999999999988898
13.960000 0.99999999999999988898
13.970000 1.00000000000000000000
13.980000 0.99999999999999988898
13.990000 0.99999999999999988898
14.000000 1.00000000000000000000
14.010000 0.99999999999999977796
14.020000 0.99999999999999988898
14.030000 0.99999999999999988898
14.040000 0.99999999999999988898
14.050000 0.99999999999999988898
14.060000 0.99999999999999988898
14.070000 0.99999999999999988898
14.080000 0.99999999999999988898
14.090000 0.99999999999999988898
14.100000 1.00000000000000000000
14.110000 0.99999999999999988898
14.120000 0.99999999999999988898
14.130000 1.00000000000000000000
14.140000 0.99999999999999988898
14.150000 0.99999999999999988898
14.160000 1.00000000000000000000
14.170000 0.99999999999999977796
14.180000 0.99999999999999988898
14.190000 1.00000000000000000000
14.200000 0.99999999999999988898
14.210000 0.99999999999999988898
14.220000 1.00000000000000000000
14.230000 0.99999999999999988898
14.240000 0.99999999999999988898
14.250000 1.00000000000000000000
14.260000 0.99999999999999988898
14.270000 0.99999999999999988898
14.280000 1.00000000000000000000
14.290000 0.99999999999999988898
14.300000 0.99999999999999988898
14.310000 1.00000000000000000000
14.320000 0.99999999999999988898
14.330000 0.99999999999999988898
14.340000 0.99999999999999988898
14.350000 1.00000000000000000000
14.360000 0.99999999999999988898
14.370000 0.99999999999999988898
14.380000 1.00000000000000000000
14.390000 0.99999999999999988898
14.400000 1.00000000000000000000
14.410000 0.99999999999999988898
14.420000 0.99999999999999988898
14.430000 0.99999999999999988898
14.440000 1.00000000000000000000
14.450000 0.99999999999999988898
14.460000 0.99999999999999988898
14.470000 0.99999999999999988898
14.480000 1.00000000000000000000
14.490000 0.99999999999999988898
14.500000 1.00000000000000000000
14.510000 1.00000000000000000000
14.520000 0.99999999999999988898
14.530000 1.00000000000000000000
14.540000 0.99999999999999988898
14.550000 0.99999999999999988898
14.560000 0.99999999999999988898
14.570000 0.99999999999999988898
14.580000 0.99999999999999988898
14.590000 0.99999999999999977796
14.600000 0.99999999999999988898
14.610000 0.99999999999999988898
14.620000 0.99999999999999988898
14.630000 0.99999999999999988898
14.640000 0.99999999999999977796
14.650000 0.99999999999999977796
14.660000 0.99999999999999988898
14.670000 0.99999999999999988898
14.680000 0.99999999999999988898
14.690000 0.99999999999999988898
14.700000 0.99999999999999988898
14.710000 0.99999999999999988898
14.720000 0.99999999999999988898
14.730000 1.00000000000000000000
14.740000 0.99999999999999988898
14.750000 1.00000000000000000000
14.760000 1.00000000000000000000
14.770000 0.99999999999999988898
14.780000 1.00000000000000000000
14.790000 0.99999999999999988898
14.800000 0.99999999999999988898
14.810000 0.99999999999999988898
14.820000 0.99999999999999988898
14.830000 0.99999999999999988898
14.840000 0.99999999999999988898
14.850000 1.00000000000000000000
14.860000 0.99999999999999988898
14.870000 0.99999999999999988898
14.880000 0.99999999999999988898
14.890000 0.99999999999999977796
14.900000 0.99999999999999988898
14.910000 1.00000000000000000000
14.920000 0.99999999999999988898
14.930000 0.99999999999999988898
14.940000 0.99999999999999988898
14.950000 0.99999999999999988898
14.960000 0.99999999999999988898
14.970000 0.99999999999999988898
14.980000 1.00000000000000000000
14.990000 0.99999999999999988898
15.000000 1.00000000000000000000
15.010000 1.00000000000000000000
15.020000 0.99999999999999988898
15.030000 0.99999999999999988898
15.040000 1.00000000000000000000
15.050000 0.99999999999999988898
15.060000 0.99999999999999988898
15.070000 0.99999999999999988898
15.080000 0.99999999999999977796
15.090000 0.99999999999999988898
15.100000 1.00000000000000000000
15.110000 0.99999999999999988898
15.120000 0.99999999999999988898
15.130000 1.00000000000000000000
15.140000 0.99999999999999988898
15.150000 0.99999999999999977796
15.160000 1.00000000000000000000
15.170000 0.99999999999999988898
15.180000 0.99999999999999988898
15.190000 0.99999999999999988898
15.200000 0.99999999999999988898
15.210000 0.99999999999999988898
15.220000 0.99999999999999988898
15.230000 0.99999999999999988898
15.240000 0.99999999999999988898
15.250000 0.99999999999999988898
15.260000 1.00000000000000000000
15.270000 0.99999999999999988898
15.280000 0.99999999999999988898
15.290000 0.99999999999999988898
15.300000 0.99999999999999988898
15.310000 0.99999999999999988898
15.320000 0.99999999999999988898
15.330000 1.00000000000000000000
15.340000 0.99999999999999988898
15.350000 1.00000000000000000000
15.360000 1.00000000000000000000
15.370000 0.99999999999999988898
15.380000 1.00000000000000000000
15.390000 0.99999999999999988898
15.400000 1.00000000000000000000
15.410000 1.00000000000000000000
15.420000 1.00000000000000000000
15.430000 0.99999999999999988898
15.440000 0.99999999999999988898
15.450000 0.99999999999999988898
15.460000 0.99999999999999988898
15.470000 0.99999999999999988898
15.480000 0.99999999999999988898
15.490000 0.99999999999999988898
15.500000 0.99999999999999988898
15.510000 1.00000000000000000000
15.520000 0.99999999999999988898
15.530000 0.99999999999999988898
15.540000 0.99999999999999988898
15.550000 0.99999999999999988898
15.560000 1.00000000000000000000
15.570000 0.99999999999999988898
15.580000 0.99999999999999988898
15.590000 0.99999999999999988898
15.600000 0.99999999999999988898
15.610000 0.99999999999999977796
15.620000 0.99999999999999988898
15.630000 0.99999999999999988898
15.640000 1.00000000000000000000
15.650000 0.99999999999999988898
15.660000 0.99999999999999988898
15.670000 1.00000000000000000000
15.680000 0.99999999999999988898
15.690000 0.99999999999999988898
15.700000 0.99999999999999988898
15.710000 0.99999999999999988898
15.720000 0.99999999999999988898
15.730000 1.00000000000000000000
15.740000 0.99999999999999988898
15.750000 0.99999999999999988898
15.760000 1.00000000000000000000
15.770000 1.00000000000000000000
15.780000 0.99999999999999988898
15.790000 0.99999999999999988898
15.800000 0.99999999999999988898
15.810000 0.99999999999999988898
15.820000 1.00000000000000000000
15.830000 0.99999999999999988898
15.840000 0.99999999999999988898
15.850000 0.99999999999999988898
15.860000 0.99999999999999988898
15.870000 0.99999999999999988898
15.880000 0.99999999999999988898
15.890000 1.00000000000000000000
15.900000 0.99999999999999988898
15.910000 1.00000000000000000000
15.920000 1.00000000000000000000
15.930000 0.99999999999999966693
15.940000 0.99999999999999955591
15.950000 0.99999999999999944489
15.960000 0.99999999999999944489
15.970000 0.99999999999999900080
15.980000 0.99999999999999900080
15.990000 0.99999999999999877875
16.000000 0.99999999999999855671
16.010000 0.99999999999999822364
16.020000 0.99999999999999789058
16.030000 0.99999999999999766853
16.040000 0.99999999999999722444
16.050000 0.99999999999999678035
16.060000 0.99999999999999644729
16.070000 0.99999999999999589217
16.080000 0.99999999999999544809
16.090000 0.99999999999999489297
16.100000 0.99999999999999444888
16.110000 0.99999999999999389377
16.120000 0.99999999999999367173
16.130000 0.99999999999999322764
16.140000 0.99999999999999278355
16.150000 0.99999999999999256151
16.160000 0.99999999999999222844
16.170000 0.99999999999999200639
16.180000 0.99999999999999211742
16.190000 0.99999999999999200639
16.200000 0.99999999999999211742
16.210000 0.99999999999999211742
16.220000 0.99999999999999222844
16.230000 0.99999999999999211742
16.240000 0.99999999999999233946
16.250000 0.99999999999999256151
16.260000 0.99999999999999289457
16.270000 0.99999999999999311662
16.280000 0.99999999999999333866
16.290000 0.99999999999999378275
16.300000 0.99999999999999378275
16.310000 0.99999999999999433786
16.320000 0.99999999999999455991
16.330000 0.99999999999999500400
16.340000 0.99999999999999544809
16.350000 0.99999999999999567013
16.360000 0.99999999999999589217
16.370000 0.99999999999999633626
16.380000 0.99999999999999666933
16.390000 0.99999999999999666933
16.400000 0.99999999999999689138
16.410000 0.99999999999999722444
16.420000 0.99999999999999733546
16.430000 0.99999999999999755751
16.440000 0.99999999999999755751
16.450000 0.99999999999999766853
16.460000 0.99999999999999789058
16.470000 0.99999999999999789058
16.480000 0.99999999999999800160
16.490000 0.99999999999999822364
16.500000 0.99999999999999822364
16.510000 0.99999999999999844569
16.520000 0.99999999999999822364
16.530000 0.99999999999999844569
16.540000 0.99999999999999844569
16.550000 0.99999999999999822364
16.560000 0.99999999999999844569
16.570000 0.99999999999999855671
16.580000 0.99999999999999844569
16.590000 0.99999999999999844569
16.600000 0.99999999999999844569
16.610000 0.99999999999999855671
16.620000 0.99999999999999855671
16.630000 0.99999999999999844569
16.640000 0.99999999999999844569
16.650000 0.99999999999999844569
16.660000 0.99999999999999844569
16.670000 0.99999999999999844569
16.680000 0.99999999999999844569
16.690000 0.99999999999999822364
16.700000 0.99999999999999822364
16.710000 0.99999999999999844569
16.720000 0.99999999999999844569
16.730000 0.99999999999999822364
16.740000 0.99999999999999822364
16.750000 0.99999999999999822364
16.760000 0.99999999999999822364
16.770000 0.99999999999999855671
16.780000 0.99999999999999844569
16.790000 0.99999999999999844569
16.800000 0.99999999999999822364
16.810000 0.99999999999999822364
16.820000 0.99999999999999822364
16.830000 0.99999999999999822364
16.840000 0.99999999999999822364
16.850000 0.99999999999999844569
16.860000 0.99999999999999822364
16.870000 0.99999999999999844569
16.880000 0.99999999999999822364
16.890000 0.99999999999999822364
16.900000 0.99999999999999822364
16.910000 0.99999999999999855671
16.920000 0.99999999999999844569
16.930000 0.99999999999999844569
16.940000 0.99999999999999844569
16.950000 0.99999999999999822364
16.960000 0.99999999999999855671
16.970000 0.99999999999999855671
16.980000 0.99999999999999822364
16.990000 0.99999999999999855671
17.000000 0.99999999999999855671
17.010000 0.99999999999999855671
17.020000 0.99999999999999855671
17.030000 0.99999999999999855671
17.040000 0.99999999999999866773
17.050000 0.99999999999999866773
17.060000 0.99999999999999855671
17.070000 0.99999999999999855671
17.080000 0.99999999999999855671
17.090000 0.99999999999999855671
17.100000 0.99999999999999855671
17.110000 0.99999999999999844569
17.120000 0.99999999999999855671
17.130000 0.99999999999999855671
17.140000 0.99999999999999844569
17.150000 0.99999999999999844569
17.160000 0.99999999999999855671
17.170000 0.99999999999999844569
17.180000 0.99999999999999844569
17.190000 0.99999999999999844569
17.200000 0.99999999999999844569
17.210000 0.99999999999999844569
17.220000 0.99999999999999844569
17.230000 0.99999999999999822364
17.240000 0.99999999999999822364
17.250000 0.99999999999999844569
17.260000 0.99999999999999855671
17.270000 0.99999999999999855671
17.280000 0.99999999999999844569
17.290000 0.99999999999999844569
17.300000 0.99999999999999855671
17.310000 0.99999999999999844569
17.320000 0.99999999999999844569
17.330000 0.99999999999999844569
17.340000 0.99999999999999822364
17.350000 0.99999999999999855671
17.360000 0.99999999999999844569
17.370000 0.99999999999999822364
17.380000 0.99999999999999844569
17.390000 0.99999999999999822364
17.400000 0.99999999999999844569
17.410000 0.99999999999999822364
17.420000 0.99999999999999822364
17.430000 0.99999999999999844569
17.440000 0.99999999999999822364
17.450000 0.99999999999999822364
17.460000 0.99999999999999822364
17.470000 0.99999999999999822364
17.480000 0.99999999999999811262
17.490000 0.99999999999999844569
17.500000 0.99999999999999822364
17.510000 0.99999999999999822364
17.520000 0.99999999999999844569
17.530000 0.99999999999999822364
17.540000 0.99999999999999844569
17.550000 0.99999999999999844569
17.560000 0.99999999999999844569
17.570000 0.99999999999999855671
17.580000 0.99999999999999844569
17.590000 0.99999999999999844569
17.600000 0.99999999999999844569
17.610000 0.99999999999999844569
17.620000 0.99999999999999822364
17.630000 0.99999999999999844569
17.640000 0.99999999999999822364
17.650000 0.99999999999999844569
17.660000 0.99999999999999844569
17.670000 0.99999999999999811262
17.680000 0.99999999999999855671
17.690000 0.99999999999999844569
17.700000 0.99999999999999855671
17.710000 0.99999999999999866773
17.720000 0.99999999999999855671
17.730000 0.99999999999999844569
17.740000 0.99999999999999855671
17.750000 0.99999999999999855671
17.760000 0.99999999999999844569
17.770000 0.99999999999999855671
17.780000 0.99999999999999855671
17.790000 0.99999999999999855671
17.800000 0.99999999999999855671
17.810000 0.99999999999999844569
17.820000 0.99999999999999844569
17.830000 0.99999999999999855671
17.840000 0.99999999999999855671
17.850000 0.99999999999999855671
17.860000 0.99999999999999844569
17.870000 0.99999999999999822364
17.880000 0.99999999999999855671
17.890000 0.99999999999999844569
17.900000 0.99999999999999844569
17.910000 0.99999999999999844569
17.920000 0.99999999999999844569
17.930000 0.99999999999999855671
17.940000 0.99999999999999855671
17.950000 0.99999999999999844569
17.960000 0.99999999999999855671
17.970000 0.99999999999999844569
17.980000 0.99999999999999844569
17.990000 0.99999999999999844569
18.000000 0.99999999999999844569
18.010000 0.99999999999999855671
18.020000 0.99999999999999855671
18.030000 0.99999999999999844569
18.040000 0.99999999999999844569
18.050000 0.99999999999999855671
18.060000 0.99999999999999822364
18.070000 0.99999999999999844569
18.080000 0.99999999999999844569
18.090000 0.99999999999999844569
18.100000 0.99999999999999855671
18.110000 0.99999999999999844569
18.120000 0.99999999999999844569
18.130000 0.99999999999999855671
18.140000 0.99999999999999822364
18.150000 0.99999999999999822364
18.160000 0.99999999999999811262
18.170000 0.99999999999999811262
18.180000 0.99999999999999822364
18.190000 0.99999999999999822364
18.200000 0.99999999999999844569
18.210000 0.99999999999999855671
18.220000 0.99999999999999822364
18.230000 0.99999999999999844569
18.240000 0.99999999999999844569
18.250000 0.99999999999999822364
18.260000 0.99999999999999844569
18.270000 0.99999999999999844569
18.280000 0.99999999999999822364
18.290000 0.99999999999999844569
18.300000 0.99999999999999866773
18.310000 0.99999999999999866773
18.320000 0.99999999999999866773
18.330000 0.99999999999999900080
18.340000 0.99999999999999900080
18.350000 0.99999999999999900080
18.360000 0.99999999999999900080
18.370000 0.99999999999999877875
18.380000 0.99999999999999877875
18.390000 0.99999999999999866773
18.400000 0.99999999999999855671
18.410000 0.99999999999999866773
18.420000 0.99999999999999855671
18.430000 0.99999999999999866773
18.440000 0.99999999999999866773
18.450000 0.99999999999999855671
18.460000 0.99999999999999877875
18.470000 0.99999999999999866773
18.480000 0.99999999999999855671
18.490000 0.99999999999999877875
18.500000 0.99999999999999855671
18.510000 0.99999999999999844569
18.520000 0.99999999999999855671
18.530000 0.99999999999999844569
18.540000 0.99999999999999844569
18.550000 0.99999999999999855671
18.560000 0.99999999999999855671
18.570000 0.99999999999999844569
18.580000 0.99999999999999822364
18.590000 0.99999999999999844569
18.600000 0.99999999999999822364
18.610000 0.99999999999999855671
18.620000 0.99999999999999844569
18.630000 0.99999999999999844569
18.640000 0.99999999999999855671
18.650000 0.99999999999999844569
18.660000 0.99999999999999844569
18.670000 0.99999999999999822364
18.680000 0.99999999999999844569
18.690000 0.99999999999999855671
18.700000 0.99999999999999877875
18.710000 0.99999999999999911182
18.720000 0.99999999999999911182
18.730000 0.99999999999999911182
18.740000 0.99999999999999911182
18.750000 0.99999999999999922284
18.760000 0.99999999999999911182
18.770000 0.99999999999999922284
18.780000 0.99999999999999922284
18.790000 0.99999999999999922284
18.800000 0.99999999999999933387
18.810000 0.99999999999999933387
18.820000 0.99999999999999944489
18.830000 0.99999999999999966693
18.840000 0.99999999999999966693
18.850000 0.99999999999999977796
18.860000 0.99999999999999977796
18.870000 0.99999999999999977796
18.880000 0.99999999999999988898
18.890000 0.99999999999999988898
18.900000 1.00000000000000000000
18.910000 1.00000000000000000000
18.920000 0.99999999999999988898
18.930000 0.99999999999999988898
18.940000 1.00000000000000000000
18.950000 1.00000000000000000000
18.960000 1.00000000000000022204
18.970000 1.00000000000000022204
18.980000 1.00000000000000000000
18.990000 1.00000000000000022204
19.000000 1.00000000000000022204
19.010000 1.00000000000000000000
19.020000 1.00000000000000022204
19.030000 1.00000000000000022204
19.040000 1.00000000000000000000
19.050000 1.00000000000000022204
19.060000 1.00000000000000022204
19.070000 1.00000000000000000000
19.080000 1.00000000000000022204
19.090000 1.00000000000000022204
19.100000 1.00000000000000022204
19.110000 1.00000000000000022204
19.120000 1.00000000000000022204
19.130000 1.00000000000000022204
19.140000 1.00000000000000022204
19.150000 1.00000000000000022204
19.160000 1.00000000000000022204
19.170000 1.00000000000000022204
19.180000 1.00000000000000000000
19.190000 1.00000000000000022204
19.200000 1.00000000000000022204
19.210000 1.00000000000000022204
19.220000 1.00000000000000022204
19.230000 1.00000000000000022204
19.240000 1.00000000000000022204
19.250000 1.00000000000000022204
19.260000 1.00000000000000022204
19.270000 1.00000000000000022204
19.280000 1.00000000000000022204
19.290000 1.00000000000000022204
19.300000 1.00000000000000022204
19.310000 1.00000000000000022204
19.320000 1.00000000000000000000
19.330000 1.00000000000000022204
19.340000 1.00000000000000022204
19.350000 1.00000000000000022204
19.360000 1.00000000000000022204
19.370000 1.00000000000000022204
19.380000 1.00000000000000022204
19.390000 1.00000000000000022204
19.400000 1.00000000000000000000
19.410000 1.00000000000000022204
19.420000 1.00000000000000022204
19.430000 1.00000000000000000000
19.440000 1.00000000000000022204
19.450000 1.00000000000000022204
19.460000 1.00000000000000022204
19.470000 1.00000000000000022204
19.480000 1.00000000000000022204
19.490000 1.00000000000000022204
19.500000 1.00000000000000022204
19.510000 1.00000000000000022204
19.520000 1.00000000000000022204
19.530000 1.00000000000000022204
19.540000 1.00000000000000022204
19.550000 1.00000000000000022204
19.560000 1.00000000000000022204
19.570000 1.00000000000000022204
19.580000 1.00000000000000022204
19.590000 1.00000000000000022204
19.600000 1.00000000000000022204
19.610000 1.00000000000000022204
19.620000 1.00000000000000000000
19.630000 1.00000000000000022204
19.640000 1.00000000000000022204
19.650000 1.00000000000000000000
19.660000 1.00000000000000022204
19.670000 1.00000000000000022204
19.680000 1.00000000000000000000
19.690000 1.00000000000000022204
19.700000 1.00000000000000022204
19.710000 1.00000000000000022204
19.720000 1.00000000000000022204
19.730000 1.00000000000000022204
19.740000 1.00000000000000022204
19.750000 1.00000000000000022204
19.760000 1.00000000000000022204
19.770000 1.00000000000000022204
19.780000 1.00000000000000022204
19.790000 1.00000000000000022204
19.800000 1.00000000000000022204
19.810000 1.00000000000000022204
19.820000 1.00000000000000022204
19.830000 1.00000000000000022204
19.840000 1.00000000000000000000
19.850000 1.00000000000000022204
19.860000 1.00000000000000022204
19.870000 1.00000000000000022204
19.880000 1.00000000000000022204
19.890000 1.00000000000000022204
19.900000 1.00000000000000000000
19.910000 1.00000000000000000000
19.920000 1.00000000000000022204
19.930000 1.00000000000000000000
19.940000 1.00000000000000022204
19.950000 1.00000000000000022204
19.960000 1.00000000000000022204
19.970000 1.00000000000000022204
19.980000 1.00000000000000022204
19.990000 1.00000000000000022204
20.000000 1.00000000000000022204
20.010000 1.00000000000000022204
20.020000 1.00000000000000000000
20.030000 1.00000000000000022204
20.040000 1.00000000000000022204
20.050000 1.00000000000000022204
20.060000 1.00000000000000022204
20.070000 1.00000000000000022204
20.080000 1.00000000000000022204
20.090000 1.00000000000000000000
20.100000 1.00000000000000022204
20.110000 1.00000000000000022204
20.120000 1.00000000000000000000
20.130000 1.00000000000000022204
20.140000 1.00000000000000022204
20.150000 1.00000000000000000000
20.160000 1.00000000000000000000
20.170000 1.00000000000000022204
20.180000 1.00000000000000000000
20.190000 1.00000000000000022204
20.200000 1.00000000000000022204
20.210000 1.00000000000000022204
20.220000 1.00000000000000022204
20.230000 1.00000000000000022204
20.240000 1.00000000000000000000
20.250000 1.00000000000000022204
20.260000 1.00000000000000022204
20.270000 1.00000000000000000000
20.280000 1.00000000000000022204
20.290000 1.00000000000000022204
20.300000 1.00000000000000022204
20.310000 1.00000000000000022204
20.320000 1.00000000000000022204
20.330000 1.00000000000000022204
20.340000 1.00000000000000022204
20.350000 1.00000000000000022204
20.360000 1.00000000000000022204
20.370000 1.00000000000000000000
20.380000 1.00000000000000022204
20.390000 1.00000000000000022204
20.400000 1.00000000000000000000
20.410000 1.00000000000000000000
20.420000 1.00000000000000022204
20.430000 1.00000000000000000000
20.440000 1.00000000000000022204
20.450000 1.00000000000000022204
20.460000 1.00000000000000022204
20.470000 1.00000000000000022204
20.480000 1.00000000000000022204
20.490000 1.00000000000000000000
20.500000 1.00000000000000022204
20.510000 1.00000000000000022204
20.520000 1.00000000000000000000
20.530000 1.00000000000000022204
20.540000 1.00000000000000022204
20.550000 1.00000000000000022204
20.560000 1.00000000000000022204
20.570000 1.00000000000000022204
20.580000 1.00000000000000022204
20.590000 1.00000000000000022204
20.600000 1.00000000000000022204
20.610000 1.00000000000000022204
20.620000 1.00000000000000000000
20.630000 1.00000000000000022204
20.640000 1.00000000000000022204
20.650000 1.00000000000000000000
20.660000 1.00000000000000022204
20.670000 1.00000000000000022204
20.680000 1.00000000000000022204
20.690000 1.00000000000000022204
20.700000 1.00000000000000022204
20.710000 1.00000000000000022204
20.720000 1.00000000000000022204
20.730000 1.00000000000000022204
20.740000 1.00000000000000000000
20.750000 1.00000000000000022204
20.760000 1.00000000000000022204
20.770000 1.00000000000000000000
20.780000 1.00000000000000022204
20.790000 1.00000000000000022204
20.800000 1.00000000000000022204
20.810000 1.00000000000000022204
20.820000 1.00000000000000022204
20.830000 1.00000000000000022204
20.840000 1.00000000000000022204
20.850000 1.00000000000000022204
20.860000 1.00000000000000022204
20.870000 1.00000000000000022204
20.880000 1.00000000000000022204
20.890000 1.00000000000000022204
20.900000 1.00000000000000022204
20.910000 1.00000000000000022204
20.920000 1.00000000000000022204
20.930000 1.00000000000000022204
20.940000 1.00000000000000022204
20.950000 1.00000000000000022204
20.960000 1.00000000000000000000
20.970000 1.00000000000000022204
20.980000 1.00000000000000022204
20.990000 1.00000000000000022204
21.000000 1.00000000000000022204
21.010000 1.00000000000000022204
21.020000 1.00000000000000000000
21.030000 1.00000000000000022204
21.040000 1.00000000000000022204
21.050000 1.00000000000000022204
21.060000 1.00000000000000022204
21.070000 1.00000000000000022204
21.080000 1.00000000000000022204
21.090000 1.00000000000000022204
21.100000 1.00000000000000022204
21.110000 1.00000000000000022204
21.120000 1.00000000000000022204
21.130000 1.00000000000000022204
21.140000 1.00000000000000022204
21.150000 1.00000000000000022204
21.160000 1.00000000000000000000
21.170000 1.00000000000000022204
21.180000 1.00000000000000022204
21.190000 1.00000000000000022204
21.200000 1.00000000000000022204
21.210000 1.00000000000000000000
21.220000 1.00000000000000022204
21.230000 1.00000000000000022204
21.240000 1.00000000000000000000
21.250000 1.00000000000000022204
21.260000 1.00000000000000022204
21.270000 1.00000000000000000000
21.280000 1.00000000000000022204
21.290000 1.00000000000000022204
21.300000 1.00000000000000022204
21.310000 1.00000000000000022204
21.320000 1.00000000000000022204
21.330000 1.00000000000000022204
21.340000 1.00000000000000022204
21.350000 1.00000000000000022204
21.360000 1.00000000000000022204
21.370000 1.00000000000000022204
21.380000 1.00000000000000000000
21.390000 1.00000000000000022204
21.400000 1.00000000000000022204
21.410000 1.00000000000000000000
21.420000 1.00000000000000022204
21.430000 1.00000000000000022204
21.440000 1.00000000000000022204
21.450000 1.00000000000000022204
21.460000 1.00000000000000000000
21.470000 1.00000000000000022204
21.480000 1.00000000000000022204
21.490000 1.00000000000000022204
21.500000 1.00000000000000022204
21.510000 1.00000000000000022204
21.520000 1.00000000000000000000
21.530000 1.00000000000000022204
21.540000 1.00000000000000022204
21.550000 1.00000000000000022204
21.560000 1.00000000000000022204
21.570000 1.00000000000000022204
21.580000 1.00000000000000022204
21.590000 1.00000000000000022204
21.600000 1.00000000000000000000
21.610000 1.00000000000000022204
21.620000 1.00000000000000022204
21.630000 1.00000000000000000000
21.640000 1.00000000000000022204
21.650000 1.00000000000000022204
21.660000 1.00000000000000000000
21.670000 1.00000000000000022204
21.680000 1.00000000000000022204
21.690000 1.00000000000000022204
21.700000 1.00000000000000022204
21.710000 1.00000000000000022204
21.720000 1.00000000000000022204
21.730000 1.00000000000000022204
21.740000 1.00000000000000000000
21.750000 1.00000000000000022204
21.760000 1.00000000000000022204
21.770000 1.00000000000000022204
21.780000 1.00000000000000022204
21.790000 1.00000000000000022204
21.800000 1.00000000000000022204
21.810000 1.00000000000000022204
21.820000 1.00000000000000000000
21.830000 1.00000000000000022204
21.840000 1.00000000000000022204
21.850000 1.00000000000000000000
21.860000 1.00000000000000000000
21.870000 1.00000000000000022204
21.880000 1.00000000000000000000
21.890000 1.00000000000000022204
21.900000 1.00000000000000022204
21.910000 1.00000000000000000000
21.920000 1.00000000000000022204
21.930000 1.00000000000000022204
21.940000 1.00000000000000022204
21.950000 1.00000000000000022204
21.960000 1.00000000000000022204
21.970000 1.00000000000000000000
21.980000 1.00000000000000022204
21.990000 1.00000000000000000000
22.000000 1.00000000000000022204
22.010000 1.00000000000000022204
22.020000 1.00000000000000022204
22.030000 1.00000000000000022204
22.040000 1.00000000000000022204
22.050000 1.00000000000000022204
22.060000 1.00000000000000022204
22.070000 1.00000000000000000000
22.080000 1.00000000000000022204
22.090000 1.00000000000000022204
22.100000 1.00000000000000000000
22.110000 1.00000000000000022204
22.120000 1.00000000000000022204
22.130000 1.00000000000000022204
22.140000 1.00000000000000022204
22.150000 1.00000000000000022204
22.160000 1.00000000000000000000
22.170000 1.00000000000000022204
22.180000 1.00000000000000022204
22.190000 1.00000000000000000000
22.200000 1.00000000000000022204
22.210000 1.00000000000000022204
22.220000 1.00000000000000000000
22.230000 1.00000000000000022204
22.240000 1.00000000000000000000
22.250000 1.00000000000000022204
22.260000 1.00000000000000000000
22.270000 1.00000000000000022204
22.280000 1.00000000000000022204
22.290000 1.00000000000000022204
22.300000 1.00000000000000022204
22.310000 1.00000000000000022204
22.320000 1.00000000000000000000
22.330000 1.00000000000000022204
22.340000 1.00000000000000022204
22.350000 1.00000000000000000000
22.360000 1.00000000000000022204
22.370000 1.00000000000000022204
22.380000 1.00000000000000000000
22.390000 1.00000000000000022204
22.400000 1.00000000000000022204
22.410000 1.00000000000000022204
22.420000 1.00000000000000022204
22.430000 1.00000000000000022204
22.440000 1.00000000000000000000
22.450000 1.00000000000000022204
22.460000 1.00000000000000022204
22.470000 1.00000000000000000000
22.480000 1.00000000000000022204
22.490000 1.00000000000000000000
22.500000 1.00000000000000022204
22.510000 1.00000000000000022204
22.520000 1.00000000000000022204
22.530000 1.00000000000000022204
22.540000 1.00000000000000022204
22.550000 1.00000000000000022204
22.560000 1.00000000000000022204
22.570000 1.00000000000000000000
22.580000 1.00000000000000000000
22.590000 1.00000000000000022204
22.600000 1.00000000000000000000
22.610000 1.00000000000000022204
22.620000 1.00000000000000022204
22.630000 1.00000000000000022204
22.640000 1.00000000000000022204
22.650000 1.00000000000000022204
22.660000 1.00000000000000022204
22.670000 1.00000000000000022204
22.680000 1.00000000000000022204
22.690000 1.00000000000000000000
22.700000 1.00000000000000022204
22.710000 1.00000000000000022204
22.720000 1.00000000000000000000
22.730000 1.00000000000000022204
22.740000 1.00000000000000022204
22.750000 1.00000000000000022204
22.760000 1.00000000000000000000
22.770000 1.00000000000000022204
22.780000 1.00000000000000022204
22.790000 1.00000000000000022204
22.800000 1.00000000000000022204
22.810000 1.00000000000000022204
22.820000 1.00000000000000000000
22.830000 1.00000000000000000000
22.840000 1.00000000000000022204
22.850000 1.00000000000000022204
22.860000 1.00000000000000022204
22.870000 1.00000000000000022204
22.880000 1.00000000000000022204
22.890000 1.00000000000000022204
22.900000 1.00000000000000022204
22.910000 1.00000000000000000000
22.920000 1.00000000000000022204
22.930000 1.00000000000000022204
22.940000 1.00000000000000000000
22.950000 1.00000000000000022204
22.960000 1.00000000000000022204
22.970000 1.00000000000000000000
22.980000 1.00000000000000022204
22.990000 1.00000000000000022204
23.000000 1.00000000000000000000
23.010000 1.00000000000000022204
23.020000 1.00000000000000022204
23.030000 1.00000000000000022204
23.040000 1.00000000000000022204
23.050000 1.00000000000000022204
23.060000 1.00000000000000022204
23.070000 1.00000000000000022204
23.080000 1.00000000000000022204
23.090000 1.00000000000000022204
23.100000 1.00000000000000022204
23.110000 1.00000000000000022204
23.120000 1.00000000000000022204
23.130000 1.00000000000000022204
23.140000 1.00000000000000022204
23.150000 1.00000000000000022204
23.160000 1.00000000000000000000
23.170000 1.00000000000000022204
23.180000 1.00000000000000022204
23.190000 1.00000000000000000000
23.200000 1.00000000000000022204
23.210000 1.00000000000000022204
23.220000 1.00000000000000000000
23.230000 1.00000000000000022204
23.240000 1.00000000000000022204
23.250000 1.00000000000000000000
23.260000 1.00000000000000022204
23.270000 1.00000000000000022204
23.280000 1.00000000000000022204
23.290000 1.00000000000000022204
23.300000 1.00000000000000022204
23.310000 1.00000000000000022204
23.320000 1.00000000000000022204
23.330000 1.00000000000000022204
23.340000 1.00000000000000022204
23.350000 1.00000000000000022204
23.360000 1.00000000000000000000
23.370000 1.00000000000000022204
23.380000 1.00000000000000022204
23.390000 1.00000000000000022204
23.400000 1.00000000000000022204
23.410000 1.00000000000000022204
23.420000 1.00000000000000022204
23.430000 1.00000000000000022204
23.440000 1.00000000000000000000
23.450000 1.00000000000000022204
23.460000 1.00000000000000022204
23.470000 1.00000000000000022204
23.480000 1.00000000000000022204
23.490000 1.00000000000000022204
23.500000 1.00000000000000000000
23.510000 1.00000000000000022204
23.520000 1.00000000000000022204
23.530000 1.00000000000000022204
23.540000 1.00000000000000022204
23.550000 1.00000000000000022204
23.560000 1.00000000000000022204
23.570000 1.00000000000000022204
23.580000 1.00000000000000022204
23.590000 1.00000000000000022204
23.600000 1.00000000000000022204
23.610000 1.00000000000000000000
23.620000 1.00000000000000022204
23.630000 1.00000000000000022204
23.640000 1.00000000000000022204
23.650000 1.00000000000000022204
23.660000 1.00000000000000000000
23.670000 1.00000000000000022204
23.680000 1.00000000000000022204
23.690000 1.00000000000000000000
23.700000 1.00000000000000022204
23.710000 1.00000000000000022204
23.720000 1.00000000000000022204
23.730000 1.00000000000000022204
23.740000 1.00000000000000022204
23.750000 1.00000000000000000000
23.760000 1.00000000000000022204
23.770000 1.00000000000000022204
23.780000 1.00000000000000022204
23.790000 1.00000000000000022204
23.800000 1.00000000000000000000
23.810000 1.00000000000000022204
23.820000 1.00000000000000022204
23.830000 1.00000000000000000000
23.840000 1.00000000000000022204
23.850000 1.00000000000000022204
23.860000 1.00000000000000022204
23.870000 1.00000000000000022204
23.880000 1.00000000000000022204
23.890000 1.00000000000000022204
23.900000 1.00000000000000022204
23.910000 1.00000000000000022204
23.920000 1.00000000000000022204
23.930000 1.00000000000000022204
23.940000 1.00000000000000000000
23.950000 1.00000000000000000000
23.960000 1.00000000000000022204
23.970000 1.00000000000000022204
23.980000 1.00000000000000022204
23.990000 1.00000000000000022204
24.000000 1.00000000000000000000
24.010000 1.00000000000000022204
24.020000 1.00000000000000000000
24.030000 1.00000000000000022204
24.040000 1.00000000000000022204
24.050000 1.00000000000000000000
24.060000 1.00000000000000022204
24.070000 1.00000000000000022204
24.080000 1.00000000000000000000
24.090000 1.00000000000000022204
24.100000 1.00000000000000022204
24.110000 1.00000000000000000000
24.120000 1.00000000000000022204
24.130000 1.00000000000000022204
24.140000 1.00000000000000022204
24.150000 1.00000000000000022204
24.160000 1.00000000000000022204
24.170000 1.00000000000000022204
24.180000 1.00000000000000022204
24.190000 1.00000000000000000000
24.200000 1.00000000000000022204
24.210000 1.00000000000000022204
24.220000 1.00000000000000022204
24.230000 1.00000000000000022204
24.240000 1.00000000000000000000
24.250000 1.00000000000000000000
24.260000 1.00000000000000022204
24.270000 1.00000000000000000000
24.280000 1.00000000000000022204
24.290000 1.00000000000000022204
24.300000 1.00000000000000000000
24.310000 1.00000000000000022204
24.320000 1.00000000000000022204
24.330000 1.00000000000000000000
24.340000 1.00000000000000022204
24.350000 1.00000000000000022204
24.360000 1.00000000000000000000
24.370000 1.00000000000000022204
24.380000 1.00000000000000022204
24.390000 1.00000000000000000000
24.400000 1.00000000000000022204
24.410000 1.00000000000000022204
24.420000 1.00000000000000022204
24.430000 1.00000000000000022204
24.440000 1.00000000000000022204
24.450000 1.00000000000000000000
24.460000 1.00000000000000022204
24.470000 1.00000000000000022204
24.480000 1.00000000000000022204
24.490000 1.00000000000000022204
24.500000 1.00000000000000022204
24.510000 1.00000000000000022204
24.520000 1.00000000000000000000
24.530000 1.00000000000000022204
24.540000 1.00000000000000022204
24.550000 1.00000000000000000000
24.560000 1.00000000000000022204
24.570000 1.00000000000000022204
24.580000 1.00000000000000000000
24.590000 1.00000000000000022204
24.600000 1.00000000000000022204
24.610000 1.00000000000000000000
24.620000 1.00000000000000022204
24.630000 1.00000000000000022204
24.640000 1.00000000000000000000
24.650000 1.00000000000000022204
24.660000 1.00000000000000022204
24.670000 1.00000000000000022204
24.680000 1.00000000000000022204
24.690000 1.00000000000000022204
24.700000 1.00000000000000000000
24.710000 1.00000000000000000000
24.720000 1.00000000000000022204
24.730000 1.00000000000000022204
24.740000 1.00000000000000000000
24.750000 1.00000000000000022204
24.760000 1.00000000000000022204
24.770000 1.00000000000000000000
24.780000 1.00000000000000022204
24.790000 1.00000000000000022204
24.800000 1.00000000000000000000
24.810000 1.00000000000000022204
24.820000 1.00000000000000022204
24.830000 1.00000000000000000000
24.840000 1.00000000000000022204
24.850000 1.00000000000000022204
24.860000 1.00000000000000000000
24.870000 1.00000000000000022204
24.880000 1.00000000000000022204
24.890000 1.00000000000000000000
24.900000 1.00000000000000022204
24.910000 1.00000000000000022204
24.920000 1.00000000000000022204
24.930000 1.00000000000000022204
24.940000 1.00000000000000022204
24.950000 1.00000000000000000000
24.960000 1.00000000000000022204
24.970000 1.00000000000000022204
24.980000 1.00000000000000022204
24.990000 1.00000000000000000000
25.000000 1.00000000000000022204
25.010000 1.00000000000000022204
25.020000 1.00000000000000000000
25.030000 1.00000000000000022204
25.040000 1.00000000000000022204
25.050000 1.00000000000000022204
25.060000 1.00000000000000022204
25.070000 1.00000000000000022204
25.080000 1.00000000000000000000
25.090000 1.00000000000000022204
25.100000 1.00000000000000022204
25.110000 1.00000000000000022204
25.120000 1.00000000000000022204
25.130000 1.00000000000000022204
25.140000 1.00000000000000000000
25.150000 1.00000000000000022204
25.160000 1.00000000000000022204
25.170000 1.00000000000000022204
25.180000 1.00000000000000022204
25.190000 1.00000000000000022204
25.200000 1.00000000000000000000
25.210000 1.00000000000000022204
25.220000 1.00000000000000022204
25.230000 1.00000000000000022204
25.240000 1.00000000000000000000
25.250000 1.00000000000000022204
25.260000 1.00000000000000022204
25.270000 1.00000000000000022204
25.280000 1.00000000000000022204
25.290000 1.00000000000000022204
25.300000 1.00000000000000022204
25.310000 1.00000000000000022204
25.320000 1.00000000000000022204
25.330000 1.00000000000000022204
25.340000 1.00000000000000022204
25.350000 1.00000000000000022204
25.360000 1.00000000000000022204
25.370000 1.00000000000000022204
25.380000 1.00000000000000022204
25.390000 1.00000000000000022204
25.400000 1.00000000000000022204
25.410000 1.00000000000000022204
25.420000 1.00000000000000022204
25.430000 1.00000000000000022204
25.440000 1.00000000000000022204
25.450000 1.00000000000000022204
25.460000 1.00000000000000022204
25.470000 1.00000000000000022204
25.480000 1.00000000000000022204
25.490000 1.00000000000000022204
25.500000 1.00000000000000022204
25.510000 1.00000000000000022204
25.520000 1.00000000000000022204
25.530000 1.00000000000000022204
25.540000 1.00000000000000022204
25.550000 1.00000000000000022204
25.560000 1.00000000000000022204
25.570000 1.00000000000000022204
25.580000 1.00000000000000000000
25.590000 1.00000000000000022204
25.600000 1.00000000000000022204
25.610000 1.00000000000000022204
25.620000 1.00000000000000022204
25.630000 1.00000000000000022204
25.640000 1.00000000000000000000
25.650000 1.00000000000000022204
25.660000 1.00000000000000022204
25.670000 1.00000000000000022204
25.680000 1.00000000000000022204
25.690000 1.00000000000000022204
25.700000 1.00000000000000022204
25.710000 1.00000000000000022204
25.720000 1.00000000000000022204
25.730000 1.00000000000000022204
25.740000 1.00000000000000022204
25.750000 1.00000000000000022204
25.760000 1.00000000000000022204
25.770000 1.00000000000000022204
25.780000 1.00000000000000000000
25.790000 1.00000000000000022204
25.800000 1.00000000000000022204
25.810000 1.00000000000000022204
25.820000 1.00000000000000022204
25.830000 1.00000000000000000000
25.840000 1.00000000000000022204
25.850000 1.00000000000000022204
25.860000 1.00000000000000022204
25.870000 1.00000000000000022204
25.880000 1.00000000000000022204
25.890000 1.00000000000000022204
25.900000 1.00000000000000022204
25.910000 1.00000000000000022204
25.920000 1.00000000000000000000
25.930000 1.00000000000000022204
25.940000 1.00000000000000022204
25.950000 1.00000000000000022204
25.960000 1.00000000000000022204
25.970000 1.00000000000000022204
25.980000 1.00000000000000022204
25.990000 1.00000000000000022204
26.000000 1.00000000000000000000
26.010000 1.00000000000000022204
26.020000 1.00000000000000022204
26.030000 1.00000000000000000000
26.040000 1.00000000000000000000
26.050000 1.00000000000000022204
26.060000 1.00000000000000022204
26.070000 1.00000000000000022204
26.080000 1.00000000000000000000
26.090000 1.00000000000000022204
26.100000 1.00000000000000022204
26.110000 1.00000000000000022204
26.120000 1.00000000000000022204
26.130000 1.00000000000000022204
26.140000 1.00000000000000022204
26.150000 1.00000000000000022204
26.160000 1.00000000000000022204
26.170000 1.00000000000000000000
26.180000 1.00000000000000022204
26.190000 1.00000000000000022204
26.200000 1.00000000000000000000
26.210000 1.00000000000000022204
26.220000 1.00000000000000000000
26.230000 1.00000000000000022204
26.240000 1.00000000000000022204
26.250000 1.00000000000000000000
26.260000 1.00000000000000022204
26.270000 1.00000000000000022204
26.280000 1.00000000000000000000
26.290000 1.00000000000000022204
26.300000 1.00000000000000022204
26.310000 1.00000000000000022204
26.320000 1.00000000000000022204
26.330000 1.00000000000000022204
26.340000 1.00000000000000000000
26.350000 1.00000000000000022204
26.360000 1.00000000000000022204
26.370000 1.00000000000000022204
26.380000 1.00000000000000022204
26.390000 1.00000000000000022204
26.400000 1.00000000000000022204
26.410000 1.00000000000000022204
26.420000 1.00000000000000000000
26.430000 1.00000000000000022204
26.440000 1.00000000000000000000
26.450000 1.00000000000000022204
26.460000 1.00000000000000022204
26.470000 1.00000000000000022204
26.480000 1.00000000000000022204
26.490000 1.00000000000000022204
26.500000 1.00000000000000000000
26.510000 1.00000000000000022204
26.520000 1.00000000000000022204
26.530000 1.00000000000000000000
26.540000 1.00000000000000022204
26.550000 1.00000000000000022204
26.560000 1.00000000000000022204
26.570000 1.00000000000000022204
26.580000 1.00000000000000022204
26.590000 1.00000000000000000000
26.600000 1.00000000000000022204
26.610000 1.00000000000000022204
26.620000 1.00000000000000000000
26.630000 1.00000000000000022204
26.640000 1.00000000000000022204
26.650000 1.00000000000000022204
26.660000 1.00000000000000022204
26.670000 1.00000000000000000000
26.680000 1.00000000000000022204
26.690000 1.00000000000000000000
26.700000 1.00000000000000022204
26.710000 1.00000000000000022204
26.720000 1.00000000000000022204
26.730000 1.00000000000000022204
26.740000 1.00000000000000022204
26.750000 1.00000000000000000000
26.760000 1.00000000000000022204
26.770000 1.00000000000000022204
26.780000 1.00000000000000000000
26.790000 1.00000000000000022204
26.800000 1.00000000000000022204
26.810000 1.00000000000000000000
26.820000 1.00000000000000022204
26.830000 1.00000000000000022204
26.840000 1.00000000000000022204
26.850000 1.00000000000000022204
26.860000 1.00000000000000022204
26.870000 1.00000000000000000000
26.880000 1.00000000000000022204
26.890000 1.00000000000000022204
26.900000 1.00000000000000022204
26.910000 1.00000000000000022204
26.920000 1.00000000000000022204
26.930000 1.00000000000000022204
26.940000 1.00000000000000000000
26.950000 1.00000000000000022204
26.960000 1.00000000000000022204
26.970000 1.00000000000000022204
26.980000 1.00000000000000022204
26.990000 1.00000000000000022204
27.000000 1.00000000000000000000
27.010000 1.00000000000000022204
27.020000 1.00000000000000022204
27.030000 1.00000000000000000000
27.040000 1.00000000000000022204
27.050000 1.00000000000000022204
27.060000 1.00000000000000000000
27.070000 1.00000000000000022204
27.080000 1.00000000000000022204
27.090000 1.00000000000000022204
27.100000 1.00000000000000022204
27.110000 1.00000000000000022204
27.120000 1.00000000000000000000
27.130000 1.00000000000000022204
27.140000 1.00000000000000022204
27.150000 1.00000000000000022204
27.160000 1.00000000000000022204
27.170000 1.00000000000000022204
27.180000 1.00000000000000022204
27.190000 1.00000000000000022204
27.200000 1.00000000000000022204
27.210000 1.00000000000000022204
27.220000 1.00000000000000022204
27.230000 1.00000000000000022204
27.240000 1.00000000000000022204
27.250000 1.00000000000000022204
27.260000 1.00000000000000022204
27.270000 1.00000000000000022204
27.280000 1.00000000000000000000
27.290000 1.00000000000000022204
27.300000 1.00000000000000022204
27.310000 1.00000000000000000000
27.320000 1.00000000000000022204
27.330000 1.00000000000000022204
27.340000 1.00000000000000000000
27.350000 1.00000000000000022204
27.360000 1.00000000000000022204
27.370000 1.00000000000000000000
27.380000 1.00000000000000022204
27.390000 1.00000000000000022204
27.400000 1.00000000000000022204
27.410000 1.00000000000000022204
27.420000 1.00000000000000022204
27.430000 1.00000000000000022204
27.440000 1.00000000000000022204
27.450000 1.00000000000000022204
27.460000 1.00000000000000022204
27.470000 1.00000000000000022204
27.480000 1.00000000000000022204
27.490000 1.00000000000000022204
27.500000 1.00000000000000022204
27.510000 1.00000000000000022204
27.520000 1.00000000000000022204
27.530000 1.00000000000000000000
27.540000 1.00000000000000000000
27.550000 1.00000000000000022204
27.560000 1.00000000000000000000
27.570000 1.00000000000000022204
27.580000 1.00000000000000022204
27.590000 1.00000000000000000000
27.600000 1.00000000000000022204
27.610000 1.00000000000000022204
27.620000 1.00000000000000000000
27.630000 1.00000000000000022204
27.640000 1.00000000000000022204
27.650000 1.00000000000000022204
27.660000 1.00000000000000022204
27.670000 1.00000000000000022204
27.680000 1.00000000000000022204
27.690000 1.00000000000000022204
27.700000 1.00000000000000022204
27.710000 1.00000000000000022204
27.720000 1.00000000000000022204
27.730000 1.00000000000000022204
27.740000 1.00000000000000022204
27.750000 1.00000000000000022204
27.760000 1.00000000000000022204
27.770000 1.00000000000000022204
27.780000 1.00000000000000022204
27.790000 1.00000000000000000000
27.800000 1.00000000000000022204
27.810000 1.00000000000000022204
27.820000 1.00000000000000022204
27.830000 1.00000000000000022204
27.840000 1.00000000000000000000
27.850000 1.00000000000000022204
27.860000 1.00000000000000022204
27.870000 1.00000000000000000000
27.880000 1.00000000000000022204
27.890000 1.00000000000000022204
27.900000 1.00000000000000022204
27.910000 1.00000000000000022204
27.920000 1.00000000000000022204
27.930000 1.00000000000000022204
27.940000 1.00000000000000022204
27.950000 1.00000000000000022204
27.960000 1.00000000000000022204
27.970000 1.00000000000000022204
27.980000 1.00000000000000000000
27.990000 1.00000000000000022204
28.000000 1.00000000000000022204
28.010000 1.00000000000000022204
28.020000 1.00000000000000022204
28.030000 1.00000000000000022204
28.040000 1.00000000000000000000
28.050000 1.00000000000000022204
28.060000 1.00000000000000000000
28.070000 1.00000000000000022204
28.080000 1.00000000000000022204
28.090000 1.00000000000000022204
28.100000 1.00000000000000022204
28.110000 1.00000000000000022204
28.120000 1.00000000000000000000
28.130000 1.00000000000000022204
28.140000 1.00000000000000022204
28.150000 1.00000000000000022204
28.160000 1.00000000000000022204
28.170000 1.00000000000000022204
28.180000 1.00000000000000022204
28.190000 1.00000000000000022204
28.200000 1.00000000000000000000
28.210000 1.00000000000000022204
28.220000 1.00000000000000022204
28.230000 1.00000000000000000000
28.240000 1.00000000000000022204
28.250000 1.00000000000000022204
28.260000 1.00000000000000022204
28.270000 1.00000000000000022204
28.280000 1.00000000000000022204
28.290000 1.00000000000000000000
28.300000 1.00000000000000022204
28.310000 1.00000000000000022204
28.320000 1.00000000000000022204
28.330000 1.00000000000000022204
28.340000 1.00000000000000022204
28.350000 1.00000000000000022204
28.360000 1.00000000000000022204
28.370000 1.00000000000000000000
28.380000 1.00000000000000000000
28.390000 1.00000000000000022204
28.400000 1.00000000000000022204
28.410000 1.00000000000000022204
28.420000 1.00000000000000000000
28.430000 1.00000000000000022204
28.440000 1.00000000000000022204
28.450000 1.00000000000000000000
28.460000 1.00000000000000022204
28.470000 1.00000000000000022204
28.480000 1.00000000000000022204
28.490000 1.00000000000000022204
28.500000 1.00000000000000022204
28.510000 1.00000000000000022204
28.520000 1.00000000000000022204
28.530000 1.00000000000000022204
28.540000 1.00000000000000022204
28.550000 1.00000000000000022204
28.560000 1.00000000000000022204
28.570000 1.00000000000000022204
28.580000 1.00000000000000022204
28.590000 1.00000000000000022204
28.600000 1.00000000000000022204
28.610000 1.00000000000000022204
28.620000 1.00000000000000000000
28.630000 1.00000000000000022204
28.640000 1.00000000000000000000
28.650000 1.00000000000000022204
28.660000 1.00000000000000022204
28.670000 1.00000000000000000000
28.680000 1.00000000000000022204
28.690000 1.00000000000000022204
28.700000 1.00000000000000000000
28.710000 1.00000000000000000000
28.720000 1.00000000000000022204
28.730000 1.00000000000000000000
28.740000 1.00000000000000022204
28.750000 1.00000000000000022204
28.760000 1.00000000000000022204
28.770000 1.00000000000000022204
28.780000 1.00000000000000022204
28.790000 1.00000000000000000000
28.800000 1.00000000000000022204
28.810000 1.00000000000000022204
28.820000 1.00000000000000022204
28.830000 1.00000000000000022204
28.840000 1.00000000000000022204
28.850000 1.00000000000000022204
28.860000 1.00000000000000022204
28.870000 1.00000000000000022204
28.880000 1.00000000000000000000
28.890000 1.00000000000000022204
28.900000 1.00000000000000022204
28.910000 1.00000000000000022204
28.920000 1.00000000000000000000
28.930000 1.00000000000000022204
28.940000 1.00000000000000022204
28.950000 1.00000000000000000000
28.960000 1.00000000000000000000
28.970000 1.00000000000000022204
28.980000 1.00000000000000000000
28.990000 1.00000000000000022204
29.000000 1.00000000000000022204
29.010000 1.00000000000000000000
29.020000 1.00000000000000022204
29.030000 1.00000000000000022204
29.040000 1.00000000000000000000
29.050000 1.00000000000000022204
29.060000 1.00000000000000022204
29.070000 1.00000000000000000000
29.080000 1.00000000000000022204
29.090000 1.00000000000000022204
29.100000 1.00000000000000022204
29.110000 1.00000000000000022204
29.120000 1.00000000000000022204
29.130000 1.00000000000000000000
29.140000 1.00000000000000022204
29.150000 1.00000000000000022204
29.160000 1.00000000000000022204
29.170000 1.00000000000000000000
29.180000 1.00000000000000022204
29.190000 1.00000000000000022204
29.200000 1.00000000000000000000
29.210000 1.00000000000000022204
29.220000 1.00000000000000022204
29.230000 1.00000000000000022204
29.240000 1.00000000000000022204
29.250000 1.00000000000000022204
29.260000 1.00000000000000000000
29.270000 1.00000000000000022204
29.280000 1.00000000000000022204
29.290000 1.00000000000000022204
29.300000 1.00000000000000022204
29.310000 1.00000000000000022204
29.320000 1.00000000000000000000
29.330000 1.00000000000000022204
29.340000 1.00000000000000022204
29.350000 1.00000000000000022204
29.360000 1.00000000000000022204
29.370000 1.00000000000000022204
29.380000 1.00000000000000000000
29.390000 1.00000000000000022204
29.400000 1.00000000000000022204
29.410000 1.00000000000000022204
29.420000 1.00000000000000000000
29.430000 1.00000000000000022204
29.440000 1.00000000000000022204
29.450000 1.00000000000000022204
29.460000 1.00000000000000022204
29.470000 1.00000000000000022204
29.480000 1.00000000000000022204
29.490000 1.00000000000000022204
29.500000 1.00000000000000022204
29.510000 1.00000000000000022204
29.520000 1.00000000000000022204
29.530000 1.00000000000000022204
29.540000 1.00000000000000022204
29.550000 1.00000000000000022204
29.560000 1.00000000000000022204
29.570000 1.00000000000000000000
29.580000 1.00000000000000022204
29.590000 1.00000000000000022204
29.600000 1.00000000000000022204
29.610000 1.00000000000000022204
29.620000 1.00000000000000022204
29.630000 1.00000000000000022204
29.640000 1.00000000000000022204
29.650000 1.00000000000000022204
29.660000 1.00000000000000022204
29.670000 1.00000000000000022204
29.680000 1.00000000000000022204
29.690000 1.00000000000000022204
29.700000 1.00000000000000022204
29.710000 1.00000000000000022204
29.720000 1.00000000000000022204
29.730000 1.00000000000000022204
29.740000 1.00000000000000022204
29.750000 1.00000000000000022204
29.760000 1.00000000000000000000
29.770000 1.00000000000000022204
29.780000 1.00000000000000022204
29.790000 1.00000000000000022204
29.800000 1.00000000000000022204
29.810000 1.00000000000000022204
29.820000 1.00000000000000000000
29.830000 1.00000000000000022204
29.840000 1.00000000000000022204
29.850000 1.00000000000000022204
29.860000 1.00000000000000022204
29.870000 1.00000000000000022204
29.880000 1.00000000000000000000
29.890000 1.00000000000000022204
29.900000 1.00000000000000022204
29.910000 1.00000000000000022204
29.920000 1.00000000000000022204
29.930000 1.00000000000000022204
29.940000 1.00000000000000022204
29.950000 1.00000000000000022204
29.960000 1.00000000000000000000
29.970000 1.00000000000000022204
29.980000 1.00000000000000022204
29.990000 1.00000000000000022204
30.000000 1.00000000000000022204
